246,a.link-secondary:nth-child(2),a.h6:nth-child(3),a.link-secondary:nth-child(4),a.link-secondary:nth-child(5),.flex-wrap > .h4,,246,"#client-body > div.main-wrapper > div.main-wrapper-body.container.mt-4 > div > div.main-wrapper-body-details-top-section > div.series-image-section.pb-3 > div > div > img
#carouselSeriesImage > div > div > div > div > div.d-flex.justify-content-center.align-items-center.card-body-img > div > img",.series-info-section > .mt-4,".h3 > .h3
h3.h3",/html/body/div[3]/div[2]/div/div[3]/div[2]/div[2]/div/div/div/div[6]/div/div/div[1]/div/table,"//div[@aria-label=""Page 2""]","//div[@aria-label=""Page 3""]",,,<h2>,,,,,,
Link,Category,Hãng,,Series,Model,Title,Datasheet URL,Path,Description,Features,Tech1,Tech 2,Tech 3,Thông số kỹ thuật,sapo,Meta,Status-meta,ID Cat,ID Brand,Sản phẩm cùng Series,Chữ ký,Content
https://www.newland-id.com/en/products/protection-handling/nls-hs-mt-001,protection-handling,Newland,,,NLS-HS-MT-001,NLS-HS-MT-001 Hand Strap for MT93xx and MT9557 series,https://www.newland-id.com/datasheets/601/nls-hs-mt-001-hand-strap-for-mt93xx-and-mt9557-series.pdf,https://newlandemea.katanapim.com/content/images/thumbs/000/0000621_NLS-HS-MT-001.png,"Contact us today and start making your processes easier, faster and more intuitive!","Accessories Standard: Mounting screws
Part Number: Description
NLS-HS-MT-001: Hand Strap including mounting screws for the MT93xx and MT9557 series",protection-handling,,,"<table class=""Table_Products_Style"">
<thead>
<tr>
<th>Thông số kỹ thuật</th>
<th>Chi tiết</th>
</tr>
</thead>
<tbody>
<tr><td>Accessories Standard</td><td>Mounting screws</td></tr>
<tr><td>Part Number</td><td>Description</td></tr>
<tr><td>NLS-HS-MT-001</td><td>Hand Strap including mounting screws for the MT93xx and MT9557 series</td></tr>
</tbody>
</table>",,,,,,,,
https://www.newland-id.com/en/products/protection-handling/nls-hs-mt9557,protection-handling,Newland,,,NLS-HS-MT9557,NLS-HS-MT9557 Hand Strap for MT95 Pro III,https://www.newland-id.com/datasheets/588/nls-hs-mt9557-hand-strap-for-mt95-pro-iii.pdf,https://newlandemea.katanapim.com/content/images/thumbs/000/0000621_NLS-HS-MT-001.png,Hand Strap including mounting screws for MT9557 series,"Accessories Standard: Mounting screws
Part Number: Description
NLS-HS-MT9557: Hand Strap including mounting screws for MT9557 series",base-stations,,,"<table class=""Table_Products_Style"">
<thead>
<tr>
<th>Thông số kỹ thuật</th>
<th>Chi tiết</th>
</tr>
</thead>
<tbody>
<tr><td>Accessories Standard</td><td>Mounting screws</td></tr>
<tr><td>Part Number</td><td>Description</td></tr>
<tr><td>NLS-HS-MT9557</td><td>Hand Strap including mounting screws for MT9557 series</td></tr>
</tbody>
</table>",,,,,,,,
https://www.newland-id.com/en/products/base-stations/nls-ccsm-01,base-stations,Newland,,,NLS-CCSM-01,NLS-CCSM-01 Heavy Duty Suction for Car Cradle,https://www.newland-id.com/datasheets/587/nls-ccsm-01-heavy-duty-suction-for-car-cradle.pdf,https://newlandemea.katanapim.com/content/images/thumbs/000/0000689_nls-ccsm-01.png,"Contact us today and start making your processes easier, faster and more intuitive!","Dimensions: 190 mm
Warranty Standard: 3 Months
Part Number: Description",peripherals,,,"<table class=""Table_Products_Style"">
<thead>
<tr>
<th>Thông số kỹ thuật</th>
<th>Chi tiết</th>
</tr>
</thead>
<tbody>
<tr><td>Dimensions</td><td>190 mm</td></tr>
<tr><td>Warranty Standard</td><td>3 Months</td></tr>
<tr><td>Part Number</td><td>Description</td></tr>
<tr><td>NLS-CCSM-01</td><td>Heavy duty suction mounting kit 190mm total lenght, AMPS holes, for NLS-CC-MT93-01 and NLS-CC-MT95-01; including 4 X Screws and 4 X Hexagon nut</td></tr>
</tbody>
</table>",,,,,,,,
https://www.newland-id.com/en/products/base-stations/nls-cc-mt95-01,base-stations,Newland,,,NLS-CC-MT95-01,NLS-CC-MT95-01 Car Cradle for MT95 Pro III,https://www.newland-id.com/datasheets/586/nls-cc-mt95-01-car-cradle-for-mt95-pro-iii.pdf,https://newlandemea.katanapim.com/content/images/thumbs/000/0000772_nls-cc-mt95-01-1.png,"Contact us today and start making your processes easier, faster and more intuitive!","Warranty Standard: 6 Months
Part Number: Description
NLS-CC-MT95-01: Car cradle with Pogo-Pin charging, Pigtail 6-Pin Molex Connector (length 12cm), incl. Tilt Swivel (no connection cable included; order NLS-CPA-CCMT93-01 or NLS-DCC-CCMT93-01 separately) for Newland MT95",mobile-computers,,,"<table class=""Table_Products_Style"">
<thead>
<tr>
<th>Thông số kỹ thuật</th>
<th>Chi tiết</th>
</tr>
</thead>
<tbody>
<tr><td>Warranty Standard</td><td>6 Months</td></tr>
<tr><td>Part Number</td><td>Description</td></tr>
<tr><td>NLS-CC-MT95-01</td><td>Car cradle with Pogo-Pin charging, Pigtail 6-Pin Molex Connector (length 12cm), incl. Tilt Swivel (no connection cable included; order NLS-CPA-CCMT93-01 or NLS-DCC-CCMT93-01 separately) for Newland MT95</td></tr>
</tbody>
</table>",,,,,,,,
https://www.newland-id.com/en/products/protection-handling/nls-sp-mt9557,protection-handling,Newland,,,NLS-SP-MT9557,NLS-SP-MT9557 Glass Screen Protector for MT9557,https://www.newland-id.com/datasheets/581/nls-sp-mt9557-glass-screen-protector-for-mt9557.pdf,https://newlandemea.katanapim.com/content/images/thumbs/000/0000644_screen_protector.png,"Contact us today and start making your processes easier, faster and more intuitive!","Part Number: Description
NLS-SP-MT9557: Glass Screen Protector for MT9557 series",cables,,,"<table class=""Table_Products_Style"">
<thead>
<tr>
<th>Thông số kỹ thuật</th>
<th>Chi tiết</th>
</tr>
</thead>
<tbody>
<tr><td>Part Number</td><td>Description</td></tr>
<tr><td>NLS-SP-MT9557</td><td>Glass Screen Protector for MT9557 series</td></tr>
</tbody>
</table>",,,,,,,,
https://www.newland-id.com/en/products/base-stations/nls-mcd9557-1c,base-stations,Newland,,,NLS-MCD9557-1C,NLS-MCD9557-1C Charging Cradle for MT9557,https://www.newland-id.com/datasheets/580/nls-mcd9557-1c-charging-cradle-for-mt9557.pdf,https://newlandemea.katanapim.com/content/images/thumbs/000/0000830_nls-mcd9557-01.png,"Contact us today and start making your processes easier, faster and more intuitive!","Warranty Standard: 1 Year
Part Number: Description
NLS-MCD9557-1C: Charging Cradle for MT9557 (connectable up to 4pcs; no Power Supply included; order ADP710 or AD60-D-M)",industrial-handheld-scanners,,,"<table class=""Table_Products_Style"">
<thead>
<tr>
<th>Thông số kỹ thuật</th>
<th>Chi tiết</th>
</tr>
</thead>
<tbody>
<tr><td>Warranty Standard</td><td>1 Year</td></tr>
<tr><td>Part Number</td><td>Description</td></tr>
<tr><td>NLS-MCD9557-1C</td><td>Charging Cradle for MT9557 (connectable up to 4pcs; no Power Supply included; order ADP710 or AD60-D-M)</td></tr>
</tbody>
</table>",,,,,,,,
https://www.newland-id.com/en/products/protection-handling/nls-rb9557-01,protection-handling,Newland,,,NLS-RB9557-01,NLS-RB9557-01 Protective Case for MT9557,https://www.newland-id.com/datasheets/579/nls-rb9557-01-protective-case-for-mt9557.pdf,https://newlandemea.katanapim.com/content/images/thumbs/000/0000826_nls-rb9557-01.png,"Contact us today and start making your processes easier, faster and more intuitive!","Part Number: Description
NLS-RB9557-01: Protective Case for MT9557",charging-power,,,"<table class=""Table_Products_Style"">
<thead>
<tr>
<th>Thông số kỹ thuật</th>
<th>Chi tiết</th>
</tr>
</thead>
<tbody>
<tr><td>Part Number</td><td>Description</td></tr>
<tr><td>NLS-RB9557-01</td><td>Protective Case for MT9557</td></tr>
</tbody>
</table>",,,,,,,,
https://www.newland-id.com/en/products/peripherals/nls-mpg9557-01,peripherals,Newland,,,NLS-MPG9557-01,NLS-MPG9557-01 Pistol Grip for MT9557,https://www.newland-id.com/datasheets/578/nls-mpg9557-01-pistol-grip-for-mt9557.pdf,https://newlandemea.katanapim.com/content/images/thumbs/000/0000824_nls-mpg9557-01.png,"Contact us today and start making your processes easier, faster and more intuitive!","Warranty Standard: 1 Year
Part Number: Description
NLS-MPG9557-01: Pistol grip for MT9557",industrial-fixed-mount-scanners,,,"<table class=""Table_Products_Style"">
<thead>
<tr>
<th>Thông số kỹ thuật</th>
<th>Chi tiết</th>
</tr>
</thead>
<tbody>
<tr><td>Warranty Standard</td><td>1 Year</td></tr>
<tr><td>Part Number</td><td>Description</td></tr>
<tr><td>NLS-MPG9557-01</td><td>Pistol grip for MT9557</td></tr>
</tbody>
</table>",,,,,,,,
https://www.newland-id.com/en/products/mobile-computers/mt95-kambur-pro-iii,mobile-computers,Newland,,,MT95,MT95 Kambur Pro III,https://www.newland-id.com/datasheets/572/mt95-kambur-pro-iii.pdf,https://newlandemea.katanapim.com/content/images/thumbs/000/0000820_mt95_kambur_pro_iii_1-tag-new.png,"The MT95 Kambur Pro III replaces the previous MT95 Kambur Pro II, bringing upgraded connectivity and performance to a trusted mobile computer series. Equipped with 5G connectivity, Wi-Fi 6 technology, and Bluetooth 5.2, it ensures seamless connectivity in busy environments. Running on Android 15 GMS and carrying the AER seal, the Kambur Pro III is designed to deliver exceptional performance across industries such as logistics, warehousing, retail, hospitality, and events.","1D: Code128, Code 49, Code 16K, (GS1128) UCC/EAN-128, AIM-128, EAN- 8, EAN-13, UPC-E, UPC-A, ITF, ITF 6, ITF 14, Matrix 2 of 5, Industrial 25, Standard 2 of 5, Code39, ISSN, ISBN, CodaBar, Code93, Code 11, Plessey, MSI Plessey, RSS.
2D: Aztec, Composite, CS Code, Maxicode, Micro PDF, Micro QR, PDF 417, QR Code, Data Matrix, DotCode .
Aiming: Cross laser (650nm)",nwear-accessories,,,"<table class=""Table_Products_Style"">
<thead>
<tr>
<th>Thông số kỹ thuật</th>
<th>Chi tiết</th>
</tr>
</thead>
<tbody>
<tr><td>1D</td><td>Code128, Code 49, Code 16K, (GS1128) UCC/EAN-128, AIM-128, EAN- 8, EAN-13, UPC-E, UPC-A, ITF, ITF 6, ITF 14, Matrix 2 of 5, Industrial 25, Standard 2 of 5, Code39, ISSN, ISBN, CodaBar, Code93, Code 11, Plessey, MSI Plessey, RSS.</td></tr>
<tr><td>2D</td><td>Aztec, Composite, CS Code, Maxicode, Micro PDF, Micro QR, PDF 417, QR Code, Data Matrix, DotCode .</td></tr>
<tr><td>Aiming</td><td>Cross laser (650nm)</td></tr>
<tr><td>Depth of Field Code 39 (5mil)</td><td>120 mm - 280 mm</td></tr>
<tr><td>Depth of Field DataMatrix (10mil)</td><td>110 mm - 260 mm</td></tr>
<tr><td>Depth of Field EAN 13 (13mil)</td><td>70 mm - 600 mm</td></tr>
<tr><td>Depth of Field PDF417 (6.7mil)</td><td>110 mm - 230 mm</td></tr>
<tr><td>Depth of Field QR (15mil)</td><td>55 mm - 400 mm</td></tr>
<tr><td>Illumination</td><td>White LED</td></tr>
<tr><td>Image Sensor</td><td>1280 x 800 CMOS</td></tr>
<tr><td>Scan Modes</td><td>Trigger Mode</td></tr>
<tr><td>Scan Rate</td><td>60 frames per second</td></tr>
<tr><td>Current Operating System</td><td>Android 15, GMS, Android Enterprise Recommended (AER)</td></tr>
<tr><td>Memory Flash</td><td>64GB</td></tr>
<tr><td>Memory RAM</td><td>6GB</td></tr>
<tr><td>Memory Storage Expansion (max.)</td><td>2TB</td></tr>
<tr><td>Processor</td><td>2.4 GHz, octa-core 64-bit processor</td></tr>
<tr><td>AC Adapter</td><td>18W Fast Charging Supported</td></tr>
<tr><td>Battery Type</td><td>Li-Ionen Polymer Smartbattery, 3.87V, 5100mAh, support hot swap</td></tr>
<tr><td>Buttons</td><td>Virtual on-screen buttons: Menu, Home, Back; Physical buttons: Left and right Scan keys, Volume +/-, Power</td></tr>
<tr><td>Dimensions</td><td>167(L) × 78(W) × 20(H) mm</td></tr>
<tr><td>Display/Touch Panel</td><td>6” (720×1440), Gorilla glass, Multi-point capacitive touchscreen</td></tr>
<tr><td>Expansion Slot</td><td>Nano + eSIM + TF</td></tr>
<tr><td>Front camera</td><td>8 MP, Fixed focus</td></tr>
<tr><td>Interfaces</td><td>USB-C</td></tr>
<tr><td>Notifications</td><td>Speaker, Vibration, Multi-color LEDs</td></tr>
<tr><td>Rear camera</td><td>13 MP, LED flash, Auto focus</td></tr>
<tr><td>Sensors</td><td>Magnetic sensor, Light & proximity sensor, Gyroscope, Acceleration sensor, Fingerprint</td></tr>
<tr><td>Weight</td><td>314g</td></tr>
<tr><td>GPS</td><td>Beidou, GLONASS, Galileo, GPS (AGPS)</td></tr>
<tr><td>NFC</td><td>13.56MHz</td></tr>
<tr><td>NFC: Reading Distance</td><td>up to 3 cm</td></tr>
<tr><td>NFC: Supported Standards</td><td>ISO14443A/B, ISO15693, ISO18000-3, MIFARE, FeliCa RF, Kovio, NFC Forum Type 1-4 Tags</td></tr>
<tr><td>WLAN RADIO</td><td>Built-in 802.11 a/b/g/n/ax, support 2.4G and 5G, k/v/r compliant</td></tr>
<tr><td>WPAN RADIO</td><td>Bluetooth 5.2</td></tr>
<tr><td>WWAN RADIO</td><td>2G GSM (B2/B3/B5/B8); 3G WCDMA (B1/B2/B5/B8); 4G TDD-LTE (B34/B38/B39/B40/B41/B42/B43), FDD-LTE (B1/B2/B3/B5/B7/B8/B20/B28a&b); 5G NR (N1/N3/N5/N8/N28/N38/N41/N77/N78/N79)</td></tr>
<tr><td>Drop</td><td>1.5m drops to concrete (for six sides, one drop per side)</td></tr>
<tr><td>Humidity</td><td>5% to 95% (non-condensing)</td></tr>
<tr><td>IP Rating</td><td>IP67</td></tr>
<tr><td>Operating Temperature</td><td>-20°C to 50°C (-4°F to 122°F)</td></tr>
<tr><td>Storage Temperature</td><td>-30°C to 60°C (-22°F to 140°F)</td></tr>
<tr><td>Android Roadmap</td><td>https://www.newland-id.com/en/support/android-roadmap-for-newland-devices/</td></tr>
<tr><td>Configuration Tools</td><td>Ndevor</td></tr>
<tr><td>MDM (certified)</td><td>Ndevor, SOTI, 42Gears</td></tr>
<tr><td>Certifications Hardware</td><td>CE</td></tr>
<tr><td>Comprehensive Service Contract</td><td>3 Years, 5 Years</td></tr>
<tr><td>Warranty Extension</td><td>+2 Years, +3 Years</td></tr>
<tr><td>Warranty Standard</td><td>2 Years</td></tr>
<tr><td>Accessories Optional</td><td>USB-C cable, Multiplug adapter, 4-slot battery charger, Charging cradle, Pistol grip, Battery, Screen protector, Hand strap, Rubber boot</td></tr>
<tr><td>Accessories Standard</td><td>Hand strap, USB-C cable, Battery, Screen protector, Multiplug adapter, Protective case</td></tr>
<tr><td>All versions</td><td>MT95 Kambur Pro III, Protective case, USB-C cable, Battery, Screen protector, Hand strap, Multiplug adapter</td></tr>
<tr><td>Part Number</td><td>Description</td></tr>
<tr><td>NLS-MT9557-W5</td><td>MT9557 Kambur Pro III Mobile Computer with 6"" touchscreen, 2D CMOS Mega Pixel imager with Laser Aimer (CM60E), 6GB/64GB, BT, WiFi6, 5G, GPS, NFC and 8M(Front)+13M(Rear) Camera, fingerprint, eSIM, backup battery. Incl. protective case, USB-C cable, battery, screen protector,  hand strap, and multiplug adapter(EU+UK). OS: Android 15 GMS AER.</td></tr>
<tr><td>NLS-MT9557-W5-DO</td><td>MT9557 Kambur Pro III Mobile Computer with 6"" touchscreen, 2D CMOS Mega Pixel imager with Laser Aimer (CM60E), 6GB/64GB, BT, WiFi6, 5G (data only), GPS, NFC and 8M(Front)+13M(Rear) Camera, fingerprint, eSIM, backup battery .Incl. protective case, USB-C cable, battery, screen protector,  hand strap, and multiplug adapter(EU+UK). OS: Android 15 GMS AER.</td></tr>
</tbody>
</table>",,,,,,,,
https://www.newland-id.com/en/products/cables/cbl-0275e,cables,Newland,,,CBL-0275E,CBL-0275E Ethernet cable for NVH220 AI series,https://www.newland-id.com/datasheets/560/cbl-0275e-ethernet-cable-for-nvh220-ai-series.pdf,https://newlandemea.katanapim.com/content/images/thumbs/000/0000789_cbl-0275e.png,"Contact us today and start making your processes easier, faster and more intuitive!","Dimensions: 3 meters
Interfaces: Ethernet, RJ-45
Warranty Standard: 1 Year",touch-panel-computers,,,"<table class=""Table_Products_Style"">
<thead>
<tr>
<th>Thông số kỹ thuật</th>
<th>Chi tiết</th>
</tr>
</thead>
<tbody>
<tr><td>Dimensions</td><td>3 meters</td></tr>
<tr><td>Interfaces</td><td>Ethernet, RJ-45</td></tr>
<tr><td>Warranty Standard</td><td>1 Year</td></tr>
<tr><td>Part Number</td><td>Description</td></tr>
<tr><td>CBL-0275E</td><td>Ethernet cable 3.0 meter for NVH220-XD series. Requires optional power supply 1100040562 (ADP220)</td></tr>
</tbody>
</table>",,,,,,,,
https://www.newland-id.com/en/products/industrial-handheld-scanners/nvh220-lophius-ai-corded,industrial-handheld-scanners,Newland,,,NVH220,NVH220 Lophius AI Corded,https://www.newland-id.com/datasheets/422/nvh220-lophius-ai-corded.pdf,https://newlandemea.katanapim.com/content/images/thumbs/000/0000798_nvh220-ai-corded_1-tag.png,"The NVH220 Lophius AI Corded is a reliable and cost-effective solution designed with ergonomics and a user-friendly interface in mind. It features AI-powered barcode detection and auto-learning capabilities, allowing it to accurately decode a wide range of barcodes in industrial applications, including Direct Part Marking (DPM), even on challenging surfaces. Its plug-and-play functionality makes it easy to set up and configure.","1D: EAN-13,EAN-8,UPC-A,UPC-E,ISSN,ISBN,Codabar,Code128,Code93,ITF-6,ITF-14,Interleaved 2 of 5,Industrial 2 of 5,Standard 2 of 5,Matrix 2 of 5,Code 39,AIM 128,GS1 Composite,GS1-128 (UCC/EAN),ISBT 128 39,AIM 128,GS1 Composite,GS1-128(UCC/EAN),ISBT 128 Code 11, MSI-Plessey, Plessey, etc.
2D: QR Code, PDF417, Micro QR, Data Matrix, AZTEC.
Aiming: Cross laser (650nm)",general-purpose-handheld-scanners,,,"<table class=""Table_Products_Style"">
<thead>
<tr>
<th>Thông số kỹ thuật</th>
<th>Chi tiết</th>
</tr>
</thead>
<tbody>
<tr><td>1D</td><td>EAN-13,EAN-8,UPC-A,UPC-E,ISSN,ISBN,Codabar,Code128,Code93,ITF-6,ITF-14,Interleaved 2 of 5,Industrial 2 of 5,Standard 2 of 5,Matrix 2 of 5,Code 39,AIM 128,GS1 Composite,GS1-128 (UCC/EAN),ISBT 128 39,AIM 128,GS1 Composite,GS1-128(UCC/EAN),ISBT 128 Code 11, MSI-Plessey, Plessey, etc.</td></tr>
<tr><td>2D</td><td>QR Code, PDF417, Micro QR, Data Matrix, AZTEC.</td></tr>
<tr><td>Aiming</td><td>Cross laser (650nm)</td></tr>
<tr><td>Depth of Field Code 39 (20mil)</td><td>35 mm - 510 mm</td></tr>
<tr><td>Depth of Field Code 39 (5mil)</td><td>0 mm - 160 mm</td></tr>
<tr><td>Depth of Field EAN 13 (13mil)</td><td>15 mm - 220 mm</td></tr>
<tr><td>Depth of Field QR (10mil)</td><td>0 mm - 160 mm</td></tr>
<tr><td>Depth of Field QR (20mil)</td><td>0 mm - 225 mm</td></tr>
<tr><td>Field of View Horizontal</td><td>33°</td></tr>
<tr><td>Field of View Vertical</td><td>22°</td></tr>
<tr><td>Illumination</td><td>Direct: red & blue LEDs, Diffuse: white LED</td></tr>
<tr><td>Image Sensor</td><td>1280 x 800 CMOS</td></tr>
<tr><td>Minimal Print Contrast</td><td>20%</td></tr>
<tr><td>Motion Tolerance</td><td>2 m/s</td></tr>
<tr><td>OCR</td><td>Optional</td></tr>
<tr><td>Resolution</td><td>≥2mil</td></tr>
<tr><td>Scan Angle Pitch</td><td>±50°</td></tr>
<tr><td>Scan Angle Roll</td><td>360°</td></tr>
<tr><td>Scan Angle Skew</td><td>±50°</td></tr>
<tr><td>Communication Protocol</td><td>USB, RS-232, TCP-IP</td></tr>
<tr><td>Current @ 5VDC Operating</td><td>300 mA (typical), 450 mA(max)</td></tr>
<tr><td>Dimensions</td><td>68(W) × 86(D) × 180(H) mm</td></tr>
<tr><td>Input Voltage</td><td>5 VDC ±5%</td></tr>
<tr><td>Interfaces</td><td>USB, RS-232, Ethernet</td></tr>
<tr><td>Notifications</td><td>Beep, LED, Vibration</td></tr>
<tr><td>Power Consumption</td><td>1,500 mW (typical)</td></tr>
<tr><td>Weight</td><td>160g (without cable)</td></tr>
<tr><td>Drop</td><td>1.8m</td></tr>
<tr><td>Electro Static Discharge (ESD)</td><td>±8 kV (direct discharge), ±16 kV (air discharge)</td></tr>
<tr><td>Humidity</td><td>5% to 95% (non-condensing)</td></tr>
<tr><td>IP Rating</td><td>IP64</td></tr>
<tr><td>Operating Temperature</td><td>-20°C to 50°C (-4°F to 122°F)</td></tr>
<tr><td>Storage Temperature</td><td>-40°C to 70°C (-40°F to 158°F)</td></tr>
<tr><td>Configuration Tools</td><td>EasySet</td></tr>
<tr><td>Certifications Hardware</td><td>FCC, IEC 62471, RoHS, CE</td></tr>
<tr><td>Comprehensive Service Contract</td><td>3 Years, 5 Years</td></tr>
<tr><td>Warranty Standard</td><td>5 Years</td></tr>
<tr><td>Accessories Optional</td><td>USB cable, RS-232 cable, Ethernet cable</td></tr>
<tr><td>Accessories Standard</td><td>USB cable, Power adapter</td></tr>
<tr><td>NLS-NVH220-V2-XD</td><td>NVH220 Lophius II, Handheld scanner. Industry. 2D. megapixel imager. AI-powered Barcode Detection and decoding. Red/White /blue LEDs. multi-interface (RS232-USB-Ethernet). vibration. protection class: IP64 drop: 1.8m. incl.: 2m straight rugged USB cable</td></tr>
<tr><td>Part Number</td><td>Description</td></tr>
</tbody>
</table>",,,,,,,,
https://www.newland-id.com/en/products/industrial-handheld-scanners/nvh220-lophius-ai-bluetooth,industrial-handheld-scanners,Newland,,,NVH220,NVH220 Lophius AI Bluetooth,https://www.newland-id.com/datasheets/421/nvh220-lophius-ai-bluetooth.pdf,https://newlandemea.katanapim.com/content/images/thumbs/000/0000791_nvh220-ai-bt_1-tag.png,"The NVH220 Lophius AI Bluetooth is a reliable and cost-effective solution designed with ergonomics and a user-friendly interface in mind. It features AI-powered barcode detection and auto-learning capabilities, allowing it to accurately decode a wide range of barcodes in industrial applications, including Direct Part Marking (DPM), even on challenging surfaces. Plus, with Bluetooth 5.0, the Lophius provides fast wireless communication and data transmission over distances of up to 150 meters.","1D: EAN-13, EAN-8, UPC-A, UPC-E, ISSN, ISBN, Codabar, Code128, Code93, ITF-6, ITF-14, Interleaved 2 of 5, Industrial 2 of 5, Standard 2 of 5, Matrix 2 of 5, Code 39, AIM 128, GS1 Composite, GS1-128(UCC/EAN), ISBT 128, Code 11, MSI-Plessey, Plessey, etc.
2D: QR Code, PDF417, Micro QR, Data Matrix, AZTEC.
Aiming: Cross laser (650nm)",presentation-scanners,,,"<table class=""Table_Products_Style"">
<thead>
<tr>
<th>Thông số kỹ thuật</th>
<th>Chi tiết</th>
</tr>
</thead>
<tbody>
<tr><td>1D</td><td>EAN-13, EAN-8, UPC-A, UPC-E, ISSN, ISBN, Codabar, Code128, Code93, ITF-6, ITF-14, Interleaved 2 of 5, Industrial 2 of 5, Standard 2 of 5, Matrix 2 of 5, Code 39, AIM 128, GS1 Composite, GS1-128(UCC/EAN), ISBT 128, Code 11, MSI-Plessey, Plessey, etc.</td></tr>
<tr><td>2D</td><td>QR Code, PDF417, Micro QR, Data Matrix, AZTEC.</td></tr>
<tr><td>Aiming</td><td>Cross laser (650nm)</td></tr>
<tr><td>Depth of Field Code 39 (20mil)</td><td>65 mm - 350 mm</td></tr>
<tr><td>Depth of Field Code 39 (5mil)</td><td>0 mm - 160 mm</td></tr>
<tr><td>Depth of Field EAN 13 (13mil)</td><td>15 mm - 220 mm</td></tr>
<tr><td>Depth of Field QR (10mil)</td><td>0 mm - 160 mm</td></tr>
<tr><td>Depth of Field QR (20mil)</td><td>0 mm - 225 mm</td></tr>
<tr><td>Field of View Horizontal</td><td>33˚</td></tr>
<tr><td>Field of View Vertical</td><td>22˚</td></tr>
<tr><td>Illumination</td><td>Direct: red & blue LEDs, Diffuse: white LED</td></tr>
<tr><td>Image Sensor</td><td>1280 x 800 CMOS</td></tr>
<tr><td>Minimal Print Contrast</td><td>15%</td></tr>
<tr><td>OCR</td><td>Optional</td></tr>
<tr><td>Resolution</td><td>≥1.25mil (1D), ≥2.82mil (2D)</td></tr>
<tr><td>Scan Angle Pitch</td><td>±50˚</td></tr>
<tr><td>Scan Angle Roll</td><td>360˚</td></tr>
<tr><td>Scan Angle Skew</td><td>±50˚</td></tr>
<tr><td>Battery Type</td><td>2,900 mAh</td></tr>
<tr><td>Current @ 3.8VDC Operating</td><td>370 mA (red LED by default)</td></tr>
<tr><td>Current @ 3.8VDC Standby</td><td>90 mA</td></tr>
<tr><td>Dimensions</td><td>Scanner: 68(W) × 86(D) × 180(H) mm, Cradle: 103(W) x 127(D) x 123(H) mm</td></tr>
<tr><td>Expected Battery Life</td><td>≥17 hours of continuous operation, up to 60,000 scans per charge</td></tr>
<tr><td>Expected Charge Time</td><td>3 hours</td></tr>
<tr><td>Interfaces</td><td>RS-232, Ethernet, TCP/IP, ModbusTCP, Profinet, MELSEC/SLMP</td></tr>
<tr><td>Notifications</td><td>Beep, LED, Vibration</td></tr>
<tr><td>Power Consumption</td><td>1400 mW (typical)</td></tr>
<tr><td>Weight</td><td>Scanner: 218g (with battery); Cradle:217g</td></tr>
<tr><td>Radio Technology</td><td>Bluetooth 5.0</td></tr>
<tr><td>Wireless Distance ( max.)</td><td>150m (line of sight)</td></tr>
<tr><td>Charge Temperature</td><td>0°C to 45°C (32°F to 113°F)</td></tr>
<tr><td>Drop</td><td>1.8 m</td></tr>
<tr><td>Electro Static Discharge (ESD)</td><td>±8 kV (direct discharge), ±16 kV (air discharge)</td></tr>
<tr><td>Humidity</td><td>5% to 95% (non-condensing)</td></tr>
<tr><td>IP Rating</td><td>IP64</td></tr>
<tr><td>IP Rating with Cradle</td><td>IP42</td></tr>
<tr><td>Operating Temperature</td><td>-20°C to 50°C (-4°F to 122°F)</td></tr>
<tr><td>Storage Temperature</td><td>-40°C to 70°C (-40°F to 158°F)</td></tr>
<tr><td>Configuration Tools</td><td>EasySet</td></tr>
<tr><td>Certifications Hardware</td><td>FCC, RoHS 2.0, IEC 60825, IEC 62471, CCC, CE, ISO16750</td></tr>
<tr><td>Comprehensive Service Contract</td><td>3 Years, 5 Years</td></tr>
<tr><td>Warranty Extension</td><td>+2 Years</td></tr>
<tr><td>Warranty Standard</td><td>3 Years</td></tr>
<tr><td>Accessories Optional</td><td>USB cable, Multiplug adapter, RS-232 cable, Wall mount clip, Ethernet cable, Rubber boot</td></tr>
<tr><td>Accessories Standard</td><td>USB cable, Power adapter, Stand/Docking station</td></tr>
<tr><td>NLS-NVH220B-V2-XD</td><td>NVH220 Lophius II, Bluetooth Handheld scanner. Industry. 2D. Megapixel imager. AI-powered Barcode Detection and decoding. Red/White/blue LEDs. multi-interface (RS232-USB-Ethernet). vibration. protection class: IP64 drop: 1.8m. docking station. USB cable</td></tr>
<tr><td>Part Number</td><td>Description</td></tr>
</tbody>
</table>",,,,,,,,
https://www.newland-id.com/en/products/charging-power/nls-dcc-ccmt93-01,charging-power,Newland,,,NLS-DCC-CCMT93-01,NLS-DCC-CCMT93-01 Fixed Installation Kit for MT93 Card Cradle,https://www.newland-id.com/datasheets/418/nls-dcc-ccmt93-01-fixed-installation-kit-for-mt93-card-cradle.pdf,https://newlandemea.katanapim.com/content/images/thumbs/000/0000774_nls-dcc-ccmt93-01.png,"Contact us today and start making your processes easier, faster and more intuitive!","Dimensions: 6-pin to 6-pin Molex Connector cable: 75 cm; 2-pin Molex Connector to open-ended connection cable: 300 cm
Power Supply Input: 12/24V
Power Supply Output: 5 V, 2.7A",fixed-mount-scanners,,,"<table class=""Table_Products_Style"">
<thead>
<tr>
<th>Thông số kỹ thuật</th>
<th>Chi tiết</th>
</tr>
</thead>
<tbody>
<tr><td>Dimensions</td><td>6-pin to 6-pin Molex Connector cable: 75 cm; 2-pin Molex Connector to open-ended connection cable: 300 cm</td></tr>
<tr><td>Power Supply Input</td><td>12/24V</td></tr>
<tr><td>Power Supply Output</td><td>5 V, 2.7A</td></tr>
<tr><td>Warranty Standard</td><td>1 Year</td></tr>
<tr><td>Part Number</td><td>Description</td></tr>
<tr><td>NLS-DCC-CCMT93-01</td><td>Fixed Installation Kit with 6-pin to 6-pin Molex Connector Cable (length 75cm), PowerSupply (Input: 12/24V, Output: 5 Volt, 2,7A), and 2-pin Molex Connector to open-ended connection cable (length 300cm) for NLS-CC-MT93-01</td></tr>
</tbody>
</table>",,,,,,,,
https://www.newland-id.com/en/products/cables/nls-cpa-ccmt93-01,cables,Newland,,,NLS-CPA-CCMT93-01,NLS-CPA-CCMT93-01 Cigarette Plug Adapter,https://www.newland-id.com/datasheets/417/nls-cpa-ccmt93-01-cigarette-plug-adapter.pdf,https://newlandemea.katanapim.com/content/images/thumbs/000/0000773_nls-cpa-ccmt93-01.png,"Contact us today and start making your processes easier, faster and more intuitive!","Dimensions: 90 cm
Warranty Standard: 1 Year
Part Number: Description",scan-engines,,,"<table class=""Table_Products_Style"">
<thead>
<tr>
<th>Thông số kỹ thuật</th>
<th>Chi tiết</th>
</tr>
</thead>
<tbody>
<tr><td>Dimensions</td><td>90 cm</td></tr>
<tr><td>Warranty Standard</td><td>1 Year</td></tr>
<tr><td>Part Number</td><td>Description</td></tr>
<tr><td>NLS-CPA-CCMT93-01</td><td>Cigarette plug adapter with 6-pin Molex Connector Cable (length 90cm) for NLS-CC-MT93-01</td></tr>
</tbody>
</table>",,,,,,,,
https://www.newland-id.com/en/products/base-stations/nls-cc-mt93-01,base-stations,Newland,,,NLS-CC-MT93-01,NLS-CC-MT93-01 Car Cradle for MT93 Series,https://www.newland-id.com/datasheets/416/nls-cc-mt93-01-car-cradle-for-mt93-series.pdf,https://newlandemea.katanapim.com/content/images/thumbs/000/0000772_nls-cc-mt95-01-1.png,"Contact us today and start making your processes easier, faster and more intuitive!","Dimensions: 12 cm
Warranty Standard: 1 Year
Part Number: Description",wearables,,,"<table class=""Table_Products_Style"">
<thead>
<tr>
<th>Thông số kỹ thuật</th>
<th>Chi tiết</th>
</tr>
</thead>
<tbody>
<tr><td>Dimensions</td><td>12 cm</td></tr>
<tr><td>Warranty Standard</td><td>1 Year</td></tr>
<tr><td>Part Number</td><td>Description</td></tr>
<tr><td>NLS-CC-MT93-01</td><td>Car cradle with Pogo-Pin charging, Pigtail 6-Pin Molex Connector (length 12cm), incl. Tilt Swivel (no connection cable included; order NLS-CPA-CCMT93-01 or NLS-DCC-CCMT93-01 separately) for Newland MT93</td></tr>
</tbody>
</table>",,,,,,,,
https://www.newland-id.com/en/products/cables/cbl-0173r,cables,Newland,,,CBL-0173R,CBL-0173R DB9 female - Dupont connector cable,https://www.newland-id.com/datasheets/415/cbl-0173r-db9-female-dupont-connector-cable.pdf,https://newlandemea.katanapim.com/content/images/thumbs/000/0000761_cbl-0173r.png,"Contact us today and start making your processes easier, faster and more intuitive!","Dimensions: 1,200 mm, 2.0 mm interval on the 10-pin Dupont side
Interfaces: USB, Dupont connector, DB9
Warranty Standard: 1 Year",,,,"<table class=""Table_Products_Style"">
<thead>
<tr>
<th>Thông số kỹ thuật</th>
<th>Chi tiết</th>
</tr>
</thead>
<tbody>
<tr><td>Dimensions</td><td>1,200 mm, 2.0 mm interval on the 10-pin Dupont side</td></tr>
<tr><td>Interfaces</td><td>USB, Dupont connector, DB9</td></tr>
<tr><td>Warranty Standard</td><td>1 Year</td></tr>
<tr><td>Part Number</td><td>Description</td></tr>
<tr><td>CBL-0173R</td><td>DB9 female - Dupont connector + DC3.5 female, 1200mm, 2.0mm interval on the 10-pin Dupont side.</td></tr>
</tbody>
</table>",,,,,,,,
https://www.newland-id.com/en/products/cables/cbl-0164u,cables,Newland,,,CBL-0164U,CBL-0164U USB-A - Dupont connector male cable,https://www.newland-id.com/datasheets/414/cbl-0164u-usb-a-dupont-connector-male-cable.pdf,https://newlandemea.katanapim.com/content/images/thumbs/000/0000760_cbl-0164u.png,"Contact us today and start making your processes easier, faster and more intuitive!","Dimensions: 1,200 mm, 2.0 mm interval on the 10-pin Dupont side
Interfaces: USB-A, Dupont connector
Warranty Standard: 1 Year",,,,"<table class=""Table_Products_Style"">
<thead>
<tr>
<th>Thông số kỹ thuật</th>
<th>Chi tiết</th>
</tr>
</thead>
<tbody>
<tr><td>Dimensions</td><td>1,200 mm, 2.0 mm interval on the 10-pin Dupont side</td></tr>
<tr><td>Interfaces</td><td>USB-A, Dupont connector</td></tr>
<tr><td>Warranty Standard</td><td>1 Year</td></tr>
<tr><td>Part Number</td><td>Description</td></tr>
<tr><td>CBL-0164U</td><td>USB-A - Dupont connector male, 1200mm, 2.0mm interval  on the 10-pin Dupont side. (included in the NLS-FM6080V2-U12 box).</td></tr>
</tbody>
</table>",,,,,,,,
https://www.newland-id.com/en/products/industrial-fixed-mount-scanners/fm550,industrial-fixed-mount-scanners,Newland,,,FM550,FM550,https://www.newland-id.com/datasheets/411/fm550.pdf,https://newlandemea.katanapim.com/content/images/thumbs/000/0000707_fm550-perspective.png,"Ready for integration with your medical equipment, the FM550 combines compact design with high-performance scanning of both 1D and 2D barcodes from close-up. This makes it a perfect scanner for laboratory automation applications.","1D: Code 128, EAN-8, EAN-13, EAN-13 Addendum, UPC-E, UPC-A, Interleaved 2/5, Code 39, Codabar, Code 93, UCC/EAN-128
2D: PDF417, Data Matrix, QR Code, Aztec
Aiming: Red laser (650nm)",,,,"<table class=""Table_Products_Style"">
<thead>
<tr>
<th>Thông số kỹ thuật</th>
<th>Chi tiết</th>
</tr>
</thead>
<tbody>
<tr><td>1D</td><td>Code 128, EAN-8, EAN-13, EAN-13 Addendum, UPC-E, UPC-A, Interleaved 2/5, Code 39, Codabar, Code 93, UCC/EAN-128</td></tr>
<tr><td>2D</td><td>PDF417, Data Matrix, QR Code, Aztec</td></tr>
<tr><td>Aiming</td><td>Red laser (650nm)</td></tr>
<tr><td>Beam Exit</td><td>Scan window with lateral beam exit</td></tr>
<tr><td>Depth of Field Code 128 (8.34mil)</td><td>45 mm - 90 mm</td></tr>
<tr><td>Depth of Field Code 39 (6.67mil)</td><td>45 mm - 85 mm</td></tr>
<tr><td>Field of View Horizontal</td><td>52˚</td></tr>
<tr><td>Field of View Vertical</td><td>76.5˚</td></tr>
<tr><td>Illumination</td><td>White LED (3000K)</td></tr>
<tr><td>Image Sensor</td><td>1280 x 800 CMOS</td></tr>
<tr><td>Minimal Print Contrast</td><td>50%</td></tr>
<tr><td>Resolution</td><td>≥5mil</td></tr>
<tr><td>Scan Rate</td><td>60 frames per second</td></tr>
<tr><td>Current @ 5VDC Operating</td><td>141.35 mA RMS (typical); 397.54 mA (max)</td></tr>
<tr><td>Dimensions</td><td>54(W)× 27.5(D)× 25.5(H) mm</td></tr>
<tr><td>Housing</td><td>Aluminium</td></tr>
<tr><td>Input Voltage</td><td>5 VDC ±5%</td></tr>
<tr><td>Interfaces</td><td>USB, RS-232</td></tr>
<tr><td>Notifications</td><td>Beep, LED</td></tr>
<tr><td>Power Consumption</td><td>9 W</td></tr>
<tr><td>Weight</td><td>107 g</td></tr>
<tr><td>Ambient Light</td><td>≤5000 lux</td></tr>
<tr><td>Humidity</td><td>5% to 95% (non-condensing)</td></tr>
<tr><td>IP Rating</td><td>IP65</td></tr>
<tr><td>Operating Temperature</td><td>0°C to 50°C (32°F to 122°F)</td></tr>
<tr><td>Storage Temperature</td><td>-20°C to 70°C (-4°F to 158°F)</td></tr>
<tr><td>Configuration Tools</td><td>EasySet</td></tr>
<tr><td>Certifications Hardware</td><td>IEC 60825-1, FCC, RoHS 2.0, IEC 62471, CE, EN 50689</td></tr>
<tr><td>Warranty Standard</td><td>2 Years</td></tr>
<tr><td>Part Number</td><td>Description</td></tr>
<tr><td>NLS-FM550-RU20</td><td>FM550 (IVD) 2D Mega Pixel Fixed Mounted Reader. Warm white illumination. Red dual laser aimer, USB and RS-232.  IP65 with 2 mtr. scattered wire.</td></tr>
<tr><td>NLS-FM550-U15</td><td>FM550 (IVD) 2D Mega Pixel Fixed Mounted Reader. Warm white illumination. Red dual laser aimer, USB, IP65 with 1.5 mtr. USB-A cable.</td></tr>
</tbody>
</table>",,,,,,,,
https://www.newland-id.com/en/products/fixed-mount-scanners/fm80-salmon,fixed-mount-scanners,Newland,,,FM80,FM80 Salmon,https://www.newland-id.com/datasheets/404/fm80-salmon.pdf,https://newlandemea.katanapim.com/content/images/thumbs/000/0000700_fm80_salmon_1.png,"As shopper expectations are evolving, retailers turn to technology for strong solutions that keep up pace. The FM80 Salmon offers an easily integrated barcode scanner to build into such self-service kiosks or complete POS units. It’s large scan window and fool-proof features offer a great solution for self-service kiosks for inexperienced customers.","1D: All major 1D symbologies, including EAN-13, EAN-8, UPC-A, UPC-E, Code 128, Code 39, Codabar, UCC/EAN 128, RSS, Interleaved 25, ITF 14, ITF 6, Standard 25, Matrix 25, COOP 25, Industrial 25, Plessey, MSI Plessey, Code 11, Code 93, Code 49, Code 16K.
2D: All major 2D symbologies, including PDF417, QR Code, Data Matrix, Micro PDF417, Micro QR.
Depth of Field EAN 13 (13mil): 0 mm - 140 mm",,,,"<table class=""Table_Products_Style"">
<thead>
<tr>
<th>Thông số kỹ thuật</th>
<th>Chi tiết</th>
</tr>
</thead>
<tbody>
<tr><td>1D</td><td>All major 1D symbologies, including EAN-13, EAN-8, UPC-A, UPC-E, Code 128, Code 39, Codabar, UCC/EAN 128, RSS, Interleaved 25, ITF 14, ITF 6, Standard 25, Matrix 25, COOP 25, Industrial 25, Plessey, MSI Plessey, Code 11, Code 93, Code 49, Code 16K.</td></tr>
<tr><td>2D</td><td>All major 2D symbologies, including PDF417, QR Code, Data Matrix, Micro PDF417, Micro QR.</td></tr>
<tr><td>Depth of Field EAN 13 (13mil)</td><td>0 mm - 140 mm</td></tr>
<tr><td>Field of View Horizontal</td><td>42.4°</td></tr>
<tr><td>Field of View Vertical</td><td>36°</td></tr>
<tr><td>Illumination</td><td>Red LED (614nm-624nm)</td></tr>
<tr><td>Image Sensor</td><td>1280 x 1088 CMOS</td></tr>
<tr><td>Minimal Print Contrast</td><td>>15%</td></tr>
<tr><td>Motion Tolerance</td><td>3.5 m/s</td></tr>
<tr><td>Scan Angle Pitch</td><td>±55°</td></tr>
<tr><td>Scan Angle Roll</td><td>360˚</td></tr>
<tr><td>Scan Angle Skew</td><td>±50°</td></tr>
<tr><td>Scan Modes</td><td>Advanced Sense Mode</td></tr>
<tr><td>Current @ 5VDC Operating</td><td>500 mA (typical)</td></tr>
<tr><td>Current @ 5VDC Standby</td><td><100 mA</td></tr>
<tr><td>Dimensions</td><td>149(W) × 78.5(D) × 166.5(H) mm</td></tr>
<tr><td>Input Voltage</td><td>5 VDC ±5%</td></tr>
<tr><td>Interfaces</td><td>USB, RS-232</td></tr>
<tr><td>Notifications</td><td>Beep, LED</td></tr>
<tr><td>Power Consumption</td><td>Operating: 2W (typical), 2.5W (max.); standby: 1.25W</td></tr>
<tr><td>Weight</td><td>448.3 g</td></tr>
<tr><td>Electro Static Discharge (ESD)</td><td>±8 kV (direct discharge), ±15 kV (air discharge)</td></tr>
<tr><td>Humidity</td><td>5% to 95% (non-condensing)</td></tr>
<tr><td>IP Rating</td><td>IP52</td></tr>
<tr><td>Operating Temperature</td><td>-20°C to 50°C (-4°F to 122°F)</td></tr>
<tr><td>Storage Temperature</td><td>-40°C to 70°C (-40°F to 158°F)</td></tr>
<tr><td>Configuration Tools</td><td>EasySet</td></tr>
<tr><td>Certifications Hardware</td><td>CE EMC Class B, FCC Part15 Class B</td></tr>
<tr><td>Warranty Standard</td><td>5 Years</td></tr>
<tr><td>Accessories Optional</td><td>USB cable, USB-C cable, Multiplug adapter, RS-232 cable</td></tr>
<tr><td>Accessories Standard</td><td>USB cable</td></tr>
<tr><td>NLS-FM8080-20</td><td>FM80 Salmon 2D CMOS Mega Pixel Large Window Fixed Mount Scanner with 3 mtr USB cable.</td></tr>
<tr><td>Part Number</td><td>Description</td></tr>
</tbody>
</table>",,,,,,,,
https://www.newland-id.com/en/products/nwear-accessories/its,nwear-accessories,Newland,,,ITS,ITS Integrated Trigger Strap,https://www.newland-id.com/datasheets/392/its-integrated-trigger-strap.pdf,https://newlandemea.katanapim.com/content/images/thumbs/000/0000546_its_1.png,"Contact us today and start making your processes easier, faster and more intuitive!","Dimensions: Large or Small medium size
Part Number: Description
ITS-LH-L-04: Left hand Integrated Trigger strap for WD2-SR/MR - Large size (4 Pack) - 
(The ITS cannot be sold in or to Germany)",,,,"<table class=""Table_Products_Style"">
<thead>
<tr>
<th>Thông số kỹ thuật</th>
<th>Chi tiết</th>
</tr>
</thead>
<tbody>
<tr><td>Dimensions</td><td>Large or Small medium size</td></tr>
<tr><td>Part Number</td><td>Description</td></tr>
<tr><td>ITS-LH-L-04</td><td>Left hand Integrated Trigger strap for WD2-SR/MR - Large size (4 Pack) - 
(The ITS cannot be sold in or to Germany)</td></tr>
<tr><td>ITS-LH-SM-04</td><td>Left hand Integrated Trigger strap for WD2-SR/MR - Small - Medium size (4 Pack)
(The ITS cannot be sold in or to Germany)</td></tr>
<tr><td>ITS-RH-SM-04</td><td>Right hand Integrated Trigger strap for WD2-SR/MR - Small - Medium size (4 Pack)
(The ITS cannot be sold in or to Germany)</td></tr>
<tr><td>ITS-RH-L-04</td><td>Right hand Integrated Trigger strap for WD2-SR/MR - Large size (4 pack)
(The ITS cannot be sold in or to Germany)</td></tr>
</tbody>
</table>",,,,,,,,
https://www.newland-id.com/en/products/protection-handling/em20-tg,protection-handling,Newland,,,EM20-TG,EM20-TG Tempered Glass Window for EM20-80,https://www.newland-id.com/datasheets/391/em20-tg-tempered-glass-window-for-em20-80.pdf,https://newlandemea.katanapim.com/content/images/thumbs/000/0000677_em20-tg.png,"Contact us today and start making your processes easier, faster and more intuitive!","Part Number: Description
EM20-TG: Tempered glass window with plastic mounting frame for EM20-80",,,,"<table class=""Table_Products_Style"">
<thead>
<tr>
<th>Thông số kỹ thuật</th>
<th>Chi tiết</th>
</tr>
</thead>
<tbody>
<tr><td>Part Number</td><td>Description</td></tr>
<tr><td>EM20-TG</td><td>Tempered glass window with plastic mounting frame for EM20-80</td></tr>
</tbody>
</table>",,,,,,,,
https://www.newland-id.com/en/products/base-stations/cd50,base-stations,Newland,,,CD50,CD50 2-slot Charging Cradle for WD2,https://www.newland-id.com/datasheets/390/cd50-2-slot-charging-cradle-for-wd2.pdf,https://newlandemea.katanapim.com/content/images/thumbs/000/0000550_cd50_cradle_1.png,"Contact us today and start making your processes easier, faster and more intuitive!","Warranty Standard: 1 Year
Accessories Standard: USB-C cable
Part Number: Description",,,,"<table class=""Table_Products_Style"">
<thead>
<tr>
<th>Thông số kỹ thuật</th>
<th>Chi tiết</th>
</tr>
</thead>
<tbody>
<tr><td>Warranty Standard</td><td>1 Year</td></tr>
<tr><td>Accessories Standard</td><td>USB-C cable</td></tr>
<tr><td>Part Number</td><td>Description</td></tr>
<tr><td>CD50</td><td>2-slot charging for WD2 includes USB-C cable.</td></tr>
</tbody>
</table>",,,,,,,,
https://www.newland-id.com/en/products/cables/cbl-0216u,cables,Newland,,,CBL-0216U,CBL-0216U Cable for WD4,https://www.newland-id.com/datasheets/389/cbl-0216u-cable-for-wd4.pdf,https://newlandemea.katanapim.com/content/images/thumbs/000/0000565_cbl-0216u.png,"Contact us today and start making your processes easier, faster and more intuitive!","Interfaces: USB, 4 pogo pins
Warranty Standard: 1 Year
Part Number: Description",,,,"<table class=""Table_Products_Style"">
<thead>
<tr>
<th>Thông số kỹ thuật</th>
<th>Chi tiết</th>
</tr>
</thead>
<tbody>
<tr><td>Interfaces</td><td>USB, 4 pogo pins</td></tr>
<tr><td>Warranty Standard</td><td>1 Year</td></tr>
<tr><td>Part Number</td><td>Description</td></tr>
<tr><td>CBL-0216U</td><td>USB-A to magnetic connector cable for the WD4 (charging and data).</td></tr>
</tbody>
</table>",,,,,,,,
https://www.newland-id.com/en/products/cables/cbl-0188u,cables,Newland,,,CBL-0188U,CBL-0188U USB-C Cable for Handheld Scanners,https://www.newland-id.com/datasheets/388/cbl-0188u-usb-c-cable-for-handheld-scanners.pdf,https://newlandemea.katanapim.com/content/images/thumbs/000/0000564_cbl-0188u.png,"Contact us today and start making your processes easier, faster and more intuitive!","Dimensions: 2 meter
Interfaces: USB-C
Warranty Standard: 1 Year",,,,"<table class=""Table_Products_Style"">
<thead>
<tr>
<th>Thông số kỹ thuật</th>
<th>Chi tiết</th>
</tr>
</thead>
<tbody>
<tr><td>Dimensions</td><td>2 meter</td></tr>
<tr><td>Interfaces</td><td>USB-C</td></tr>
<tr><td>Warranty Standard</td><td>1 Year</td></tr>
<tr><td>Part Number</td><td>Description</td></tr>
<tr><td>CBL-0188U</td><td>USB-C cable 2 meter for Handheld series.</td></tr>
</tbody>
</table>",,,,,,,,
https://www.newland-id.com/en/products/protection-handling/hs115,protection-handling,Newland,,,HS115,HS115 Holster for N7 and MT90,https://www.newland-id.com/datasheets/387/hs115-holster-for-n7-and-mt90.pdf,https://newlandemea.katanapim.com/content/images/thumbs/000/0000612_hs115.png,"Contact us today and start making your processes easier, faster and more intuitive!","Part Number: Description
HS115: Holster for MT90 with RB9050/51, N7 with or w/o TPU.",,,,"<table class=""Table_Products_Style"">
<thead>
<tr>
<th>Thông số kỹ thuật</th>
<th>Chi tiết</th>
</tr>
</thead>
<tbody>
<tr><td>Part Number</td><td>Description</td></tr>
<tr><td>HS115</td><td>Holster for MT90 with RB9050/51, N7 with or w/o TPU.</td></tr>
</tbody>
</table>",,,,,,,,
https://www.newland-id.com/en/products/protection-handling/bt105,protection-handling,Newland,,,BT105,BT105 Belt for Holster,https://www.newland-id.com/datasheets/386/bt105-belt-for-holster.pdf,https://newlandemea.katanapim.com/content/images/thumbs/000/0000613_bt105-1.png,"Contact us today and start making your processes easier, faster and more intuitive!","Dimensions: 40mm x 150cm
Part Number: Description
BT105: Belt 40mm x 150cm for holster.",,,,"<table class=""Table_Products_Style"">
<thead>
<tr>
<th>Thông số kỹ thuật</th>
<th>Chi tiết</th>
</tr>
</thead>
<tbody>
<tr><td>Dimensions</td><td>40mm x 150cm</td></tr>
<tr><td>Part Number</td><td>Description</td></tr>
<tr><td>BT105</td><td>Belt 40mm x 150cm for holster.</td></tr>
</tbody>
</table>",,,,,,,,
https://www.newland-id.com/en/products/protection-handling/rc105,protection-handling,Newland,,,RC105,RC105 Rotating Clip for Holster,https://www.newland-id.com/datasheets/385/rc105-rotating-clip-for-holster.pdf,https://newlandemea.katanapim.com/content/images/thumbs/000/0000615_rc105-1.png,"Contact us today and start making your processes easier, faster and more intuitive!","Part Number: Description
RC105: Rotating clip for holster HS105 and HS115.",,,,"<table class=""Table_Products_Style"">
<thead>
<tr>
<th>Thông số kỹ thuật</th>
<th>Chi tiết</th>
</tr>
</thead>
<tbody>
<tr><td>Part Number</td><td>Description</td></tr>
<tr><td>RC105</td><td>Rotating clip for holster HS105 and HS115.</td></tr>
</tbody>
</table>",,,,,,,,
https://www.newland-id.com/en/products/cables/cbl036ua,cables,Newland,,,CBL036UA,"CBL036UA USB Cable for HR, FM, and FR Series","https://www.newland-id.com/datasheets/384/cbl036ua-usb-cable-for-hr,-fm,-and-fr-series.pdf",https://newlandemea.katanapim.com/content/images/thumbs/000/0000566_cbl-036ua.png,"Contact us today and start making your processes easier, faster and more intuitive!","Dimensions: 3 meter
Interfaces: USB
Warranty Standard: 1 Year",,,,"<table class=""Table_Products_Style"">
<thead>
<tr>
<th>Thông số kỹ thuật</th>
<th>Chi tiết</th>
</tr>
</thead>
<tbody>
<tr><td>Dimensions</td><td>3 meter</td></tr>
<tr><td>Interfaces</td><td>USB</td></tr>
<tr><td>Warranty Standard</td><td>1 Year</td></tr>
<tr><td>Part Number</td><td>Description</td></tr>
<tr><td>CBL036UA</td><td>USB cable 3 meter for Handheld series, FR and FM series.</td></tr>
</tbody>
</table>",,,,,,,,
https://www.newland-id.com/en/products/peripherals/nls-pg93-01,peripherals,Newland,,,NLS-PG93-01,NLS-PG93-01 Pistol Grip for MT93 Series,https://www.newland-id.com/datasheets/383/nls-pg93-01-pistol-grip-for-mt93-series.pdf,https://newlandemea.katanapim.com/content/images/thumbs/000/0000605_nls-pg93-01.png,"Contact us today and start making your processes easier, faster and more intuitive!","Warranty Standard: 1 Year
Part Number: Description
NLS-PG93-01: Pistol Grip for MT93 Standard Plus and MT93 Pro",,,,"<table class=""Table_Products_Style"">
<thead>
<tr>
<th>Thông số kỹ thuật</th>
<th>Chi tiết</th>
</tr>
</thead>
<tbody>
<tr><td>Warranty Standard</td><td>1 Year</td></tr>
<tr><td>Part Number</td><td>Description</td></tr>
<tr><td>NLS-PG93-01</td><td>Pistol Grip for MT93 Standard Plus and MT93 Pro</td></tr>
</tbody>
</table>",,,,,,,,
https://www.newland-id.com/en/products/protection-handling/hs107,protection-handling,Newland,,,HS107,HS107 Textile Case Holster for MT37,https://www.newland-id.com/datasheets/382/hs107-textile-case-holster-for-mt37.pdf,https://newlandemea.katanapim.com/content/images/thumbs/000/0000618_hs107-2.png,Textile case MT37 including swivel mount belt adapter.,"Accessories Standard: Swivel mount belt adapter
Part Number: Description
HS107: Textile case MT37 including swivel mount belt adapter.",,,,"<table class=""Table_Products_Style"">
<thead>
<tr>
<th>Thông số kỹ thuật</th>
<th>Chi tiết</th>
</tr>
</thead>
<tbody>
<tr><td>Accessories Standard</td><td>Swivel mount belt adapter</td></tr>
<tr><td>Part Number</td><td>Description</td></tr>
<tr><td>HS107</td><td>Textile case MT37 including swivel mount belt adapter.</td></tr>
</tbody>
</table>",,,,,,,,
https://www.newland-id.com/en/products/protection-handling/hs105,protection-handling,Newland,,,HS105,"HS105 Holster for MT93 Series, MT95, MT90,  and MT37","https://www.newland-id.com/datasheets/381/hs105-holster-for-mt93-series,-mt95,-mt90,-and-mt37.pdf",https://newlandemea.katanapim.com/content/images/thumbs/000/0000619_hs105-1.png,"Contact us today and start making your processes easier, faster and more intuitive!","Part Number: Description
HS105: Holster for MT90 w/o Rubber Boot, MT93 with and w/o TPU Protector, MT95 with and w/o TPU Protector, and MT37.",,,,"<table class=""Table_Products_Style"">
<thead>
<tr>
<th>Thông số kỹ thuật</th>
<th>Chi tiết</th>
</tr>
</thead>
<tbody>
<tr><td>Part Number</td><td>Description</td></tr>
<tr><td>HS105</td><td>Holster for MT90 w/o Rubber Boot, MT93 with and w/o TPU Protector, MT95 with and w/o TPU Protector, and MT37.</td></tr>
</tbody>
</table>",,,,,,,,
https://www.newland-id.com/en/products/cables/cbl042ua-v5,cables,Newland,,,CBL042UA,"CBL042UA V5.0 USB Cable for FM, and FR Series","https://www.newland-id.com/datasheets/380/cbl042ua-v5.0-usb-cable-for-fm,-and-fr-series.pdf",https://newlandemea.katanapim.com/content/images/thumbs/000/0000567_cbl-042ua.png,"Contact us today and start making your processes easier, faster and more intuitive!","Dimensions: 40 cm
Interfaces: USB
Warranty Standard: 1 Year",,,,"<table class=""Table_Products_Style"">
<thead>
<tr>
<th>Thông số kỹ thuật</th>
<th>Chi tiết</th>
</tr>
</thead>
<tbody>
<tr><td>Dimensions</td><td>40 cm</td></tr>
<tr><td>Interfaces</td><td>USB</td></tr>
<tr><td>Warranty Standard</td><td>1 Year</td></tr>
<tr><td>Part Number</td><td>Description</td></tr>
<tr><td>CBL042UA V5.0</td><td>USB straight cable 40cm for Handheld series, FR and FM series</td></tr>
</tbody>
</table>",,,,,,,,
https://www.newland-id.com/en/products/protection-handling/spmt95,protection-handling,Newland,,,SPMT95,SPMT95 Glass Screen Protector for MT95,https://www.newland-id.com/datasheets/379/spmt95-glass-screen-protector-for-mt95.pdf,https://newlandemea.katanapim.com/content/images/thumbs/000/0000644_screen_protector.png,"Contact us today and start making your processes easier, faster and more intuitive!","Part Number: Description
SPMT95: Glass screen protector for MT95 series.",,,,"<table class=""Table_Products_Style"">
<thead>
<tr>
<th>Thông số kỹ thuật</th>
<th>Chi tiết</th>
</tr>
</thead>
<tbody>
<tr><td>Part Number</td><td>Description</td></tr>
<tr><td>SPMT95</td><td>Glass screen protector for MT95 series.</td></tr>
</tbody>
</table>",,,,,,,,
https://www.newland-id.com/en/products/base-stations/nls-std-wm001,base-stations,Newland,,,NLS-STD-WM001,NLS-STD-WM001 Wall Mount Clip for HR Series,https://www.newland-id.com/datasheets/377/nls-std-wm001-wall-mount-clip-for-hr-series.pdf,https://newlandemea.katanapim.com/content/images/thumbs/000/0000553_std-wm001-1.png,"Contact us today and start making your processes easier, faster and more intuitive!","Warranty Standard: 3 Months
Part Number: Description
NLS-STD-WM001: Wall mount clip for HR series scanners",,,,"<table class=""Table_Products_Style"">
<thead>
<tr>
<th>Thông số kỹ thuật</th>
<th>Chi tiết</th>
</tr>
</thead>
<tbody>
<tr><td>Warranty Standard</td><td>3 Months</td></tr>
<tr><td>Part Number</td><td>Description</td></tr>
<tr><td>NLS-STD-WM001</td><td>Wall mount clip for HR series scanners</td></tr>
</tbody>
</table>",,,,,,,,
https://www.newland-id.com/en/products/charging-power/bty-mt67,charging-power,Newland,,,BTY-MT67,BTY-MT67 Battery for MT67,https://www.newland-id.com/datasheets/376/bty-mt67-battery-for-mt67.pdf,https://newlandemea.katanapim.com/content/images/thumbs/000/0000585_bty-mt67.png,"Contact us today and start making your processes easier, faster and more intuitive!","Battery Type: 3.8V 4800mAh
Warranty Standard: 3 Months
Part Number: Description",,,,"<table class=""Table_Products_Style"">
<thead>
<tr>
<th>Thông số kỹ thuật</th>
<th>Chi tiết</th>
</tr>
</thead>
<tbody>
<tr><td>Battery Type</td><td>3.8V 4800mAh</td></tr>
<tr><td>Warranty Standard</td><td>3 Months</td></tr>
<tr><td>Part Number</td><td>Description</td></tr>
<tr><td>BTY-MT67</td><td>Battery for MT67 series, 3.8V 4800mAh.</td></tr>
</tbody>
</table>",,,,,,,,
https://www.newland-id.com/en/products/base-stations/nls-cd52,base-stations,Newland,,,NLS-CD52,NLS-CD52 Bluetooth Stand for HR52,https://www.newland-id.com/datasheets/375/nls-cd52-bluetooth-stand-for-hr52.pdf,https://newlandemea.katanapim.com/content/images/thumbs/000/0000555_nls-cd52.png,"Contact us today and start making your processes easier, faster and more intuitive!","Warranty Standard: 1 Year
Part Number: Description
NLS-CD52: Bluetooth Docking Station for HR52-BT Charging and Communication.",,,,"<table class=""Table_Products_Style"">
<thead>
<tr>
<th>Thông số kỹ thuật</th>
<th>Chi tiết</th>
</tr>
</thead>
<tbody>
<tr><td>Warranty Standard</td><td>1 Year</td></tr>
<tr><td>Part Number</td><td>Description</td></tr>
<tr><td>NLS-CD52</td><td>Bluetooth Docking Station for HR52-BT Charging and Communication.</td></tr>
</tbody>
</table>",,,,,,,,
https://www.newland-id.com/en/products/charging-power/nls-mcd95-4b,charging-power,Newland,,,NLS-MCD95-4B,NLS-MCD95-4B 4-slot Battery Charger for MT95,https://www.newland-id.com/datasheets/374/nls-mcd95-4b-4-slot-battery-charger-for-mt95.pdf,https://newlandemea.katanapim.com/content/images/thumbs/000/0000586_nls-mcd95-4b.png,"Contact us today and start making your processes easier, faster and more intuitive!","Warranty Standard: 1 Year
Accessories Standard: Multiplug adapter
Part Number: Description",,,,"<table class=""Table_Products_Style"">
<thead>
<tr>
<th>Thông số kỹ thuật</th>
<th>Chi tiết</th>
</tr>
</thead>
<tbody>
<tr><td>Warranty Standard</td><td>1 Year</td></tr>
<tr><td>Accessories Standard</td><td>Multiplug adapter</td></tr>
<tr><td>Part Number</td><td>Description</td></tr>
<tr><td>NLS-MCD95-4B</td><td>4-Slot Multi Battery Charger for MT95 Battery, includes multiplug adapter (EU/UK/US).</td></tr>
</tbody>
</table>",,,,,,,,
https://www.newland-id.com/en/products/protection-handling/hs-mt93,protection-handling,Newland,Thiết bị bảo vệ đeo tay,,HS-MT93,HS-MT93 Hand Strap for MT93 Series,https://www.newland-id.com/datasheets/373/hs-mt93-hand-strap-for-mt93-series.pdf,https://newlandemea.katanapim.com/content/images/thumbs/000/0000621_NLS-HS-MT-001.png,"Contact us today and start making your processes easier, faster and more intuitive!","Accessories Standard: Mounting screws
Part Number: Description
HS-MT93: Hand Strap including mounting screws for MT93 series",,,,"<table class=""Table_Products_Style"">
<thead>
<tr>
<th>Thông số kỹ thuật</th>
<th>Chi tiết</th>
</tr>
</thead>
<tbody>
<tr><td>Accessories Standard</td><td>Mounting screws</td></tr>
<tr><td>Part Number</td><td>Description</td></tr>
<tr><td>HS-MT93</td><td>Hand Strap including mounting screws for MT93 series</td></tr>
</tbody>
</table>",,,,,,,,
https://www.newland-id.com/en/products/base-stations/nls-std300,base-stations,Newland,,,NLS-STD300,NLS-STD300 Smart Foldable Stand for NVH300,https://www.newland-id.com/datasheets/372/nls-std300-smart-foldable-stand-for-nvh300.pdf,https://newlandemea.katanapim.com/content/images/thumbs/000/0000556_nls-std300.png,"Contact us today and start making your processes easier, faster and more intuitive!","Warranty Standard: 3 Months
Part Number: Description
NLS-STD300: Smart foldable stand for NVH300 series. Incl. auto sense.",,,,"<table class=""Table_Products_Style"">
<thead>
<tr>
<th>Thông số kỹ thuật</th>
<th>Chi tiết</th>
</tr>
</thead>
<tbody>
<tr><td>Warranty Standard</td><td>3 Months</td></tr>
<tr><td>Part Number</td><td>Description</td></tr>
<tr><td>NLS-STD300</td><td>Smart foldable stand for NVH300 series. Incl. auto sense.</td></tr>
</tbody>
</table>",,,,,,,,
https://www.newland-id.com/en/products/cables/cbl115u,cables,Newland,,,CBL115U,CBL115U 4-PIN to USB Cable for EM20-80,https://www.newland-id.com/datasheets/371/cbl115u-4-pin-to-usb-cable-for-em20-80.pdf,https://newlandemea.katanapim.com/content/images/thumbs/000/0000762_cbl115u.png,"Contact us today and start making your processes easier, faster and more intuitive!","Dimensions: 1.2 meter
Interfaces: USB, 4 pogo pins
Part Number: Description",,,,"<table class=""Table_Products_Style"">
<thead>
<tr>
<th>Thông số kỹ thuật</th>
<th>Chi tiết</th>
</tr>
</thead>
<tbody>
<tr><td>Dimensions</td><td>1.2 meter</td></tr>
<tr><td>Interfaces</td><td>USB, 4 pogo pins</td></tr>
<tr><td>Part Number</td><td>Description</td></tr>
<tr><td>CBL115U</td><td>4-PIN - USB cable 1.2 meter for EM20-80.</td></tr>
</tbody>
</table>",,,,,,,,
https://www.newland-id.com/en/products/protection-handling/pt105,protection-handling,Newland,,,PT105,PT105 Protection Flap for Holster,https://www.newland-id.com/datasheets/370/pt105-protection-flap-for-holster.pdf,https://newlandemea.katanapim.com/content/images/thumbs/000/0000623_pt105-1.png,"Contact us today and start making your processes easier, faster and more intuitive!","Part Number: Description
PT105: Protection flap for holster HS105 and HS115.",,,,"<table class=""Table_Products_Style"">
<thead>
<tr>
<th>Thông số kỹ thuật</th>
<th>Chi tiết</th>
</tr>
</thead>
<tbody>
<tr><td>Part Number</td><td>Description</td></tr>
<tr><td>PT105</td><td>Protection flap for holster HS105 and HS115.</td></tr>
</tbody>
</table>",,,,,,,,
https://www.newland-id.com/en/products/nwear-accessories/nls-bcrr-01,nwear-accessories,Newland,,,NLS-BCRR-01,NLS-BCRR-01 Belt Clip with Retractable Reel for WD5,https://www.newland-id.com/datasheets/369/nls-bcrr-01-belt-clip-with-retractable-reel-for-wd5.pdf,https://newlandemea.katanapim.com/content/images/thumbs/000/0000681_nls-bcrr-01.png,"Contact us today and start making your processes easier, faster and more intuitive!","Part Number: Description
NLS-BCRR-01: Belt clip with retractable reel for WD5 Series",,,,"<table class=""Table_Products_Style"">
<thead>
<tr>
<th>Thông số kỹ thuật</th>
<th>Chi tiết</th>
</tr>
</thead>
<tbody>
<tr><td>Part Number</td><td>Description</td></tr>
<tr><td>NLS-BCRR-01</td><td>Belt clip with retractable reel for WD5 Series</td></tr>
</tbody>
</table>",,,,,,,,
https://www.newland-id.com/en/products/cables/cbl128r,cables,Newland,,,CBL128R,CBL128R Cable for Magellan Connection,https://www.newland-id.com/datasheets/368/cbl128r-cable-for-magellan-connection.pdf,https://newlandemea.katanapim.com/content/images/thumbs/000/0000568_cbl-128r.png,"Contact us today and start making your processes easier, faster and more intuitive!","Dimensions: 3,5 meter
Housing: Coiled cable
Interfaces: Magellan",,,,"<table class=""Table_Products_Style"">
<thead>
<tr>
<th>Thông số kỹ thuật</th>
<th>Chi tiết</th>
</tr>
</thead>
<tbody>
<tr><td>Dimensions</td><td>3,5 meter</td></tr>
<tr><td>Housing</td><td>Coiled cable</td></tr>
<tr><td>Interfaces</td><td>Magellan</td></tr>
<tr><td>Warranty Standard</td><td>1 Year</td></tr>
<tr><td>Part Number</td><td>Description</td></tr>
<tr><td>CBL128R</td><td>3,5 meter coiled cable for Magellan connection.</td></tr>
</tbody>
</table>",,,,,,,,
https://www.newland-id.com/en/products/charging-power/nls-cdn7-4b,charging-power,Newland,,,NLS-CDN7-4B,NLS-CDN7-4B 4-slot Battery Charger for N7,https://www.newland-id.com/datasheets/367/nls-cdn7-4b-4-slot-battery-charger-for-n7.pdf,https://newlandemea.katanapim.com/content/images/thumbs/000/0000587_nls-cdn7-4b.png,"Contact us today and start making your processes easier, faster and more intuitive!","Warranty Standard: 1 Year
Accessories Standard: Multiplug adapter
Part Number: Description",,,,"<table class=""Table_Products_Style"">
<thead>
<tr>
<th>Thông số kỹ thuật</th>
<th>Chi tiết</th>
</tr>
</thead>
<tbody>
<tr><td>Warranty Standard</td><td>1 Year</td></tr>
<tr><td>Accessories Standard</td><td>Multiplug adapter</td></tr>
<tr><td>Part Number</td><td>Description</td></tr>
<tr><td>NLS-CDN7-4B</td><td>4-slot battery charger for N7 series, incl. multiplug adapter (EU/UK/US)</td></tr>
</tbody>
</table>",,,,,,,,
https://www.newland-id.com/en/products/base-stations/nls-std30i,base-stations,Newland,,,NLS-STD30i,NLS-STD30i Smart Gooseneck Stand for Handheld Scanners,https://www.newland-id.com/datasheets/366/nls-std30i-smart-gooseneck-stand-for-handheld-scanners.pdf,https://newlandemea.katanapim.com/content/images/thumbs/000/0000558_nls-std30i.png,"Contact us today and start making your processes easier, faster and more intuitive!","Warranty Standard: 3 Months
Part Number: Description
NLS-STD30i: Smart gooseneck stand for Handheld Scanners",,,,"<table class=""Table_Products_Style"">
<thead>
<tr>
<th>Thông số kỹ thuật</th>
<th>Chi tiết</th>
</tr>
</thead>
<tbody>
<tr><td>Warranty Standard</td><td>3 Months</td></tr>
<tr><td>Part Number</td><td>Description</td></tr>
<tr><td>NLS-STD30i</td><td>Smart gooseneck stand for Handheld Scanners</td></tr>
</tbody>
</table>",,,,,,,,
https://www.newland-id.com/en/products/cables/cbl026u,cables,Newland,,,CBL026U,CBL026U USB Cable for FR and FM series,https://www.newland-id.com/datasheets/365/cbl026u-usb-cable-for-fr-and-fm-series.pdf,https://newlandemea.katanapim.com/content/images/thumbs/000/0000569_cbl026u.png,"Contact us today and start making your processes easier, faster and more intuitive!","Dimensions: 2 meter
Interfaces: USB
Warranty Standard: 1 Year",,,,"<table class=""Table_Products_Style"">
<thead>
<tr>
<th>Thông số kỹ thuật</th>
<th>Chi tiết</th>
</tr>
</thead>
<tbody>
<tr><td>Dimensions</td><td>2 meter</td></tr>
<tr><td>Interfaces</td><td>USB</td></tr>
<tr><td>Warranty Standard</td><td>1 Year</td></tr>
<tr><td>Part Number</td><td>Description</td></tr>
<tr><td>CBL026U</td><td>USB cable 2 meter without strain relief for FR and FM series.</td></tr>
</tbody>
</table>",,,,,,,,
https://www.newland-id.com/en/products/peripherals/nls-nqiokit-01,peripherals,Newland,,,NLS-NQIOKIT-01,NLS-NQIOKIT-01 NQuire IO Kit,https://www.newland-id.com/datasheets/362/nls-nqiokit-01-nquire-io-kit.pdf,https://newlandemea.katanapim.com/content/images/thumbs/000/0000648_nls-nqiokit-01.png,"Contact us today and start making your processes easier, faster and more intuitive!","Warranty Standard: 1 Year
Accessories Standard: 1 x cable with SH1.0-8-pin connector, 1 x cable with SH1.0-6-pin connector, and cover with cable entry
Part Number: Description",,,,"<table class=""Table_Products_Style"">
<thead>
<tr>
<th>Thông số kỹ thuật</th>
<th>Chi tiết</th>
</tr>
</thead>
<tbody>
<tr><td>Warranty Standard</td><td>1 Year</td></tr>
<tr><td>Accessories Standard</td><td>1 x cable with SH1.0-8-pin connector, 1 x cable with SH1.0-6-pin connector, and cover with cable entry</td></tr>
<tr><td>Part Number</td><td>Description</td></tr>
<tr><td>NLS-NQIOKIT-01</td><td>NQuire IO Kit V1.0 including 1 X Cable with SH1.0-8PIN connector,
1 X Cable with SH1.0-6PIN connector, and Cover with cable entry</td></tr>
</tbody>
</table>",,,,,,,,
https://www.newland-id.com/en/products/cables/cbl017u,cables,Newland,,,CBL017U,"CBL017U RJ to USB-C Cable for HR, FR and FM Series","https://www.newland-id.com/datasheets/364/cbl017u-rj-to-usb-c-cable-for-hr,-fr-and-fm-series.pdf",https://newlandemea.katanapim.com/content/images/thumbs/000/0000570_cbl017u.png,"Contact us today and start making your processes easier, faster and more intuitive!","Dimensions: 1.8 meter
Interfaces: USB-C, RJ-45
Warranty Standard: 1 Year",,,,"<table class=""Table_Products_Style"">
<thead>
<tr>
<th>Thông số kỹ thuật</th>
<th>Chi tiết</th>
</tr>
</thead>
<tbody>
<tr><td>Dimensions</td><td>1.8 meter</td></tr>
<tr><td>Interfaces</td><td>USB-C, RJ-45</td></tr>
<tr><td>Warranty Standard</td><td>1 Year</td></tr>
<tr><td>Part Number</td><td>Description</td></tr>
<tr><td>CBL017U</td><td>RJ to USB-C straight 1.8 meter cable for all HR, FR and FM series scanners.</td></tr>
</tbody>
</table>",,,,,,,,
https://www.newland-id.com/en/products/base-stations/nls-mcd95-1c,base-stations,Newland,,,NLS-MCD95-1C,NLS-MCD95-1C Charging Cradle for MT95,https://www.newland-id.com/datasheets/361/nls-mcd95-1c-charging-cradle-for-mt95.pdf,https://newlandemea.katanapim.com/content/images/thumbs/000/0000560_nls-mcd95-1c.png,"Contact us today and start making your processes easier, faster and more intuitive!","Warranty Standard: 1 Year
Part Number: Description
NLS-MCD95-1C: Charging Cradle for MT95 series (connectable up to 4pcs; no Power Supply included).",,,,"<table class=""Table_Products_Style"">
<thead>
<tr>
<th>Thông số kỹ thuật</th>
<th>Chi tiết</th>
</tr>
</thead>
<tbody>
<tr><td>Warranty Standard</td><td>1 Year</td></tr>
<tr><td>Part Number</td><td>Description</td></tr>
<tr><td>NLS-MCD95-1C</td><td>Charging Cradle for MT95 series (connectable up to 4pcs; no Power Supply included).</td></tr>
</tbody>
</table>",,,,,,,,
https://www.newland-id.com/en/products/protection-handling/nls-rb67-01,protection-handling,Newland,,,NLS-RB67-01,NLS-RB67-01 Protective Case for MT67 Series,https://www.newland-id.com/datasheets/359/nls-rb67-01-protective-case-for-mt67-series.pdf,https://newlandemea.katanapim.com/content/images/thumbs/000/0000625_nls-rb67-01.png,"Contact us today and start making your processes easier, faster and more intuitive!","Accessories Standard: Velcro watch strap
Part Number: Description
NLS-RB67-01: Protective case for the MT67 series, including Velcro wrist strap",,,,"<table class=""Table_Products_Style"">
<thead>
<tr>
<th>Thông số kỹ thuật</th>
<th>Chi tiết</th>
</tr>
</thead>
<tbody>
<tr><td>Accessories Standard</td><td>Velcro watch strap</td></tr>
<tr><td>Part Number</td><td>Description</td></tr>
<tr><td>NLS-RB67-01</td><td>Protective case for the MT67 series, including Velcro wrist strap</td></tr>
</tbody>
</table>",,,,,,,,
https://www.newland-id.com/en/products/charging-power/nls-cpa-univ,charging-power,Newland,,,NLS-CPA-UNIV,NLS-CPA-UNIV Cig-Plug Adapter,https://www.newland-id.com/datasheets/358/nls-cpa-univ-cig-plug-adapter.pdf,https://newlandemea.katanapim.com/content/images/thumbs/000/0000598_nls-cpa-univ.png,"The Cig-Plug adapter for Newland’s mobile computers provides continuous external power while on the road. Commonly used in logistics, delivery, field service, and transportation, it supports battery charging during intensive tasks such as heavy scanning, GPS navigation, or 4G/5G data use. By drawing power directly from the vehicle, the Cig-Plug adapter ensures uninterrupted operation and reliable performance in the field.","Dimensions: 1.5 meter
Interfaces: USB-C, USB-A
Power Supply Input: DC12-24V 7A Max",,,,"<table class=""Table_Products_Style"">
<thead>
<tr>
<th>Thông số kỹ thuật</th>
<th>Chi tiết</th>
</tr>
</thead>
<tbody>
<tr><td>Dimensions</td><td>1.5 meter</td></tr>
<tr><td>Interfaces</td><td>USB-C, USB-A</td></tr>
<tr><td>Power Supply Input</td><td>DC12-24V 7A Max</td></tr>
<tr><td>Power Supply Output</td><td>USB-A: 5V/3A, 9V/2A, 10V/2A, 12V/2.5A 30W Max; USB-A: 5V/3A, 9V/2A, 10V/2A, 12V/2.5A 30W Max; USB-C: 5V/3A, 9V/2.77A, 12V/2.5A, 15V/2A, 20V/1.5A 30W Max</td></tr>
<tr><td>Warranty Standard</td><td>1 Year</td></tr>
<tr><td>Accessories Standard</td><td>USB-C cable</td></tr>
<tr><td>Part Number</td><td>Description</td></tr>
<tr><td>NLS-CPA-UNIV</td><td>Cig-Plug Adapter with USB-A & USB-C Ports + USB-C to USB-C Cable (1.5 m)</td></tr>
</tbody>
</table>",,,,,,,,
https://www.newland-id.com/en/products/base-stations/nls-std23-33-sa,base-stations,Newland,,,NLS-STD23-33-SA,NLS-STD23-33-SA Smart Adjustable Stand for HR23 and HR33 Series,https://www.newland-id.com/datasheets/357/nls-std23-33-sa-smart-adjustable-stand-for-hr23-and-hr33-series.pdf,https://newlandemea.katanapim.com/content/images/thumbs/000/0000652_nls-std23-33-sa.png,"Contact us today and start making your processes easier, faster and more intuitive!","Warranty Standard: 3 Months
Part Number: Description
NLS-STD23-33-SA: Smart adjustable smart stand for HR2300 and HR3300 series",,,,"<table class=""Table_Products_Style"">
<thead>
<tr>
<th>Thông số kỹ thuật</th>
<th>Chi tiết</th>
</tr>
</thead>
<tbody>
<tr><td>Warranty Standard</td><td>3 Months</td></tr>
<tr><td>Part Number</td><td>Description</td></tr>
<tr><td>NLS-STD23-33-SA</td><td>Smart adjustable smart stand for HR2300 and HR3300 series</td></tr>
</tbody>
</table>",,,,,,,,
https://www.newland-id.com/en/products/peripherals/nls-mpg95-01,peripherals,Newland,,,NLS-MPG95-01,NLS-MPG95-01 Pistol Grip for MT95,https://www.newland-id.com/datasheets/356/nls-mpg95-01-pistol-grip-for-mt95.pdf,https://newlandemea.katanapim.com/content/images/thumbs/000/0000607_nls-mpg95-01.png,"Contact us today and start making your processes easier, faster and more intuitive!","Warranty Standard: 1 Year
Part Number: Description
NLS-MPG95-01: Pistol grip for MT95 series.",,,,"<table class=""Table_Products_Style"">
<thead>
<tr>
<th>Thông số kỹ thuật</th>
<th>Chi tiết</th>
</tr>
</thead>
<tbody>
<tr><td>Warranty Standard</td><td>1 Year</td></tr>
<tr><td>Part Number</td><td>Description</td></tr>
<tr><td>NLS-MPG95-01</td><td>Pistol grip for MT95 series.</td></tr>
</tbody>
</table>",,,,,,,,
https://www.newland-id.com/en/products/base-stations/nls-cd6750-01,base-stations,Newland,,,NLS-CD6750-01,NLS-CD6750-01 Charging Cradle for MT67,https://www.newland-id.com/datasheets/355/nls-cd6750-01-charging-cradle-for-mt67.pdf,https://newlandemea.katanapim.com/content/images/thumbs/000/0000642_nls-cd6750-01.png,"Contact us today and start making your processes easier, faster and more intuitive!","Warranty Standard: 1 Year
Part Number: Description
NLS-CD6750-01: Cradle for MT67 series with battery charging slot (connectable up to 4 pcs, no power supply included).",,,,"<table class=""Table_Products_Style"">
<thead>
<tr>
<th>Thông số kỹ thuật</th>
<th>Chi tiết</th>
</tr>
</thead>
<tbody>
<tr><td>Warranty Standard</td><td>1 Year</td></tr>
<tr><td>Part Number</td><td>Description</td></tr>
<tr><td>NLS-CD6750-01</td><td>Cradle for MT67 series with battery charging slot (connectable up to 4 pcs, no power supply included).</td></tr>
</tbody>
</table>",,,,,,,,
https://www.newland-id.com/en/products/nwear-accessories/strap-ve-10,nwear-accessories,Newland,,,Strap-VE-10,Strap-VE-10 Strap for WD1,https://www.newland-id.com/datasheets/353/strap-ve-10-strap-for-wd1.pdf,https://newlandemea.katanapim.com/content/images/thumbs/000/0000682_strap-ve-10.png,"Contact us today and start making your processes easier, faster and more intuitive!","Part Number: Description
Strap-VE-10: Velcro strap for WD1 (10 Pcs).",,,,"<table class=""Table_Products_Style"">
<thead>
<tr>
<th>Thông số kỹ thuật</th>
<th>Chi tiết</th>
</tr>
</thead>
<tbody>
<tr><td>Part Number</td><td>Description</td></tr>
<tr><td>Strap-VE-10</td><td>Velcro strap for WD1 (10 Pcs).</td></tr>
</tbody>
</table>",,,,,,,,
https://www.newland-id.com/en/products/charging-power/nls-cd3233-4c,charging-power,Newland,,,NLS-CD3233-4C,NLS-CD3233-4C 4-slot Battery Charger for HR23 and HR33 Series,https://www.newland-id.com/datasheets/354/nls-cd3233-4c-4-slot-battery-charger-for-hr23-and-hr33-series.pdf,https://newlandemea.katanapim.com/content/images/thumbs/000/0000588_nls-cd3233-4c.png,"Contact us today and start making your processes easier, faster and more intuitive!","Warranty Standard: 1 Year
Accessories Standard: Multiplug adapter
Part Number: Description",,,,"<table class=""Table_Products_Style"">
<thead>
<tr>
<th>Thông số kỹ thuật</th>
<th>Chi tiết</th>
</tr>
</thead>
<tbody>
<tr><td>Warranty Standard</td><td>1 Year</td></tr>
<tr><td>Accessories Standard</td><td>Multiplug adapter</td></tr>
<tr><td>Part Number</td><td>Description</td></tr>
<tr><td>NLS-CD3233-4C</td><td>4 slot battery charger for HR23 and HR33 series batteries. Include multiplug adapter</td></tr>
</tbody>
</table>",,,,,,,,
https://www.newland-id.com/en/products/base-stations/std20i-22-w,base-stations,Newland,,,STD20I-22-W,STD20I-22-W Smart Foldable Stand,https://www.newland-id.com/datasheets/351/std20i-22-w-smart-foldable-stand.pdf,https://newlandemea.katanapim.com/content/images/thumbs/000/0000654_std20i-22-w.png,Smart foldable stand for HR11 and HR15. Incl. auto sense.,"Warranty Standard: 3 Months
Part Number: Description
STD20I-22-W: Smart foldable stand for HR11 and HR15. Incl. auto sense.",,,,"<table class=""Table_Products_Style"">
<thead>
<tr>
<th>Thông số kỹ thuật</th>
<th>Chi tiết</th>
</tr>
</thead>
<tbody>
<tr><td>Warranty Standard</td><td>3 Months</td></tr>
<tr><td>Part Number</td><td>Description</td></tr>
<tr><td>STD20I-22-W</td><td>Smart foldable stand for HR11 and HR15. Incl. auto sense.</td></tr>
</tbody>
</table>",,,,,,,,
https://www.newland-id.com/en/products/protection-handling/spn7-hybrid,protection-handling,Newland,,,SPN7,SPN7 HYBRID Screen Protector Film for N7,https://www.newland-id.com/datasheets/350/spn7-hybrid-screen-protector-film-for-n7.pdf,https://newlandemea.katanapim.com/content/images/thumbs/000/0000644_screen_protector.png,"Contact us today and start making your processes easier, faster and more intuitive!","Part Number: Description
SPN7 HYBRID: Screen protection film for N7 series 9H.",,,,"<table class=""Table_Products_Style"">
<thead>
<tr>
<th>Thông số kỹ thuật</th>
<th>Chi tiết</th>
</tr>
</thead>
<tbody>
<tr><td>Part Number</td><td>Description</td></tr>
<tr><td>SPN7 HYBRID</td><td>Screen protection film for N7 series 9H.</td></tr>
</tbody>
</table>",,,,,,,,
https://www.newland-id.com/en/products/charging-power/adp100,charging-power,Newland,,,ADP100,"ADP100 Power Supply for HR, FR, and FM Series","https://www.newland-id.com/datasheets/348/adp100-power-supply-for-hr,-fr,-and-fm-series.pdf",https://newlandemea.katanapim.com/content/images/thumbs/000/0000599_adp100.png,"Contact us today and start making your processes easier, faster and more intuitive!","Power Supply Output: 5V/1.5A
Warranty Standard: 3 Months
Part Number: Description",,,,"<table class=""Table_Products_Style"">
<thead>
<tr>
<th>Thông số kỹ thuật</th>
<th>Chi tiết</th>
</tr>
</thead>
<tbody>
<tr><td>Power Supply Output</td><td>5V/1.5A</td></tr>
<tr><td>Warranty Standard</td><td>3 Months</td></tr>
<tr><td>Part Number</td><td>Description</td></tr>
<tr><td>ADP100</td><td>Multiplug adapter 5V/1.5A for Handheld, FR and FM series.</td></tr>
</tbody>
</table>",,,,,,,,
https://www.newland-id.com/en/products/cables/cblmp100u,cables,Newland,,,CBLMP100U,CBLMP100U Data Cable for WD2,https://www.newland-id.com/datasheets/349/cblmp100u-data-cable-for-wd2.pdf,https://newlandemea.katanapim.com/content/images/thumbs/000/0000571_cbl-mp100u.png,"Contact us today and start making your processes easier, faster and more intuitive!","Dimensions: 100 cm
Interfaces: Pogo pins, USB-A
Warranty Standard: 1 Year",,,,"<table class=""Table_Products_Style"">
<thead>
<tr>
<th>Thông số kỹ thuật</th>
<th>Chi tiết</th>
</tr>
</thead>
<tbody>
<tr><td>Dimensions</td><td>100 cm</td></tr>
<tr><td>Interfaces</td><td>Pogo pins, USB-A</td></tr>
<tr><td>Warranty Standard</td><td>1 Year</td></tr>
<tr><td>Part Number</td><td>Description</td></tr>
<tr><td>CBLMP100U</td><td>Magnetic contact connector to USB-A, 100cm data cable for WD2.</td></tr>
</tbody>
</table>",,,,,,,,
https://www.newland-id.com/en/products/base-stations/nls-cdn7-c-lowv,base-stations,Newland,,,NLS-CDN7-C-LOWV,NLS-CDN7-C-LOWV Charging and Communication Cradle for N7,https://www.newland-id.com/datasheets/347/nls-cdn7-c-lowv-charging-and-communication-cradle-for-n7.pdf,https://newlandemea.katanapim.com/content/images/thumbs/000/0000643_nls-cdn7-c-lowv.png,"Contact us today and start making your processes easier, faster and more intuitive!","Warranty Standard: 1 Year
Part Number: Description
NLS-CDN7-C-LOWV: Charging and communication cradle for N7 series with spare battery charging slot (no power supply or USB cable included, order ADP710 and CBL-TC-N7).",,,,"<table class=""Table_Products_Style"">
<thead>
<tr>
<th>Thông số kỹ thuật</th>
<th>Chi tiết</th>
</tr>
</thead>
<tbody>
<tr><td>Warranty Standard</td><td>1 Year</td></tr>
<tr><td>Part Number</td><td>Description</td></tr>
<tr><td>NLS-CDN7-C-LOWV</td><td>Charging and communication cradle for N7 series with spare battery charging slot (no power supply or USB cable included, order ADP710 and CBL-TC-N7).</td></tr>
</tbody>
</table>",,,,,,,,
https://www.newland-id.com/en/products/charging-power/bty-mt95,charging-power,Newland,,,BTY-MT95,BTY-MT95 Battery for MT95,https://www.newland-id.com/datasheets/346/bty-mt95-battery-for-mt95.pdf,https://newlandemea.katanapim.com/content/images/thumbs/000/0000589_bty-mt95.png,"Contact us today and start making your processes easier, faster and more intuitive!","Battery Type: 3.8V 6000mAh
Warranty Standard: 3 Months
Part Number: Description",,,,"<table class=""Table_Products_Style"">
<thead>
<tr>
<th>Thông số kỹ thuật</th>
<th>Chi tiết</th>
</tr>
</thead>
<tbody>
<tr><td>Battery Type</td><td>3.8V 6000mAh</td></tr>
<tr><td>Warranty Standard</td><td>3 Months</td></tr>
<tr><td>Part Number</td><td>Description</td></tr>
<tr><td>BTY-MT95</td><td>Battery for MT95 series, 3.8V 6000mAh.</td></tr>
</tbody>
</table>",,,,,,,,
https://www.newland-id.com/en/products/base-stations/nls-cd1580-n0,base-stations,Newland,,,NLS-CD1580-N0,NLS-CD1580-N0 Bluetooth Stand for HR15 and HR32,https://www.newland-id.com/datasheets/345/nls-cd1580-n0-bluetooth-stand-for-hr15-and-hr32.pdf,https://newlandemea.katanapim.com/content/images/thumbs/000/0000645_nls-cd1580-n0.png,"Contact us today and start making your processes easier, faster and more intuitive!","Warranty Standard: 1 Year
Part Number: Description
NLS-CD1580-N0: Bluetooth Stand/Docking Station for HR15-BT and HR32-BT Charging and Communication.",,,,"<table class=""Table_Products_Style"">
<thead>
<tr>
<th>Thông số kỹ thuật</th>
<th>Chi tiết</th>
</tr>
</thead>
<tbody>
<tr><td>Warranty Standard</td><td>1 Year</td></tr>
<tr><td>Part Number</td><td>Description</td></tr>
<tr><td>NLS-CD1580-N0</td><td>Bluetooth Stand/Docking Station for HR15-BT and HR32-BT Charging and Communication.</td></tr>
</tbody>
</table>",,,,,,,,
https://www.newland-id.com/en/products/nwear-accessories/strap-si-01,nwear-accessories,Newland,,,Strap-SI-01,Strap-SI-01 Watch Strap for WD1,https://www.newland-id.com/datasheets/343/strap-si-01-watch-strap-for-wd1.pdf,https://newlandemea.katanapim.com/content/images/thumbs/000/0000683_strap-si-01.png,"Contact us today and start making your processes easier, faster and more intuitive!","Part Number: Description
Strap-SI-01: Silicone watch strap for WD1.",,,,"<table class=""Table_Products_Style"">
<thead>
<tr>
<th>Thông số kỹ thuật</th>
<th>Chi tiết</th>
</tr>
</thead>
<tbody>
<tr><td>Part Number</td><td>Description</td></tr>
<tr><td>Strap-SI-01</td><td>Silicone watch strap for WD1.</td></tr>
</tbody>
</table>",,,,,,,,
https://www.newland-id.com/en/products/protection-handling/ms105,protection-handling,Newland,,,MS105,MS105 Mounting Strap for Holster,https://www.newland-id.com/datasheets/341/ms105-mounting-strap-for-holster.pdf,https://newlandemea.katanapim.com/content/images/thumbs/000/0000627_mc105-1.png,"Contact us today and start making your processes easier, faster and more intuitive!","Part Number: Description
MS105: Mounting strap for holster (for Forklifts).",,,,"<table class=""Table_Products_Style"">
<thead>
<tr>
<th>Thông số kỹ thuật</th>
<th>Chi tiết</th>
</tr>
</thead>
<tbody>
<tr><td>Part Number</td><td>Description</td></tr>
<tr><td>MS105</td><td>Mounting strap for holster (for Forklifts).</td></tr>
</tbody>
</table>",,,,,,,,
https://www.newland-id.com/en/products/charging-power/bty95l,charging-power,Newland,,,BTY95L,BTY95L Battery for MT93 Series,https://www.newland-id.com/datasheets/340/bty95l-battery-for-mt93-series.pdf,https://newlandemea.katanapim.com/content/images/thumbs/000/0000590_bty95l.png,"Contact us today and start making your processes easier, faster and more intuitive!","Battery Type: 3,8 V 5000 mAh
Warranty Standard: 3 Months
Part Number: Description",,,,"<table class=""Table_Products_Style"">
<thead>
<tr>
<th>Thông số kỹ thuật</th>
<th>Chi tiết</th>
</tr>
</thead>
<tbody>
<tr><td>Battery Type</td><td>3,8 V 5000 mAh</td></tr>
<tr><td>Warranty Standard</td><td>3 Months</td></tr>
<tr><td>Part Number</td><td>Description</td></tr>
<tr><td>BTY95L</td><td>Battery for MT93 series, 3,8 V 5000 mAh</td></tr>
</tbody>
</table>",,,,,,,,
https://www.newland-id.com/en/products/base-stations/nls-cdwd5-01,base-stations,Newland,,,NLS-CDWD5-01,NLS-CDWD5-01 Charging Cradle for WD5,https://www.newland-id.com/datasheets/339/nls-cdwd5-01-charging-cradle-for-wd5.pdf,https://newlandemea.katanapim.com/content/images/thumbs/000/0000662_cdwd5-1.png,"Contact us today and start making your processes easier, faster and more intuitive!","Warranty Standard: 1 Year
Accessories Standard: USB-C cable
Part Number: Description",,,,"<table class=""Table_Products_Style"">
<thead>
<tr>
<th>Thông số kỹ thuật</th>
<th>Chi tiết</th>
</tr>
</thead>
<tbody>
<tr><td>Warranty Standard</td><td>1 Year</td></tr>
<tr><td>Accessories Standard</td><td>USB-C cable</td></tr>
<tr><td>Part Number</td><td>Description</td></tr>
<tr><td>NLS-CDWD5-01</td><td>Charging Cradle for NLS-WD5-ISW
(no Power Supply included, order ADP710 separately; USB-C Cable included)</td></tr>
</tbody>
</table>",,,,,,,,
https://www.newland-id.com/en/products/nwear-accessories/nls-bc-01,nwear-accessories,Newland,,,NLS-BC-01,NLS-BC-01 Belt Clip for WD5,https://www.newland-id.com/datasheets/338/nls-bc-01-belt-clip-for-wd5.pdf,https://newlandemea.katanapim.com/content/images/thumbs/000/0000684_nls-bc-01.png,"Contact us today and start making your processes easier, faster and more intuitive!","Part Number: Description
NLS-BC-01: Belt Clip for WD5 Series",,,,"<table class=""Table_Products_Style"">
<thead>
<tr>
<th>Thông số kỹ thuật</th>
<th>Chi tiết</th>
</tr>
</thead>
<tbody>
<tr><td>Part Number</td><td>Description</td></tr>
<tr><td>NLS-BC-01</td><td>Belt Clip for WD5 Series</td></tr>
</tbody>
</table>",,,,,,,,
https://www.newland-id.com/en/products/protection-handling/hs106,protection-handling,Newland,,,HS106,"HS106 Holster for MT67, MT90, MT93, and N7","https://www.newland-id.com/datasheets/337/hs106-holster-for-mt67,-mt90,-mt93,-and-n7.pdf",https://newlandemea.katanapim.com/content/images/thumbs/000/0000630_hs106-1.png,"Contact us today and start making your processes easier, faster and more intuitive!","Part Number: Description
HS106: Holster for MT67, MT90, MT93 and N7 series with pistol grip.",,,,"<table class=""Table_Products_Style"">
<thead>
<tr>
<th>Thông số kỹ thuật</th>
<th>Chi tiết</th>
</tr>
</thead>
<tbody>
<tr><td>Part Number</td><td>Description</td></tr>
<tr><td>HS106</td><td>Holster for MT67, MT90, MT93 and N7 series with pistol grip.</td></tr>
</tbody>
</table>",,,,,,,,
https://www.newland-id.com/en/products/base-stations/wmb750,base-stations,Newland,,,WMB750,WMB750 Wall Mount Bracket for NQuire Series,https://www.newland-id.com/datasheets/336/wmb750-wall-mount-bracket-for-nquire-series.pdf,https://newlandemea.katanapim.com/content/images/thumbs/000/0000664_wmb750.png,"Contact us today and start making your processes easier, faster and more intuitive!","Warranty Standard: 1 Year
Part Number: Description
WMB750: Adjustable Wall Mount Bracket Vesa75 for NQuire series.",,,,"<table class=""Table_Products_Style"">
<thead>
<tr>
<th>Thông số kỹ thuật</th>
<th>Chi tiết</th>
</tr>
</thead>
<tbody>
<tr><td>Warranty Standard</td><td>1 Year</td></tr>
<tr><td>Part Number</td><td>Description</td></tr>
<tr><td>WMB750</td><td>Adjustable Wall Mount Bracket Vesa75 for NQuire series.</td></tr>
</tbody>
</table>",,,,,,,,
https://www.newland-id.com/en/products/cables/cbl037r,cables,Newland,,,CBL037R,"CBL037R RS232 Cable for HR, FR, and FM Series","https://www.newland-id.com/datasheets/335/cbl037r-rs232-cable-for-hr,-fr,-and-fm-series.pdf",https://newlandemea.katanapim.com/content/images/thumbs/000/0000573_cbl-037r.png,"Contact us today and start making your processes easier, faster and more intuitive!","Dimensions: 3 meter
Interfaces: RS-232
Warranty Standard: 1 Year",,,,"<table class=""Table_Products_Style"">
<thead>
<tr>
<th>Thông số kỹ thuật</th>
<th>Chi tiết</th>
</tr>
</thead>
<tbody>
<tr><td>Dimensions</td><td>3 meter</td></tr>
<tr><td>Interfaces</td><td>RS-232</td></tr>
<tr><td>Warranty Standard</td><td>1 Year</td></tr>
<tr><td>Part Number</td><td>Description</td></tr>
<tr><td>CBL037R</td><td>RS232 cable 2 meter. For HR,  FR and FM series.</td></tr>
</tbody>
</table>",,,,,,,,
https://www.newland-id.com/en/products/charging-power/nls-cd6750-4b,charging-power,Newland,,,NLS-CD6750-4B,NLS-CD6750-4B 4-slot Battery Charger for MT67,https://www.newland-id.com/datasheets/334/nls-cd6750-4b-4-slot-battery-charger-for-mt67.pdf,https://newlandemea.katanapim.com/content/images/thumbs/000/0000591_nls-cd6750-4b.png,"Contact us today and start making your processes easier, faster and more intuitive!","Plug Type Compatibility: EU, UK, US, IN
Warranty Standard: 1 Year
Accessories Standard: Multiplug adapter",,,,"<table class=""Table_Products_Style"">
<thead>
<tr>
<th>Thông số kỹ thuật</th>
<th>Chi tiết</th>
</tr>
</thead>
<tbody>
<tr><td>Plug Type Compatibility</td><td>EU, UK, US, IN</td></tr>
<tr><td>Warranty Standard</td><td>1 Year</td></tr>
<tr><td>Accessories Standard</td><td>Multiplug adapter</td></tr>
<tr><td>Part Number</td><td>Description</td></tr>
<tr><td>NLS-CD6750-4B</td><td>4-slot battery charger for MT67, incl. multiplug adapter (EU/UK/US/IN) - (AD60-D-M).</td></tr>
</tbody>
</table>",,,,,,,,
https://www.newland-id.com/en/products/charging-power/ad60-d-m,charging-power,Newland,,,AD60-D-M,AD60-D-M Power Supply with Multiplug Adapter,https://www.newland-id.com/datasheets/328/ad60-d-m-power-supply-with-multiplug-adapter.pdf,https://newlandemea.katanapim.com/content/images/thumbs/000/0000600_ad60-d-m.png,"Contact us today and start making your processes easier, faster and more intuitive!","Plug Type Compatibility: EU, UK, US, IN
Power Supply Output: 19V/3.2A
Warranty Standard: 3 Months",,,,"<table class=""Table_Products_Style"">
<thead>
<tr>
<th>Thông số kỹ thuật</th>
<th>Chi tiết</th>
</tr>
</thead>
<tbody>
<tr><td>Plug Type Compatibility</td><td>EU, UK, US, IN</td></tr>
<tr><td>Power Supply Output</td><td>19V/3.2A</td></tr>
<tr><td>Warranty Standard</td><td>3 Months</td></tr>
<tr><td>Part Number</td><td>Description</td></tr>
<tr><td>AD60-D-M</td><td>Multiplug adapter (EU/UK/US/IN), 19V/3.2A for BS8080, CD50, NLS-CDN7-C-HIGHV, NLS-MCD9350-01 and NLS-MCD95-1C (up to 4 daisy chained). Also applicable for multi-battery charger and multi-cradle setup for the N7, MT67, NLS-WCD10-1C and charging cradle for WD1 (connectable up to 5 pcs).</td></tr>
</tbody>
</table>",,,,,,,,
https://www.newland-id.com/en/products/cables/cbl-0233r,cables,Newland,,,CBL-0233R,CBL-0233R RJ50 to Screw Connector Cable,https://www.newland-id.com/datasheets/316/cbl-0233r-rj50-to-screw-connector-cable.pdf,https://newlandemea.katanapim.com/content/images/thumbs/000/0000576_cbl-0233r.png,"Contact us today and start making your processes easier, faster and more intuitive!","Interfaces: RS-485, Wiegand
Warranty Standard: 1 Year
Part Number: Description",,,,"<table class=""Table_Products_Style"">
<thead>
<tr>
<th>Thông số kỹ thuật</th>
<th>Chi tiết</th>
</tr>
</thead>
<tbody>
<tr><td>Interfaces</td><td>RS-485, Wiegand</td></tr>
<tr><td>Warranty Standard</td><td>1 Year</td></tr>
<tr><td>Part Number</td><td>Description</td></tr>
<tr><td>CBL-0233R</td><td>RJ50 to screw connector convertor for bare wire connection (RS485-Wigand)</td></tr>
</tbody>
</table>",,,,,,,,
https://www.newland-id.com/en/products/protection-handling/nls-rb95-01,protection-handling,Newland,,,NLS-RB95-01,NLS-RB95-01 Protective Case for MT95,https://www.newland-id.com/datasheets/333/nls-rb95-01-protective-case-for-mt95.pdf,https://newlandemea.katanapim.com/content/images/thumbs/000/0000633_nls-rb95-01.png,"Contact us today and start making your processes easier, faster and more intuitive!","Part Number: Description
NLS-RB95-01: Protective case for MT95 series.",,,,"<table class=""Table_Products_Style"">
<thead>
<tr>
<th>Thông số kỹ thuật</th>
<th>Chi tiết</th>
</tr>
</thead>
<tbody>
<tr><td>Part Number</td><td>Description</td></tr>
<tr><td>NLS-RB95-01</td><td>Protective case for MT95 series.</td></tr>
</tbody>
</table>",,,,,,,,
https://www.newland-id.com/en/products/base-stations/nls-cdn7-c-highv,base-stations,Newland,,,NLS-CDN7-C-HIGHV,NLS-CDN7-C-HIGHV Charging Cradle for N7,https://www.newland-id.com/datasheets/332/nls-cdn7-c-highv-charging-cradle-for-n7.pdf,https://newlandemea.katanapim.com/content/images/thumbs/000/0000647_nls-cdn7-c-highv.png,"Contact us today and start making your processes easier, faster and more intuitive!","Warranty Standard: 1 Year
Part Number: Description
NLS-CDN7-C-HIGHV: Charging cradle for N7 series with spare battery charging slot (no power supply included, order AD60-D-M for connecting up to 4pcs).",,,,"<table class=""Table_Products_Style"">
<thead>
<tr>
<th>Thông số kỹ thuật</th>
<th>Chi tiết</th>
</tr>
</thead>
<tbody>
<tr><td>Warranty Standard</td><td>1 Year</td></tr>
<tr><td>Part Number</td><td>Description</td></tr>
<tr><td>NLS-CDN7-C-HIGHV</td><td>Charging cradle for N7 series with spare battery charging slot (no power supply included, order AD60-D-M for connecting up to 4pcs).</td></tr>
</tbody>
</table>",,,,,,,,
https://www.newland-id.com/en/products/base-stations/nls-scd20,base-stations,Newland,,,NLS-SCD20,NLS-SCD20 2-slot Charging Cradle for WD4,https://www.newland-id.com/datasheets/331/nls-scd20-2-slot-charging-cradle-for-wd4.pdf,https://newlandemea.katanapim.com/content/images/thumbs/000/0000687_nls-scd20.png,"Contact us today and start making your processes easier, faster and more intuitive!","Warranty Standard: 1 Year
Accessories Standard: USB-C cable
Part Number: Description",,,,"<table class=""Table_Products_Style"">
<thead>
<tr>
<th>Thông số kỹ thuật</th>
<th>Chi tiết</th>
</tr>
</thead>
<tbody>
<tr><td>Warranty Standard</td><td>1 Year</td></tr>
<tr><td>Accessories Standard</td><td>USB-C cable</td></tr>
<tr><td>Part Number</td><td>Description</td></tr>
<tr><td>NLS-SCD20</td><td>Dual slot charging cradle (connectable up to 5 pcs) for WD4 Series. USB-C cable included.</td></tr>
</tbody>
</table>",,,,,,,,
https://www.newland-id.com/en/products/protection-handling/spwd1,protection-handling,Newland,,,SPWD1,SPWD1 Glass Screen Protector for WD1,https://www.newland-id.com/datasheets/330/spwd1-glass-screen-protector-for-wd1.pdf,https://newlandemea.katanapim.com/content/images/thumbs/000/0000651_spwd1.png,"Contact us today and start making your processes easier, faster and more intuitive!","Part Number: Description
SPWD1: Glass Screen Protector for WD1 series",,,,"<table class=""Table_Products_Style"">
<thead>
<tr>
<th>Thông số kỹ thuật</th>
<th>Chi tiết</th>
</tr>
</thead>
<tbody>
<tr><td>Part Number</td><td>Description</td></tr>
<tr><td>SPWD1</td><td>Glass Screen Protector for WD1 series</td></tr>
</tbody>
</table>",,,,,,,,
https://www.newland-id.com/en/products/cables/cbl030ua,cables,Newland,,,CBL030UA,"CBL030UA USB Cable for HR12, HR32 and HR52 Series","https://www.newland-id.com/datasheets/329/cbl030ua-usb-cable-for-hr12,-hr32-and-hr52-series.pdf",https://newlandemea.katanapim.com/content/images/thumbs/000/0000574_cbl030ua.png,"Contact us today and start making your processes easier, faster and more intuitive!","Dimensions: 1,5 meter to 3,5 meter, 35 cm coiled cable
Interfaces: USB
Warranty Standard: 1 Year",,,,"<table class=""Table_Products_Style"">
<thead>
<tr>
<th>Thông số kỹ thuật</th>
<th>Chi tiết</th>
</tr>
</thead>
<tbody>
<tr><td>Dimensions</td><td>1,5 meter to 3,5 meter, 35 cm coiled cable</td></tr>
<tr><td>Interfaces</td><td>USB</td></tr>
<tr><td>Warranty Standard</td><td>1 Year</td></tr>
<tr><td>Part Number</td><td>Description</td></tr>
<tr><td>CBL030UA</td><td>USB cable 1,5-3,5 meter, 35cm coiled for HR15, HR22, HR32 and HR52 series.</td></tr>
</tbody>
</table>",,,,,,,,
https://www.newland-id.com/en/products/peripherals/nls-nqmsr-01,peripherals,Newland,,,NLS-NQMSR-01,NLS-NQMSR-01 MSR Reader Module for NQuire Series,https://www.newland-id.com/datasheets/327/nls-nqmsr-01-msr-reader-module-for-nquire-series.pdf,https://newlandemea.katanapim.com/content/images/thumbs/000/0000649_nls-nqmsr-01-2.png,"An magnetic stripe card reader module is an excellent accessory to complement the NQuire Series, enabling support for a wide range of application needs.","Dimensions: 71(L) x 43(W) x 29(H) mm
Power Consumption: Operating current: 50ma; Maximum current: 80ma
Weight: 41g",,,,"<table class=""Table_Products_Style"">
<thead>
<tr>
<th>Thông số kỹ thuật</th>
<th>Chi tiết</th>
</tr>
</thead>
<tbody>
<tr><td>Dimensions</td><td>71(L) x 43(W) x 29(H) mm</td></tr>
<tr><td>Power Consumption</td><td>Operating current: 50ma; Maximum current: 80ma</td></tr>
<tr><td>Weight</td><td>41g</td></tr>
<tr><td>MSR Module</td><td>Comply with ISO/IEC 7811-2 Card</td></tr>
<tr><td>MSR: Track</td><td>Support three-track magnetic stripe card decoding</td></tr>
<tr><td>Operating Temperature</td><td>-10°C to 50°C (14°F to 122°F)</td></tr>
<tr><td>Storage Temperature</td><td>-20°C to 60°C (-4°F to 140°F)</td></tr>
<tr><td>Warranty Standard</td><td>1 Year</td></tr>
<tr><td>Part Number</td><td>Description</td></tr>
<tr><td>NLS-NQMSR-01</td><td>MSR reader module for NQuire 500 Skate, 700 Stingray II, Manta 1000 III and Mobula II (Track1,2,3).</td></tr>
</tbody>
</table>",,,,,,,,
https://www.newland-id.com/en/products/protection-handling/spmt93,protection-handling,Newland,,,SPMT93,SPMT93 Glass Screen Protector for MT93 Series,https://www.newland-id.com/datasheets/326/spmt93-glass-screen-protector-for-mt93-series.pdf,https://newlandemea.katanapim.com/content/images/thumbs/000/0000644_screen_protector.png,"Contact us today and start making your processes easier, faster and more intuitive!","Part Number: Description
SPMT93: Glass Screen Protector for MT93 series",,,,"<table class=""Table_Products_Style"">
<thead>
<tr>
<th>Thông số kỹ thuật</th>
<th>Chi tiết</th>
</tr>
</thead>
<tbody>
<tr><td>Part Number</td><td>Description</td></tr>
<tr><td>SPMT93</td><td>Glass Screen Protector for MT93 series</td></tr>
</tbody>
</table>",,,,,,,,
https://www.newland-id.com/en/products/base-stations/nls-std20i-52,base-stations,Newland,,,NLS-STD20i-52,NLS-STD20i-52 Smart Foldable Stand for HR52,https://www.newland-id.com/datasheets/325/nls-std20i-52-smart-foldable-stand-for-hr52.pdf,https://newlandemea.katanapim.com/content/images/thumbs/000/0000666_nls-std20i-52.png,"Contact us today and start making your processes easier, faster and more intuitive!","Warranty Standard: 3 Months
Part Number: Description
NLS-STD20i-52: Smart foldable stand for HR52 series. Incl. auto sense.",,,,"<table class=""Table_Products_Style"">
<thead>
<tr>
<th>Thông số kỹ thuật</th>
<th>Chi tiết</th>
</tr>
</thead>
<tbody>
<tr><td>Warranty Standard</td><td>3 Months</td></tr>
<tr><td>Part Number</td><td>Description</td></tr>
<tr><td>NLS-STD20i-52</td><td>Smart foldable stand for HR52 series. Incl. auto sense.</td></tr>
</tbody>
</table>",,,,,,,,
https://www.newland-id.com/en/products/charging-power/adp0043,charging-power,Newland,,,ADP0043,ADP0043 Power Supply for NQuire Series,https://www.newland-id.com/datasheets/324/adp0043-power-supply-for-nquire-series.pdf,https://newlandemea.katanapim.com/content/images/thumbs/000/0000601_adp0043.png,"Contact us today and start making your processes easier, faster and more intuitive!","Dimensions: 1.8 meter
Interfaces: DC head
Plug Type Compatibility: EU, UK, US",,,,"<table class=""Table_Products_Style"">
<thead>
<tr>
<th>Thông số kỹ thuật</th>
<th>Chi tiết</th>
</tr>
</thead>
<tbody>
<tr><td>Dimensions</td><td>1.8 meter</td></tr>
<tr><td>Interfaces</td><td>DC head</td></tr>
<tr><td>Plug Type Compatibility</td><td>EU, UK, US</td></tr>
<tr><td>Power Supply Input</td><td>100-240V</td></tr>
<tr><td>Power Supply Output</td><td>12V/3A</td></tr>
<tr><td>Warranty Standard</td><td>3 Months</td></tr>
<tr><td>Part Number</td><td>Description</td></tr>
<tr><td>ADP0043</td><td>NQuire Series Power Supply 12V/3A, 100-240V (DC male head (5.5/2.1mm, positive inside and negative outside),  multiplug (EU, UK, US), 1.8m for Nquire 500, 750 II, 1000 III, 1500 II.</td></tr>
</tbody>
</table>",,,,,,,,
https://www.newland-id.com/en/products/protection-handling/spwd2-hybrid,protection-handling,Newland,,,SPWD2,SPWD2 HYBRID Screen Protector Film for WD2,https://www.newland-id.com/datasheets/323/spwd2-hybrid-screen-protector-film-for-wd2.pdf,https://newlandemea.katanapim.com/content/images/thumbs/000/0000672_spwd5.png,"Contact us today and start making your processes easier, faster and more intuitive!","Part Number: Description
SPWD2 HYBRID: Screen protection film for WD2 series 9H.",,,,"<table class=""Table_Products_Style"">
<thead>
<tr>
<th>Thông số kỹ thuật</th>
<th>Chi tiết</th>
</tr>
</thead>
<tbody>
<tr><td>Part Number</td><td>Description</td></tr>
<tr><td>SPWD2 HYBRID</td><td>Screen protection film for WD2 series 9H.</td></tr>
</tbody>
</table>",,,,,,,,
https://www.newland-id.com/en/products/base-stations/nls-mcd93-u-01,base-stations,Newland,,,NLS-MCD93-U-01,NLS-MCD93-U-01 Charging Cradle for MT93 UHF,https://www.newland-id.com/datasheets/321/nls-mcd93-u-01-charging-cradle-for-mt93-uhf.pdf,https://newlandemea.katanapim.com/content/images/thumbs/000/0000640_nls-mcd93-u-01-1.png,"Contact us today and start making your processes easier, faster and more intuitive!","Warranty Standard: 1 Year
Part Number: Description
NLS-MCD93-U-01: Charging Cradle for MT93 UHF series (connectable up to 4pcs;  
no Power Supply included, order ADP710 or AD60-D-M if needed)",,,,"<table class=""Table_Products_Style"">
<thead>
<tr>
<th>Thông số kỹ thuật</th>
<th>Chi tiết</th>
</tr>
</thead>
<tbody>
<tr><td>Warranty Standard</td><td>1 Year</td></tr>
<tr><td>Part Number</td><td>Description</td></tr>
<tr><td>NLS-MCD93-U-01</td><td>Charging Cradle for MT93 UHF series (connectable up to 4pcs;  
no Power Supply included, order ADP710 or AD60-D-M if needed)</td></tr>
</tbody>
</table>",,,,,,,,
https://www.newland-id.com/en/products/protection-handling/hs-mt95,protection-handling,Newland,,,HS-MT95,HS-MT95 Hand Strap including mounting screws for MT9555/MT9556/MT93-Series,https://www.newland-id.com/datasheets/320/hs-mt95-hand-strap-including-mounting-screws-for-mt9555-mt9556-mt93-series.pdf,https://newlandemea.katanapim.com/content/images/thumbs/000/0000634_hs-mt95.png,"Contact us today and start making your processes easier, faster and more intuitive!","Part Number: Description
HS-MT95: Hand Strap including mounting screws for MT95 series",,,,"<table class=""Table_Products_Style"">
<thead>
<tr>
<th>Thông số kỹ thuật</th>
<th>Chi tiết</th>
</tr>
</thead>
<tbody>
<tr><td>Part Number</td><td>Description</td></tr>
<tr><td>HS-MT95</td><td>Hand Strap including mounting screws for MT95 series</td></tr>
</tbody>
</table>",,,,,,,,
https://www.newland-id.com/en/products/protection-handling/sp37-hybrid,protection-handling,Newland,,,SP37,SP37 HYBRID Screen Protector Film,https://www.newland-id.com/datasheets/319/sp37-hybrid-screen-protector-film.pdf,https://newlandemea.katanapim.com/content/images/thumbs/000/0000644_screen_protector.png,Screen protection film for MT37 series 9H.,"Warranty Standard: 1 Year
Part Number: Description
SP37 HYBRID: Screen protection film for MT37 series 9H.",,,,"<table class=""Table_Products_Style"">
<thead>
<tr>
<th>Thông số kỹ thuật</th>
<th>Chi tiết</th>
</tr>
</thead>
<tbody>
<tr><td>Warranty Standard</td><td>1 Year</td></tr>
<tr><td>Part Number</td><td>Description</td></tr>
<tr><td>SP37 HYBRID</td><td>Screen protection film for MT37 series 9H.</td></tr>
</tbody>
</table>",,,,,,,,
https://www.newland-id.com/en/products/cables/cbl151u,cables,Newland,,,CBL151U,CBL151U USB Cable for FM80 and FR80,https://www.newland-id.com/datasheets/318/cbl151u-usb-cable-for-fm80-and-fr80.pdf,https://newlandemea.katanapim.com/content/images/thumbs/000/0000575_cbl-151u.png,"Contact us today and start making your processes easier, faster and more intuitive!","Dimensions: 3 meter
Interfaces: USB
Warranty Standard: 1 Year",,,,"<table class=""Table_Products_Style"">
<thead>
<tr>
<th>Thông số kỹ thuật</th>
<th>Chi tiết</th>
</tr>
</thead>
<tbody>
<tr><td>Dimensions</td><td>3 meter</td></tr>
<tr><td>Interfaces</td><td>USB</td></tr>
<tr><td>Warranty Standard</td><td>1 Year</td></tr>
<tr><td>Part Number</td><td>Description</td></tr>
<tr><td>CBL151U</td><td>USB cable 3 meter for FM80 and FR80 series.</td></tr>
</tbody>
</table>",,,,,,,,
https://www.newland-id.com/en/products/base-stations/nls-std20i-32-hc,base-stations,Newland,,,NLS-STD20i-32-HC,NLS-STD20i-32-HC Smart Foldable Stand White for HR32,https://www.newland-id.com/datasheets/317/nls-std20i-32-hc-smart-foldable-stand-white-for-hr32.pdf,https://newlandemea.katanapim.com/content/images/thumbs/000/0000667_nls-std20i-32-hc.png,"Contact us today and start making your processes easier, faster and more intuitive!","Housing: White
Warranty Standard: 3 Months
Part Number: Description",,,,"<table class=""Table_Products_Style"">
<thead>
<tr>
<th>Thông số kỹ thuật</th>
<th>Chi tiết</th>
</tr>
</thead>
<tbody>
<tr><td>Housing</td><td>White</td></tr>
<tr><td>Warranty Standard</td><td>3 Months</td></tr>
<tr><td>Part Number</td><td>Description</td></tr>
<tr><td>NLS-STD20i-32-HC</td><td>Smart foldable HC (white) stand for HR32 series. Incl. auto sense.</td></tr>
</tbody>
</table>",,,,,,,,
https://www.newland-id.com/en/products/protection-handling/nls-mrb9350-ss,protection-handling,Newland,,,NLS-MRB9350-SS,NLS-MRB9350-SS Protective Case for MT93 Series,https://www.newland-id.com/datasheets/306/nls-mrb9350-ss-protective-case-for-mt93-series.pdf,https://newlandemea.katanapim.com/content/images/thumbs/000/0000635_nls-mrb9350-ss.png,"Contact us today and start making your processes easier, faster and more intuitive!","Part Number: Description
NLS-MRB9350-SS: Protective Case for MT93-Series with Straigh Shooter Scanner",,,,"<table class=""Table_Products_Style"">
<thead>
<tr>
<th>Thông số kỹ thuật</th>
<th>Chi tiết</th>
</tr>
</thead>
<tbody>
<tr><td>Part Number</td><td>Description</td></tr>
<tr><td>NLS-MRB9350-SS</td><td>Protective Case for MT93-Series with Straigh Shooter Scanner</td></tr>
</tbody>
</table>",,,,,,,,
https://www.newland-id.com/en/products/protection-handling/nls-mrb9350-as,protection-handling,Newland,,,NLS-MRB9350-AS,NLS-MRB9350-AS Protective Case for MT93 Series,https://www.newland-id.com/datasheets/305/nls-mrb9350-as-protective-case-for-mt93-series.pdf,https://newlandemea.katanapim.com/content/images/thumbs/000/0000636_nls-mrb9350-as.png,"Contact us today and start making your processes easier, faster and more intuitive!","Part Number: Description
NLS-MRB9350-AS: Protective Case for MT93-Series with Angled Scanner",,,,"<table class=""Table_Products_Style"">
<thead>
<tr>
<th>Thông số kỹ thuật</th>
<th>Chi tiết</th>
</tr>
</thead>
<tbody>
<tr><td>Part Number</td><td>Description</td></tr>
<tr><td>NLS-MRB9350-AS</td><td>Protective Case for MT93-Series with Angled Scanner</td></tr>
</tbody>
</table>",,,,,,,,
https://www.newland-id.com/en/products/cables/cbl0157r,cables,Newland,,,CBL0157R,CBL0157R RS232 Cable for FR80 and FM80 Series,https://www.newland-id.com/datasheets/315/cbl0157r-rs232-cable-for-fr80-and-fm80-series.pdf,https://newlandemea.katanapim.com/content/images/thumbs/000/0000577_cbl-0157r.png,"Contact us today and start making your processes easier, faster and more intuitive!","Dimensions: 2 meter
Interfaces: RS-232
Warranty Standard: 1 Year",,,,"<table class=""Table_Products_Style"">
<thead>
<tr>
<th>Thông số kỹ thuật</th>
<th>Chi tiết</th>
</tr>
</thead>
<tbody>
<tr><td>Dimensions</td><td>2 meter</td></tr>
<tr><td>Interfaces</td><td>RS-232</td></tr>
<tr><td>Warranty Standard</td><td>1 Year</td></tr>
<tr><td>Part Number</td><td>Description</td></tr>
<tr><td>CBL0157R</td><td>RS232 cable 2 meter. For FM80 and FR80 series.</td></tr>
</tbody>
</table>",,,,,,,,
https://www.newland-id.com/en/products/peripherals/nls-pg6750-01,peripherals,Newland,,,NLS-PG6750-01,NLS-PG6750-01 Pistol Grip for MT67,https://www.newland-id.com/datasheets/314/nls-pg6750-01-pistol-grip-for-mt67.pdf,https://newlandemea.katanapim.com/content/images/thumbs/000/0000609_nls-pg6750-01.png,"Contact us today and start making your processes easier, faster and more intuitive!","Warranty Standard: 1 Year
Part Number: Description
NLS-PG6750-01: Pistol grip for MT67 series.",,,,"<table class=""Table_Products_Style"">
<thead>
<tr>
<th>Thông số kỹ thuật</th>
<th>Chi tiết</th>
</tr>
</thead>
<tbody>
<tr><td>Warranty Standard</td><td>1 Year</td></tr>
<tr><td>Part Number</td><td>Description</td></tr>
<tr><td>NLS-PG6750-01</td><td>Pistol grip for MT67 series.</td></tr>
</tbody>
</table>",,,,,,,,
https://www.newland-id.com/en/products/peripherals/nls-pgn7-02,peripherals,Newland,,,NLS-PGN7-02,NLS-PGN7-02 Pistol Grip for N7,https://www.newland-id.com/datasheets/313/nls-pgn7-02-pistol-grip-for-n7.pdf,https://newlandemea.katanapim.com/content/images/thumbs/000/0000610_nls-pgn7-02.png,"Contact us today and start making your processes easier, faster and more intuitive!","Warranty Standard: 1 Year
Part Number: Description
NLS-PGN7-02: Pistol grip for N7 series (PRO II).",,,,"<table class=""Table_Products_Style"">
<thead>
<tr>
<th>Thông số kỹ thuật</th>
<th>Chi tiết</th>
</tr>
</thead>
<tbody>
<tr><td>Warranty Standard</td><td>1 Year</td></tr>
<tr><td>Part Number</td><td>Description</td></tr>
<tr><td>NLS-PGN7-02</td><td>Pistol grip for N7 series (PRO II).</td></tr>
</tbody>
</table>",,,,,,,,
https://www.newland-id.com/en/products/cables/cbl-tc-n7,cables,Newland,,,CBL-TC-N7,CBL-TC-N7 USB to USB-C Cable,https://www.newland-id.com/datasheets/311/cbl-tc-n7-usb-to-usb-c-cable.pdf,https://newlandemea.katanapim.com/content/images/thumbs/000/0000578_cbl-tc-n7.png,"Contact us today and start making your processes easier, faster and more intuitive!","Dimensions: 1 meter
Interfaces: USB, USB-C
Warranty Standard: 1 Year",,,,"<table class=""Table_Products_Style"">
<thead>
<tr>
<th>Thông số kỹ thuật</th>
<th>Chi tiết</th>
</tr>
</thead>
<tbody>
<tr><td>Dimensions</td><td>1 meter</td></tr>
<tr><td>Interfaces</td><td>USB, USB-C</td></tr>
<tr><td>Warranty Standard</td><td>1 Year</td></tr>
<tr><td>Part Number</td><td>Description</td></tr>
<tr><td>CBL-TC-N7</td><td>USB - USB-C cable 1 meter</td></tr>
</tbody>
</table>",,,,,,,,
https://www.newland-id.com/en/products/cables/cbl048u,cables,Newland,,,CBL048U,CBL048U USB Cable for Ingenico iCT220,https://www.newland-id.com/datasheets/310/cbl048u-usb-cable-for-ingenico-ict220.pdf,https://newlandemea.katanapim.com/content/images/thumbs/000/0000579_cbl-048u.png,"Contact us today and start making your processes easier, faster and more intuitive!","Dimensions: 2 meter
Interfaces: USB 90˚
Warranty Standard: 1 Year",,,,"<table class=""Table_Products_Style"">
<thead>
<tr>
<th>Thông số kỹ thuật</th>
<th>Chi tiết</th>
</tr>
</thead>
<tbody>
<tr><td>Dimensions</td><td>2 meter</td></tr>
<tr><td>Interfaces</td><td>USB 90˚</td></tr>
<tr><td>Warranty Standard</td><td>1 Year</td></tr>
<tr><td>Part Number</td><td>Description</td></tr>
<tr><td>CBL048U</td><td>USB 90° cable 2 meter for Ingenico iCT220.</td></tr>
</tbody>
</table>",,,,,,,,
https://www.newland-id.com/en/products/protection-handling/mc105,protection-handling,Newland,,,MC105,MC105 Metal Clip for Holster,https://www.newland-id.com/datasheets/309/mc105-metal-clip-for-holster.pdf,https://newlandemea.katanapim.com/content/images/thumbs/000/0000627_mc105-1.png,"Contact us today and start making your processes easier, faster and more intuitive!","Part Number: Description
MC105: Metal clip for holster HS105 and HS115.",,,,"<table class=""Table_Products_Style"">
<thead>
<tr>
<th>Thông số kỹ thuật</th>
<th>Chi tiết</th>
</tr>
</thead>
<tbody>
<tr><td>Part Number</td><td>Description</td></tr>
<tr><td>MC105</td><td>Metal clip for holster HS105 and HS115.</td></tr>
</tbody>
</table>",,,,,,,,
https://www.newland-id.com/en/products/nwear-accessories/nls-wd5-ws-01,nwear-accessories,Newland,,,NLS-WD5-WS-01,NLS-WD5-WS-01 Watch Strap for WD5,https://www.newland-id.com/datasheets/308/nls-wd5-ws-01-watch-strap-for-wd5.pdf,https://newlandemea.katanapim.com/content/images/thumbs/000/0000685_nls-wd5-ws-01.png,"Contact us today and start making your processes easier, faster and more intuitive!","Part Number: Description
NLS-WD5-WS-01: Watch strap for WD5 Series",,,,"<table class=""Table_Products_Style"">
<thead>
<tr>
<th>Thông số kỹ thuật</th>
<th>Chi tiết</th>
</tr>
</thead>
<tbody>
<tr><td>Part Number</td><td>Description</td></tr>
<tr><td>NLS-WD5-WS-01</td><td>Watch strap for WD5 Series</td></tr>
</tbody>
</table>",,,,,,,,
https://www.newland-id.com/en/products/base-stations/nls-wcd10-1c,base-stations,Newland,,,NLS-WCD10-1C,NLS-WCD10-1C Charging Cradle for WD1,https://www.newland-id.com/datasheets/307/nls-wcd10-1c-charging-cradle-for-wd1.pdf,https://newlandemea.katanapim.com/content/images/thumbs/000/0000688_nls-wcd10-1c.png,"The cradle has a simple and reliable design, which helps to fit the WD1 Wearable Scanner perfectly into the charging slot. The cradle ensures that WD1 is in good contact and stable charging.","AC Adapter: DC 19V 3.2A for spliced cradles
Dimensions: 90(L)*70(W)*37(H) mm
Expected Charge Time: WD1≤3.5H（DC 19V 3.2A）",,,,"<table class=""Table_Products_Style"">
<thead>
<tr>
<th>Thông số kỹ thuật</th>
<th>Chi tiết</th>
</tr>
</thead>
<tbody>
<tr><td>AC Adapter</td><td>DC 19V 3.2A for spliced cradles</td></tr>
<tr><td>Dimensions</td><td>90(L)*70(W)*37(H) mm</td></tr>
<tr><td>Expected Charge Time</td><td>WD1≤3.5H（DC 19V 3.2A）</td></tr>
<tr><td>Notifications</td><td>LED</td></tr>
<tr><td>Weight</td><td>170g</td></tr>
<tr><td>Drop</td><td>1.0m drops to concrete (for six sides, one drop per side)</td></tr>
<tr><td>Electro Static Discharge (ESD)</td><td>±8 kV (direct discharge), ±12 kV (air discharge)</td></tr>
<tr><td>Humidity</td><td>5% to 95% (non-condensing)</td></tr>
<tr><td>IP Rating</td><td>IP30</td></tr>
<tr><td>Operating Temperature</td><td>5°C to 45°C (-32°F to 113°F)</td></tr>
<tr><td>Storage Temperature</td><td>-30°C to 60°C (-22°F to 140°F)</td></tr>
<tr><td>Warranty Standard</td><td>1 Year</td></tr>
<tr><td>Part Number</td><td>Description</td></tr>
<tr><td>NLS-WCD10-1C</td><td>Charging Cradle for WD1-W4 (connectable up to 5pcs; no Power Supply included).</td></tr>
</tbody>
</table>",,,,,,,,
https://www.newland-id.com/en/products/protection-handling/nls-spwd5-01,protection-handling,Newland,,,NLS-SPWD5-01,NLS-SPWD5-01 Glass Screen Protector for WD5,https://www.newland-id.com/datasheets/292/nls-spwd5-01-glass-screen-protector-for-wd5.pdf,https://newlandemea.katanapim.com/content/images/thumbs/000/0000672_spwd5.png,"Contact us today and start making your processes easier, faster and more intuitive!","Part Number: Description
NLS-SPWD5-01: Glass Screen Protector for WD5 Series",,,,"<table class=""Table_Products_Style"">
<thead>
<tr>
<th>Thông số kỹ thuật</th>
<th>Chi tiết</th>
</tr>
</thead>
<tbody>
<tr><td>Part Number</td><td>Description</td></tr>
<tr><td>NLS-SPWD5-01</td><td>Glass Screen Protector for WD5 Series</td></tr>
</tbody>
</table>",,,,,,,,
https://www.newland-id.com/en/products/peripherals/nls-dg-r,peripherals,Newland,,,NLS-DG-R,NLS-DG-R USB Bluetooth Dongle,https://www.newland-id.com/datasheets/304/nls-dg-r-usb-bluetooth-dongle.pdf,https://newlandemea.katanapim.com/content/images/thumbs/000/0000650_nls-dg-r.png,The USB Bluetooth Dongle features Bluetooth 5.0 and enables pairing of Newland Bluetooth devices with the dongle. Users can connect Bluetooth devices to a Windows PC by scanning the printed barcode on the USB dongle.,"Current @ 5VDC Operating: 5mA
Dimensions: 32.8x16.2x8.2 mm
Housing: ABS, Black",,,,"<table class=""Table_Products_Style"">
<thead>
<tr>
<th>Thông số kỹ thuật</th>
<th>Chi tiết</th>
</tr>
</thead>
<tbody>
<tr><td>Current @ 5VDC Operating</td><td>5mA</td></tr>
<tr><td>Dimensions</td><td>32.8x16.2x8.2 mm</td></tr>
<tr><td>Housing</td><td>ABS, Black</td></tr>
<tr><td>Input Voltage</td><td>5 VDC (2 A)</td></tr>
<tr><td>Interfaces</td><td>USB</td></tr>
<tr><td>Notifications</td><td>LED</td></tr>
<tr><td>Radio Technology</td><td>Bluetooth v5.0 Dual mode; Frequency: 2.400 - 2.480 GHz; Transmit Power: +5 dBm (Maximum); Receive Sensitivity: -95 dBm (Typical); Raw Data Rates (Air): 3 Mbps</td></tr>
<tr><td>IP Rating</td><td>IP40</td></tr>
<tr><td>Operating Temperature</td><td>-10°C to 70°C (14°F to 158°F)</td></tr>
<tr><td>Storage Temperature</td><td>-10°C to 70°C (14°F to 158°F)</td></tr>
<tr><td>Warranty Standard</td><td>3 Months</td></tr>
<tr><td>Part Number</td><td>Description</td></tr>
<tr><td>NLS-DG-R</td><td>Bluetooth BLE USB Dongle with auto pair barcode.</td></tr>
</tbody>
</table>",,,,,,,,
https://www.newland-id.com/en/products/charging-power/nls-bty2333,charging-power,Newland,,,NLS-BTY2333,NLS-BTY2333 Battery for HR23 and HR33 Series,https://www.newland-id.com/datasheets/303/nls-bty2333-battery-for-hr23-and-hr33-series.pdf,https://newlandemea.katanapim.com/content/images/thumbs/000/0000592_nls-bty-55.png,"Contact us today and start making your processes easier, faster and more intuitive!","Battery Type: 2,600 mAh
Warranty Standard: 1 Year
Part Number: Description",,,,"<table class=""Table_Products_Style"">
<thead>
<tr>
<th>Thông số kỹ thuật</th>
<th>Chi tiết</th>
</tr>
</thead>
<tbody>
<tr><td>Battery Type</td><td>2,600 mAh</td></tr>
<tr><td>Warranty Standard</td><td>1 Year</td></tr>
<tr><td>Part Number</td><td>Description</td></tr>
<tr><td>NLS-BTY2333</td><td>Replaceable 2600mAh battery for HR23 and HR33 series (Model : CLP998)</td></tr>
</tbody>
</table>",,,,,,,,
https://www.newland-id.com/en/products/charging-power/adp710,charging-power,Newland,,,ADP710,ADP710 Power Supply for Mobile Computers,https://www.newland-id.com/datasheets/302/adp710-power-supply-for-mobile-computers.pdf,https://newlandemea.katanapim.com/content/images/thumbs/000/0000602_adp710_2.png,"Contact us today and start making your processes easier, faster and more intuitive!","Interfaces: USB
Plug Type Compatibility: EU, UK, US
Warranty Standard: 3 Months",,,,"<table class=""Table_Products_Style"">
<thead>
<tr>
<th>Thông số kỹ thuật</th>
<th>Chi tiết</th>
</tr>
</thead>
<tbody>
<tr><td>Interfaces</td><td>USB</td></tr>
<tr><td>Plug Type Compatibility</td><td>EU, UK, US</td></tr>
<tr><td>Warranty Standard</td><td>3 Months</td></tr>
<tr><td>Part Number</td><td>Description</td></tr>
<tr><td>ADP710</td><td>Fast Charging Power adapter with USB Port for MT37, MT67, N7, MT93, MT95, NLS-WCD10-1C, CD50, NLS-SCD20, NLS-SCD80 and NLS-CDWD5-01 delivered with multiplug (EU/UK/US; no USB-Cable (CBL-TC-N7) included).</td></tr>
</tbody>
</table>",,,,,,,,
https://www.newland-id.com/en/products/charging-power/bty-n7,charging-power,Newland,,,BTY-N7,BTY-N7 Battery for N7,https://www.newland-id.com/datasheets/301/bty-n7-battery-for-n7.pdf,https://newlandemea.katanapim.com/content/images/thumbs/000/0000593_bty-n7.png,"Contact us today and start making your processes easier, faster and more intuitive!","Battery Type: 3.8V 5100mAh
Warranty Standard: 3 Months
Part Number: Description",,,,"<table class=""Table_Products_Style"">
<thead>
<tr>
<th>Thông số kỹ thuật</th>
<th>Chi tiết</th>
</tr>
</thead>
<tbody>
<tr><td>Battery Type</td><td>3.8V 5100mAh</td></tr>
<tr><td>Warranty Standard</td><td>3 Months</td></tr>
<tr><td>Part Number</td><td>Description</td></tr>
<tr><td>BTY-N7</td><td>Battery for N7 series, 3.8V 5100mAh.</td></tr>
</tbody>
</table>",,,,,,,,
https://www.newland-id.com/en/products/protection-handling/st-mt65-90,protection-handling,Newland,,,ST-MT65/90,ST-MT65/90 Elastic Hand Strap for N7,https://www.newland-id.com/datasheets/299/st-mt65-90-elastic-hand-strap-for-n7.pdf,https://newlandemea.katanapim.com/content/images/thumbs/000/0000637_st-mt65_90.png,"Contact us today and start making your processes easier, faster and more intuitive!","Part Number: Description
ST-MT65/90: Elastic handstrap for N7.",,,,"<table class=""Table_Products_Style"">
<thead>
<tr>
<th>Thông số kỹ thuật</th>
<th>Chi tiết</th>
</tr>
</thead>
<tbody>
<tr><td>Part Number</td><td>Description</td></tr>
<tr><td>ST-MT65/90</td><td>Elastic handstrap for N7.</td></tr>
</tbody>
</table>",,,,,,,,
https://www.newland-id.com/en/products/base-stations/nls-std20i-32,base-stations,Newland,,,NLS-STD20I-32,NLS-STD20I-32 Smart Foldable Stand for HR15 to HR32 Series,https://www.newland-id.com/datasheets/293/nls-std20i-32-smart-foldable-stand-for-hr15-to-hr32-series.pdf,https://newlandemea.katanapim.com/content/images/thumbs/000/0000669_nls-std20i-32.png,"Contact us today and start making your processes easier, faster and more intuitive!","Warranty Standard: 3 Months
Part Number: Description
NLS-STD20I-32: Smart foldable stand for HR15 - HR32 Series. Incl. auto sense.",,,,"<table class=""Table_Products_Style"">
<thead>
<tr>
<th>Thông số kỹ thuật</th>
<th>Chi tiết</th>
</tr>
</thead>
<tbody>
<tr><td>Warranty Standard</td><td>3 Months</td></tr>
<tr><td>Part Number</td><td>Description</td></tr>
<tr><td>NLS-STD20I-32</td><td>Smart foldable stand for HR15 - HR32 Series. Incl. auto sense.</td></tr>
</tbody>
</table>",,,,,,,,
https://www.newland-id.com/en/products/protection-handling/sp67-hybrid,protection-handling,Newland,,,SP67,SP67 HYBRID Screen Protector Film for MT67,https://www.newland-id.com/datasheets/298/sp67-hybrid-screen-protector-film-for-mt67.pdf,https://newlandemea.katanapim.com/content/images/thumbs/000/0000644_screen_protector.png,"Contact us today and start making your processes easier, faster and more intuitive!","Part Number: Description
SP67 HYBRID: Screen protection film for MT67 series 9H.",,,,"<table class=""Table_Products_Style"">
<thead>
<tr>
<th>Thông số kỹ thuật</th>
<th>Chi tiết</th>
</tr>
</thead>
<tbody>
<tr><td>Part Number</td><td>Description</td></tr>
<tr><td>SP67 HYBRID</td><td>Screen protection film for MT67 series 9H.</td></tr>
</tbody>
</table>",,,,,,,,
https://www.newland-id.com/en/products/base-stations/std1500,base-stations,Newland,,,STD1500,STD1500 Foldable Desktop/Counter Stand for NQ1500,https://www.newland-id.com/datasheets/297/std1500-foldable-desktop-counter-stand-for-nq1500.pdf,https://newlandemea.katanapim.com/content/images/thumbs/000/0000668_std1500.png,"Contact us today and start making your processes easier, faster and more intuitive!","Warranty Standard: 1 Year
Part Number: Description
STD1500: Foldable Desktop/Counter top stand for NQ1500.",,,,"<table class=""Table_Products_Style"">
<thead>
<tr>
<th>Thông số kỹ thuật</th>
<th>Chi tiết</th>
</tr>
</thead>
<tbody>
<tr><td>Warranty Standard</td><td>1 Year</td></tr>
<tr><td>Part Number</td><td>Description</td></tr>
<tr><td>STD1500</td><td>Foldable Desktop/Counter top stand for NQ1500.</td></tr>
</tbody>
</table>",,,,,,,,
https://www.newland-id.com/en/products/protection-handling/ns105,protection-handling,Newland,,,NS105,NS105 Neck Strap for Holster,https://www.newland-id.com/datasheets/296/ns105-neck-strap-for-holster.pdf,https://newlandemea.katanapim.com/content/images/thumbs/000/0000673_ns105-1.png,"Contact us today and start making your processes easier, faster and more intuitive!","Dimensions: 135 cm
Part Number: Description
NS105: Neck strap 135cm for holster HS105 and HS115.",,,,"<table class=""Table_Products_Style"">
<thead>
<tr>
<th>Thông số kỹ thuật</th>
<th>Chi tiết</th>
</tr>
</thead>
<tbody>
<tr><td>Dimensions</td><td>135 cm</td></tr>
<tr><td>Part Number</td><td>Description</td></tr>
<tr><td>NS105</td><td>Neck strap 135cm for holster HS105 and HS115.</td></tr>
</tbody>
</table>",,,,,,,,
https://www.newland-id.com/en/products/protection-handling/hs198,protection-handling,Newland,,,HS198,HS198 Wrist Holster for MT93 Pro Straight Shooter,https://www.newland-id.com/datasheets/295/hs198-wrist-holster-for-mt93-pro-straight-shooter.pdf,https://newlandemea.katanapim.com/content/images/thumbs/000/0000639_hs198-2.png,"Contact us today and start making your processes easier, faster and more intuitive!","Part Number: Description
HS198: Wrist holster with double strap and swivel clip",,,,"<table class=""Table_Products_Style"">
<thead>
<tr>
<th>Thông số kỹ thuật</th>
<th>Chi tiết</th>
</tr>
</thead>
<tbody>
<tr><td>Part Number</td><td>Description</td></tr>
<tr><td>HS198</td><td>Wrist holster with double strap and swivel clip</td></tr>
</tbody>
</table>",,,,,,,,
https://www.newland-id.com/en/products/peripherals/nls-nqnfc-01,peripherals,Newland,,,NLS-NQNFC-01,NLS-NQNFC-01 NFC Reader Module for NQuire Series,https://www.newland-id.com/datasheets/294/nls-nqnfc-01-nfc-reader-module-for-nquire-series.pdf,https://newlandemea.katanapim.com/content/images/thumbs/000/0000671_nls-nqnfc-01.png,"An NFC module is an excellent accessory to complement the NQuire Series, enabling support for a wide range of application needs.","Dimensions: 62,5(L) x 57(W) x 24,4(H) mm
Power Consumption: Operating current: 100ma; Maximum current: 250ma
Weight: 42g",,,,"<table class=""Table_Products_Style"">
<thead>
<tr>
<th>Thông số kỹ thuật</th>
<th>Chi tiết</th>
</tr>
</thead>
<tbody>
<tr><td>Dimensions</td><td>62,5(L) x 57(W) x 24,4(H) mm</td></tr>
<tr><td>Power Consumption</td><td>Operating current: 100ma; Maximum current: 250ma</td></tr>
<tr><td>Weight</td><td>42g</td></tr>
<tr><td>NFC</td><td>Comply with ISO14443A/B protocol, such as MIFARE, NFC Forum Tags (NFC Forum Tags only partially support 14443A/B protocol), second generation ID cards, bus cards, bank cards, social security cards, access cards, membership cards and other cards that meet this standard.</td></tr>
<tr><td>NFC: Reading Distance</td><td>0-3cm</td></tr>
<tr><td>Operating Temperature</td><td>-10°C to 50°C (14°F to 122°F)</td></tr>
<tr><td>Storage Temperature</td><td>-20°C to 60°C (-4°F to 140°F)</td></tr>
<tr><td>Warranty Standard</td><td>1 Year</td></tr>
<tr><td>Part Number</td><td>Description</td></tr>
<tr><td>NLS-NQNFC-01</td><td>NFC reader module for NQuire 500 Skate II, 700 Stingray II, Manta 1000 III and Mobula II.</td></tr>
</tbody>
</table>",,,,,,,,
https://www.newland-id.com/en/products/cables/cbl0155r,cables,Newland,,,CBL0155R,CBL0155R Coiled Cable for FR80 and FM80 Series,https://www.newland-id.com/datasheets/291/cbl0155r-coiled-cable-for-fr80-and-fm80-series.pdf,https://newlandemea.katanapim.com/content/images/thumbs/000/0000580_cbl0155r.png,"Contact us today and start making your processes easier, faster and more intuitive!","Dimensions: 3.5 meter
Warranty Standard: 1 Year
Part Number: Description",,,,"<table class=""Table_Products_Style"">
<thead>
<tr>
<th>Thông số kỹ thuật</th>
<th>Chi tiết</th>
</tr>
</thead>
<tbody>
<tr><td>Dimensions</td><td>3.5 meter</td></tr>
<tr><td>Warranty Standard</td><td>1 Year</td></tr>
<tr><td>Part Number</td><td>Description</td></tr>
<tr><td>CBL0155R</td><td>Coiled cable 3,5 meter to connect Newland scanner to FR8080/FM8080E series.</td></tr>
</tbody>
</table>",,,,,,,,
https://www.newland-id.com/en/products/touch-panel-computers/nquire-1500-mobula,touch-panel-computers,Newland,,,NQuire 1500 Mobula,NQuire 1500 Mobula,https://www.newland-id.com/datasheets/266/nquire-1500-mobula.pdf,https://newlandemea.katanapim.com/content/images/thumbs/000/0000445_nquire_1500_mobula_1.png,"The NQuire 1500 Mobula enables a slimmer profile with a larger screen design. Equally neat and lightweight, it suits most mounting needs without compromising valuable space. The larger screen lends itself to more detail or larger fonts and images that make data more visible and readable.","Part Number: Description
NQUIRE1500PRW-0C: NQuire 1500 Mobula Customer information terminal with 15,6"" Touch screen, BT, Wi-Fi & POE. Incl. wall mount bracket and multiplug adapter. (no scanner) OS: Android 7.1
NQUIRE1500PRW-7C: Nquire 1500 Mobula Customer information terminal with 15,6"" Touch screen, 2D Megapixel scanner, BT, Wi-Fi & POE. Incl. wall mount bracket and multiplug adapter. OS: Android 7.1",,,,"<table class=""Table_Products_Style"">
<thead>
<tr>
<th>Thông số kỹ thuật</th>
<th>Chi tiết</th>
</tr>
</thead>
<tbody>
<tr><td>Part Number</td><td>Description</td></tr>
<tr><td>NQUIRE1500PRW-0C</td><td>NQuire 1500 Mobula Customer information terminal with 15,6"" Touch screen, BT, Wi-Fi & POE. Incl. wall mount bracket and multiplug adapter. (no scanner) OS: Android 7.1</td></tr>
<tr><td>NQUIRE1500PRW-7C</td><td>Nquire 1500 Mobula Customer information terminal with 15,6"" Touch screen, 2D Megapixel scanner, BT, Wi-Fi & POE. Incl. wall mount bracket and multiplug adapter. OS: Android 7.1</td></tr>
<tr><td>1D</td><td>All major 1D symbologies</td></tr>
<tr><td>2D</td><td>All major 2D symbologies</td></tr>
<tr><td>Aiming</td><td>Laser diode (625±10nm)</td></tr>
<tr><td>Illumination</td><td>White LED (625±10nm)</td></tr>
<tr><td>Image Sensor</td><td>1280 x 800 CMOS</td></tr>
<tr><td>Scan Modes</td><td>Sense Mode</td></tr>
<tr><td>Scan Rate</td><td>60 frames per second</td></tr>
<tr><td>Current Operating System</td><td>Android 7.1</td></tr>
<tr><td>Memory Flash</td><td>8GB Emmc</td></tr>
<tr><td>Memory RAM</td><td>2GB DDR3</td></tr>
<tr><td>Processor</td><td>RK3288, ARM Cortex-A53; up to 1.5 GHz</td></tr>
<tr><td>Audio</td><td>Microphone, Integrated speakers 80(1.3W)</td></tr>
<tr><td>Battery Type</td><td>No main battery, RTC clock battery</td></tr>
<tr><td>Buttons</td><td>(Vol+/ Vol-)/ (Up / Down)/ Exit / Power switch</td></tr>
<tr><td>Dimensions</td><td>380.35(W) x 283.64(D) x 27.7(H) mm</td></tr>
<tr><td>Display/Touch Panel</td><td>15.6"" IPS (1920 x 1080), brightness 250cd/m2, backlight LED, 5 points capacitive touchscreen</td></tr>
<tr><td>Expansion Slot</td><td>1 x MicroSDHC class 10 compatible</td></tr>
<tr><td>Front camera</td><td>5 MP, Fixed focus</td></tr>
<tr><td>Housing</td><td>Plastic</td></tr>
<tr><td>Input Voltage</td><td>12 VDC ±5%</td></tr>
<tr><td>Interfaces</td><td>Micro USB 2.0, USB 2.0, OTG, RJ-45, DC head</td></tr>
<tr><td>Keypad</td><td>6 keys</td></tr>
<tr><td>Power over Ethernet</td><td>RJ45 Ethernet, 10/100/1.000BASE-T</td></tr>
<tr><td>Power Supply Output</td><td>DC12 V, 2 A</td></tr>
<tr><td>Sensors</td><td>Gravity Sensor</td></tr>
<tr><td>Touch Panel</td><td>5 points capacitive touchscreen</td></tr>
<tr><td>VESA standard</td><td>Complies with the standard VESA 75 bracket, enabling easy mounting on shelves and walls</td></tr>
<tr><td>Video</td><td>H.264 real-time video playback 1080P@30fps display</td></tr>
<tr><td>Weight</td><td>1,315  g</td></tr>
<tr><td>WPAN RADIO</td><td>Bluetooth 4.1</td></tr>
<tr><td>Humidity</td><td>5% to 95% (non-condensing)</td></tr>
<tr><td>IP Rating</td><td>IP54 (front only)</td></tr>
<tr><td>Operating Temperature</td><td>-10°C to 50°C (14°F to 122°F)</td></tr>
<tr><td>Storage Temperature</td><td>-20°C to 60°C (-4°F to 140°F)</td></tr>
<tr><td>Configuration Tools</td><td>Ndevor</td></tr>
<tr><td>MDM (certified)</td><td>Ndevor, SOTI</td></tr>
<tr><td>Terminal Emulation (compatible)</td><td>Ivanti Velocity</td></tr>
<tr><td>Certifications Hardware</td><td>FCC, RoHS, CE</td></tr>
<tr><td>Warranty Standard</td><td>2 Years</td></tr>
<tr><td>Accessories Optional</td><td>Desktop stand Vesa75</td></tr>
<tr><td>Accessories Standard</td><td>Power adapter, Wall mount bracket Vesa75</td></tr>
</tbody>
</table>",,,,,,,,
https://www.newland-id.com/en/products/mobile-computers/mt65-beluga-iv,mobile-computers,Newland,,,MT65,MT65 Beluga IV,https://www.newland-id.com/datasheets/265/mt65-beluga-iv.pdf,https://newlandemea.katanapim.com/content/images/thumbs/000/0000450_mt65_beluga_1-1.png,"This Android Mobile Computer line has always offered a solid performance. Highlights of the MT65 Beluga IV are its 2D megapixel barcode scanner and Android 8.1 operating system. Additionally, it supports Bluetooth, 4G, Dual band Wi-Fi, making communication with other devices both quick and easy. The rugged housing of the MT65 Beluga IV is sealed to IP65 standards for protection against dust and water and withstands 1.2m drops to concrete.","Part Number: Description
MT6552-GL-2WEX: MT65 Beluga IV Mobile Computer with 4"" Touch screen, 2D CMOS imager with Laser Aimer, BT, WiFi, 4G, GPS, NFC, Camera. Incl. USB cable, battery and multi plug adapter. Memory 3/32 GB OS: Android 8.1 GMS GL
MT6552-EEA-2WEX: MT65 Beluga IV Mobile Computer with 4"" Touch screen, 2D CMOS imager with Laser Aimer, BT, WiFi, 4G, GPS, NFC, Camera. Incl. USB cable, battery and multi plug adapter. Memory 3/32 GB OS: Android 8.1 GMS EEA",,,,"<table class=""Table_Products_Style"">
<thead>
<tr>
<th>Thông số kỹ thuật</th>
<th>Chi tiết</th>
</tr>
</thead>
<tbody>
<tr><td>Part Number</td><td>Description</td></tr>
<tr><td>MT6552-GL-2WEX</td><td>MT65 Beluga IV Mobile Computer with 4"" Touch screen, 2D CMOS imager with Laser Aimer, BT, WiFi, 4G, GPS, NFC, Camera. Incl. USB cable, battery and multi plug adapter. Memory 3/32 GB OS: Android 8.1 GMS GL</td></tr>
<tr><td>MT6552-EEA-2WEX</td><td>MT65 Beluga IV Mobile Computer with 4"" Touch screen, 2D CMOS imager with Laser Aimer, BT, WiFi, 4G, GPS, NFC, Camera. Incl. USB cable, battery and multi plug adapter. Memory 3/32 GB OS: Android 8.1 GMS EEA</td></tr>
<tr><td>1D</td><td>All major 1D symbologies</td></tr>
<tr><td>2D</td><td>All major 2D symbologies, including QR Code, Data Matrix, Aztec, Micro PDF, Micro QR, PDF417.</td></tr>
<tr><td>Aiming</td><td>Laser diode</td></tr>
<tr><td>Depth of Field Code 39 (5mil)</td><td>75 mm - 180 mm</td></tr>
<tr><td>Depth of Field DataMatrix (10mil)</td><td>50 mm - 180 mm</td></tr>
<tr><td>Depth of Field EAN 13 (13mil)</td><td>45 mm - 380 mm</td></tr>
<tr><td>Depth of Field PDF417 (6.67mil)</td><td>70 mm - 170 mm</td></tr>
<tr><td>Depth of Field QR (15mil)</td><td>40 mm - 220 mm</td></tr>
<tr><td>Field of View Horizontal</td><td>49.5°</td></tr>
<tr><td>Field of View Vertical</td><td>37°</td></tr>
<tr><td>Illumination</td><td>White LED (625±10nm)</td></tr>
<tr><td>Image Sensor</td><td>1280 x 960 CMOS</td></tr>
<tr><td>Minimal Print Contrast</td><td>25%</td></tr>
<tr><td>Scan Angle Roll</td><td>360°</td></tr>
<tr><td>Current Operating System</td><td>Android 8.1, GMS</td></tr>
<tr><td>Memory Flash</td><td>32GB</td></tr>
<tr><td>Memory RAM</td><td>3GB</td></tr>
<tr><td>Memory Storage Expansion (max.)</td><td>Micro SD card (max. 32GB)</td></tr>
<tr><td>Processor</td><td>1.5 GHz quad-core, 64-bit ARM</td></tr>
<tr><td>Battery Type</td><td>3.7 V, 3800 mAh, removable</td></tr>
<tr><td>Dimensions</td><td>166(W) x 73(D) x 26(H) mm</td></tr>
<tr><td>Display/Touch Panel</td><td>4” WVGA (800 × 480), Capacitive touchscreen</td></tr>
<tr><td>Expansion Slot</td><td>Micro SD card (max. 32GB)</td></tr>
<tr><td>Expected Battery Life</td><td>10 hours</td></tr>
<tr><td>Expected Charge Time</td><td>4.5-5 hours (charge via AC adapter)</td></tr>
<tr><td>Interfaces</td><td>Micro USB 2.0</td></tr>
<tr><td>Keypad</td><td>30 keys</td></tr>
<tr><td>Notifications</td><td>Speaker, Vibration, Multi-color LEDs</td></tr>
<tr><td>Power Supply Input</td><td>AC 100 to 220 V (50 to 60 Hz)</td></tr>
<tr><td>Power Supply Output</td><td>DC5 V, 2.0 A</td></tr>
<tr><td>Rear camera</td><td>LED flash, Auto focus, 8 MP</td></tr>
<tr><td>Weight</td><td>330 g (including battery)</td></tr>
<tr><td>GPS</td><td>GLONASS, GPS (AGPS)</td></tr>
<tr><td>RFID</td><td>13.65MHz RFID ISO14443A/B, MIFARE, FeliCa, NFC Forum Tags, ISO15693</td></tr>
<tr><td>WLAN RADIO</td><td>IEEE 802.11 a/b/g/n, 2.4GHz and 5GHz</td></tr>
<tr><td>WPAN RADIO</td><td>Bluetooth 4.2 LE, backward compatible</td></tr>
<tr><td>WWAN RADIO</td><td>TD-LTE (B38, B39, B40, B41) FDD-LTE (B1, B2, B3, B5, B7, B8, B20, B28 a&b)</td></tr>
<tr><td>Drop</td><td>1.2 m</td></tr>
<tr><td>Electro Static Discharge (ESD)</td><td>±8 kV (direct discharge), ±15 kV (air discharge)</td></tr>
<tr><td>Humidity</td><td>5% to 95% (non-condensing)</td></tr>
<tr><td>IP Rating</td><td>IP65</td></tr>
<tr><td>Operating Temperature</td><td>-20°C to 50°C (-4°F to 122°F)</td></tr>
<tr><td>Storage Temperature</td><td>-30°C to 70°C (-22°F to 158°F)</td></tr>
<tr><td>Configuration Tools</td><td>Ndevor</td></tr>
<tr><td>MDM (certified)</td><td>Ndevor, SOTI, Airwatch</td></tr>
<tr><td>Terminal Emulation (compatible)</td><td>StayLinked, Ivanti Velocity</td></tr>
<tr><td>Certifications Hardware</td><td>FCC ID, IEC 62471, RoHS, EN 60950</td></tr>
<tr><td>Warranty Standard</td><td>2 Years</td></tr>
</tbody>
</table>",,,,,,,,
https://www.newland-id.com/en/products/charging-power/nls-mcd9350-4b,charging-power,Newland,,,NLS-MCD9350-4B,NLS-MCD9350-4B 4-slot Battery Charger for MT93 Series,https://www.newland-id.com/datasheets/290/nls-mcd9350-4b-4-slot-battery-charger-for-mt93-series.pdf,https://newlandemea.katanapim.com/content/images/thumbs/000/0000594_nls-mcd9350-4b.png,"Contact us today and start making your processes easier, faster and more intuitive!","Warranty Standard: 1 Year
Accessories Standard: Multiplug adapter
Part Number: Description",,,,"<table class=""Table_Products_Style"">
<thead>
<tr>
<th>Thông số kỹ thuật</th>
<th>Chi tiết</th>
</tr>
</thead>
<tbody>
<tr><td>Warranty Standard</td><td>1 Year</td></tr>
<tr><td>Accessories Standard</td><td>Multiplug adapter</td></tr>
<tr><td>Part Number</td><td>Description</td></tr>
<tr><td>NLS-MCD9350-4B</td><td>4-Slot Multi Battery Charger for MT93 Battery, includes multiplug adapter.</td></tr>
</tbody>
</table>",,,,,,,,
https://www.newland-id.com/en/products/cables/cbl025r,cables,Newland,,,CBL025R,CBL025R RS232 Cable for FR and FM Series,https://www.newland-id.com/datasheets/289/cbl025r-rs232-cable-for-fr-and-fm-series.pdf,https://newlandemea.katanapim.com/content/images/thumbs/000/0000581_cbl025r.png,"Contact us today and start making your processes easier, faster and more intuitive!","Dimensions: 2 meter
Housing: Dustproof
Interfaces: RS-232",,,,"<table class=""Table_Products_Style"">
<thead>
<tr>
<th>Thông số kỹ thuật</th>
<th>Chi tiết</th>
</tr>
</thead>
<tbody>
<tr><td>Dimensions</td><td>2 meter</td></tr>
<tr><td>Housing</td><td>Dustproof</td></tr>
<tr><td>Interfaces</td><td>RS-232</td></tr>
<tr><td>Warranty Standard</td><td>1 Year</td></tr>
<tr><td>Part Number</td><td>Description</td></tr>
<tr><td>CBL025R</td><td>RS232 cable 2 meter, dustproof. For FR and FM Series</td></tr>
</tbody>
</table>",,,,,,,,
https://www.newland-id.com/en/products/cables/cbl034u,cables,Newland,,,CBL034U,CBL034U USB to Micro USB Cable for EM20 and MT90,https://www.newland-id.com/datasheets/288/cbl034u-usb-to-micro-usb-cable-for-em20-and-mt90.pdf,https://newlandemea.katanapim.com/content/images/thumbs/000/0000583_cbl034u.png,"Contact us today and start making your processes easier, faster and more intuitive!","Dimensions: 1.2 meter
Interfaces: USB, Micro USB
Warranty Standard: 1 Year",,,,"<table class=""Table_Products_Style"">
<thead>
<tr>
<th>Thông số kỹ thuật</th>
<th>Chi tiết</th>
</tr>
</thead>
<tbody>
<tr><td>Dimensions</td><td>1.2 meter</td></tr>
<tr><td>Interfaces</td><td>USB, Micro USB</td></tr>
<tr><td>Warranty Standard</td><td>1 Year</td></tr>
<tr><td>Part Number</td><td>Description</td></tr>
<tr><td>CBL034U</td><td>USB - micro USB cable 1.2 meter for EM20</td></tr>
</tbody>
</table>",,,,,,,,
https://www.newland-id.com/en/products/cables/cbl105u,cables,Newland,,,CBL105U,CBL105U USB White Cable for HR Series,https://www.newland-id.com/datasheets/287/cbl105u-usb-white-cable-for-hr-series.pdf,https://newlandemea.katanapim.com/content/images/thumbs/000/0000582_cbl-105u.png,"Contact us today and start making your processes easier, faster and more intuitive!","Dimensions: 2 meter
Housing: White
Interfaces: USB",,,,"<table class=""Table_Products_Style"">
<thead>
<tr>
<th>Thông số kỹ thuật</th>
<th>Chi tiết</th>
</tr>
</thead>
<tbody>
<tr><td>Dimensions</td><td>2 meter</td></tr>
<tr><td>Housing</td><td>White</td></tr>
<tr><td>Interfaces</td><td>USB</td></tr>
<tr><td>Warranty Standard</td><td>1 Year</td></tr>
<tr><td>Part Number</td><td>Description</td></tr>
<tr><td>CBL105U</td><td>USB cable 2 meter White for Handheld series.</td></tr>
</tbody>
</table>",,,,,,,,
https://www.newland-id.com/en/products/base-stations/nls-mcd9350-01,base-stations,Newland,,,NLS-MCD9350-01,NLS-MCD9350-01 Charging Cradle for MT93 Series,https://www.newland-id.com/datasheets/286/nls-mcd9350-01-charging-cradle-for-mt93-series.pdf,https://newlandemea.katanapim.com/content/images/thumbs/000/0000641_nls-mcd9350-01.png,"Contact us today and start making your processes easier, faster and more intuitive!","Warranty Standard: 1 Year
Part Number: Description
NLS-MCD9350-01: Charging Cradle for MT93 series (connectable up to 4pcs; no Power Supply included; order ADP710 (single) or AD60-D-M (multi).",,,,"<table class=""Table_Products_Style"">
<thead>
<tr>
<th>Thông số kỹ thuật</th>
<th>Chi tiết</th>
</tr>
</thead>
<tbody>
<tr><td>Warranty Standard</td><td>1 Year</td></tr>
<tr><td>Part Number</td><td>Description</td></tr>
<tr><td>NLS-MCD9350-01</td><td>Charging Cradle for MT93 series (connectable up to 4pcs; no Power Supply included; order ADP710 (single) or AD60-D-M (multi).</td></tr>
</tbody>
</table>",,,,,,,,
https://www.newland-id.com/en/products/nwear-accessories/sleeve-arm-10,nwear-accessories,Newland,,,Sleeve-Arm-10,Sleeve-Arm-10 Arm Sleeve for WD1,https://www.newland-id.com/datasheets/285/sleeve-arm-10-arm-sleeve-for-wd1.pdf,https://newlandemea.katanapim.com/content/images/thumbs/000/0000686_sleeve-arm-10.png,"Contact us today and start making your processes easier, faster and more intuitive!","Part Number: Description
Sleeve-Arm-10: Arm sleeve for WD1 (10 Pcs).",,,,"<table class=""Table_Products_Style"">
<thead>
<tr>
<th>Thông số kỹ thuật</th>
<th>Chi tiết</th>
</tr>
</thead>
<tbody>
<tr><td>Part Number</td><td>Description</td></tr>
<tr><td>Sleeve-Arm-10</td><td>Arm sleeve for WD1 (10 Pcs).</td></tr>
</tbody>
</table>",,,,,,,,
https://www.newland-id.com/en/products/cables/cbl042ua,cables,Newland,,,CBL042UA,"CBL042UA USB Cable for HR, FM, and FR Series","https://www.newland-id.com/datasheets/284/cbl042ua-usb-cable-for-hr,-fm,-and-fr-series.pdf",https://newlandemea.katanapim.com/content/images/thumbs/000/0000584_cbl-042ua-v50.png,"Contact us today and start making your processes easier, faster and more intuitive!","Dimensions: 2 meter
Interfaces: USB
Warranty Standard: 1 Year",,,,"<table class=""Table_Products_Style"">
<thead>
<tr>
<th>Thông số kỹ thuật</th>
<th>Chi tiết</th>
</tr>
</thead>
<tbody>
<tr><td>Dimensions</td><td>2 meter</td></tr>
<tr><td>Interfaces</td><td>USB</td></tr>
<tr><td>Warranty Standard</td><td>1 Year</td></tr>
<tr><td>Part Number</td><td>Description</td></tr>
<tr><td>CBL042UA</td><td>USB cable 2 meter for Handheld series, FR and FM series.</td></tr>
</tbody>
</table>",,,,,,,,
https://www.newland-id.com/en/products/base-stations/std1200,base-stations,Newland,,,STD1200,STD1200 Desktop Stand for NQuire Series,https://www.newland-id.com/datasheets/283/std1200-desktop-stand-for-nquire-series.pdf,https://newlandemea.katanapim.com/content/images/thumbs/000/0000670_std1200.png,"Contact us today and start making your processes easier, faster and more intuitive!","Warranty Standard: 1 Year
Part Number: Description
STD1200: Desktop Stand Vesa75 for NQuire series.",,,,"<table class=""Table_Products_Style"">
<thead>
<tr>
<th>Thông số kỹ thuật</th>
<th>Chi tiết</th>
</tr>
</thead>
<tbody>
<tr><td>Warranty Standard</td><td>1 Year</td></tr>
<tr><td>Part Number</td><td>Description</td></tr>
<tr><td>STD1200</td><td>Desktop Stand Vesa75 for NQuire series.</td></tr>
</tbody>
</table>",,,,,,,,
https://www.newland-id.com/en/products/base-stations/nls-std20i-22,base-stations,Newland,,,NLS-STD20I-22,NLS-STD20I-22 Smart Foldable Stand for HR11,https://www.newland-id.com/datasheets/282/nls-std20i-22-smart-foldable-stand-for-hr11.pdf,https://newlandemea.katanapim.com/content/images/thumbs/000/0000665_nls-std20i-22.png,"Contact us today and start making your processes easier, faster and more intuitive!","Warranty Standard: 3 Months
Part Number: Description
NLS-STD20I-22: Smart foldable stand for HR10, HR11, HR20 and HR22. Incl. auto sense.",,,,"<table class=""Table_Products_Style"">
<thead>
<tr>
<th>Thông số kỹ thuật</th>
<th>Chi tiết</th>
</tr>
</thead>
<tbody>
<tr><td>Warranty Standard</td><td>3 Months</td></tr>
<tr><td>Part Number</td><td>Description</td></tr>
<tr><td>NLS-STD20I-22</td><td>Smart foldable stand for HR10, HR11, HR20 and HR22. Incl. auto sense.</td></tr>
</tbody>
</table>",,,,,,,,
https://www.newland-id.com/en/products/mobile-computers/mt67-sei-ii,mobile-computers,Newland,,,MT67,MT67 Sei II,https://www.newland-id.com/datasheets/281/mt67-sei-ii.pdf,https://newlandemea.katanapim.com/content/images/thumbs/000/0000786_mt67-sei-ii_1-new.png,"The MT67 Sei II offers efficient performance with Android 15 GMS AER and a 2.0 GHz octa-core processor. Designed for demanding environments, this device has an IP67 rating and can withstand drops from up to 1.5 meters onto concrete. It is ideal for various industries, including retail, logistics, and manufacturing, making the MT67 Sei II a valuable tool for enhancing your business operations.","1D: Code128, Code 49, Code 16K, (GS1128) UCC/EAN-128, AIM-128, EAN-8, EAN-13, UPC-E, UPC-A, ITF, ITF 6, ITF 14, Matrix 2 of 5, Industrial 25, Standard 2 of 5, Code39, ISSN, ISBN, Codabar, Code93, Code 11, Plessey, MSI Plessey, RSS
2D: Aztec, Composite, CS Code, Maxicode, Micro PDF, Micro QR, PDF 417, QR Code, Data Matrix, DotCode
Depth of Field Code 39 (5mil): 120 mm - 280 mm",,,,"<table class=""Table_Products_Style"">
<thead>
<tr>
<th>Thông số kỹ thuật</th>
<th>Chi tiết</th>
</tr>
</thead>
<tbody>
<tr><td>1D</td><td>Code128, Code 49, Code 16K, (GS1128) UCC/EAN-128, AIM-128, EAN-8, EAN-13, UPC-E, UPC-A, ITF, ITF 6, ITF 14, Matrix 2 of 5, Industrial 25, Standard 2 of 5, Code39, ISSN, ISBN, Codabar, Code93, Code 11, Plessey, MSI Plessey, RSS</td></tr>
<tr><td>2D</td><td>Aztec, Composite, CS Code, Maxicode, Micro PDF, Micro QR, PDF 417, QR Code, Data Matrix, DotCode</td></tr>
<tr><td>Depth of Field Code 39 (5mil)</td><td>120 mm - 280 mm</td></tr>
<tr><td>Depth of Field DataMatrix (10mil)</td><td>110 mm - 260 mm</td></tr>
<tr><td>Depth of Field EAN 13 (13mil)</td><td>70 mm - 600 mm</td></tr>
<tr><td>Depth of Field PDF417 (6.67mil)</td><td>110 mm - 230 mm</td></tr>
<tr><td>Depth of Field QR (15mil)</td><td>55 mm - 400 mm</td></tr>
<tr><td>Current Operating System</td><td>Android 15, Android Enterprise Recommended (AER)</td></tr>
<tr><td>Memory Flash</td><td>64GB</td></tr>
<tr><td>Memory RAM</td><td>4GB</td></tr>
<tr><td>Processor</td><td>2.0 GHz, octa-core, 64-bit processor</td></tr>
<tr><td>AC Adapter</td><td>Output: DC5/7/9V, 2A; Input: AC100~240V, 50~60Hz; Support fast charging</td></tr>
<tr><td>Battery Type</td><td>3.8V, 4800mAh, backup battery 78 mAh, supports hot-swap battery replacement</td></tr>
<tr><td>Dimensions</td><td>162(L) × 68(W) × 17(H) mm</td></tr>
<tr><td>Display/Touch Panel</td><td>4”WVGA (800×480) capacitive touch screen with hardened glass (9H), Brightness: 450 nits</td></tr>
<tr><td>Expansion Slot</td><td>Micro SD/TF card (max. 128GB)</td></tr>
<tr><td>Front camera</td><td>5 MP</td></tr>
<tr><td>Keypad</td><td>24 keys, 3 Virtual keys</td></tr>
<tr><td>Notifications</td><td>Speaker, Vibration, Multi-color LEDs</td></tr>
<tr><td>Rear camera</td><td>13 MP, LED flash, Auto focus</td></tr>
<tr><td>Sensors</td><td>Light & proximity sensor, Acceleration sensor</td></tr>
<tr><td>SIM/TF</td><td>Nano+TF</td></tr>
<tr><td>Weight</td><td>265g (including battery)</td></tr>
<tr><td>GPS</td><td>Beidou, GLONASS, Galileo, GPS (AGPS)</td></tr>
<tr><td>RFID</td><td>13.56MHz ISO14443A/B, MIFARE, FeliCa, NFC Forum Tags, ISO15693</td></tr>
<tr><td>WLAN RADIO</td><td>built-in 802.11 a/b/g/n/ac, compatible with 11 d/h/i/k/r/v/w, support 2.4G and 5G dual frequency. Support Fast Roaming</td></tr>
<tr><td>WPAN RADIO</td><td>Dual mode Bluetooth 5.0+BLE (Backward-compatible)</td></tr>
<tr><td>WWAN RADIO</td><td>2G: GSM: 850/900/1800/1900MHz; 3G: WCDMA (B1, B2, B5, B8), CDMA2000 1X/ EV-DO Rev. A (BC0), TD-SCDMA (B34, B39); 4G: TD-LTE (B34, B38, B39, B40, B41), FDD-LTE (B1, B2, B3, B5, B7, B8, B20, B28 a&b)</td></tr>
<tr><td>Drop</td><td>1.5m drops to concrete (for six sides, one drop per side). Tumbling Test 0.5 m: 1000 rounds; DIP Test 10cm: 16,000; Drop Test 3 rounds × 6 sides, 1.5 m drop on steel plate; Surface, 1.8 m with protector case installed</td></tr>
<tr><td>Electro Static Discharge (ESD)</td><td>±8 kV (direct discharge), ±15 kV (air discharge)</td></tr>
<tr><td>Humidity</td><td>5% to 95% (non-condensing)</td></tr>
<tr><td>IP Rating</td><td>IP67</td></tr>
<tr><td>Operating Temperature</td><td>-20°C to 55°C (-4°F to 131°F)</td></tr>
<tr><td>Storage Temperature</td><td>-30°C to 70°C (-22°F to 158°F)</td></tr>
<tr><td>Android Roadmap</td><td>https://www.newland-id.com/en/support/android-roadmap-for-newland-devices/</td></tr>
<tr><td>Configuration Tools</td><td>Ndevor</td></tr>
<tr><td>MDM (certified)</td><td>Ndevor</td></tr>
<tr><td>Certifications Hardware</td><td>AER</td></tr>
<tr><td>Comprehensive Service Contract</td><td>3 Years, 5 Years</td></tr>
<tr><td>Warranty Extension</td><td>+1 Year, +3 Years</td></tr>
<tr><td>Warranty Standard</td><td>2 Years</td></tr>
<tr><td>Accessories Optional</td><td>4-slot battery charger, Charging cradle, Pistol grip, Protective case</td></tr>
<tr><td>Accessories Standard</td><td>USB cable, Hand strap, Battery, Screen protector, Multiplug adapter, Wrist strap, Protective case</td></tr>
<tr><td>NLS-MT6757-W4</td><td>MT6757 Sei II Mobile Computer with 4"" touchscreen, 2D CMOS Megapixel imager with Laser Aimer (CM6x), 4GB/64GB, BT, WiFi5, 4G, GPS, NFC and Camera. Incl. Protective case, glass screen protector, handstrap, wriststrap, USB cable, battery and adapter</td></tr>
<tr><td>Part Number</td><td>Description</td></tr>
</tbody>
</table>",,,,,,,,
https://www.newland-id.com/en/products/general-purpose-handheld-scanners/hr32-marlin-corded-hc,general-purpose-handheld-scanners,Newland,,,HR32 Marlin Corded HC,HR32 Marlin Corded HC,https://www.newland-id.com/datasheets/268/hr32-marlin-corded-hc.pdf,https://newlandemea.katanapim.com/content/images/thumbs/000/0000004_p-hr32-marlin-corded-hc.png,"The HR32 Marlin Corded HC is a barcode scanning powerhouse with an antimicrobial coating. No matter what type of barcode is presented, the megapixel camera allows users to scan 1D and 2D barcodes, including very small and high-resolution codes, with impressive speed and ease.","1D: All major 1D symbologies, including EAN-13, EAN-8, UPC-A, UPC-E, ISSN, ISBN, Codabar, Code 128, Code93, ITF-6, ITF-14, Interleaved 2 of 5, Industrial 2 of 5, Standard 2 of 5, Matrix 2 of 5, GS1 Databar, Code 39, Code 11, MSI-Plessey, Plessey.
2D: All major 2D symbologies, including PDF417, QR Code, Data Matrix, Aztec, Maxicode.
Aiming: Green LED",,,,"<table class=""Table_Products_Style"">
<thead>
<tr>
<th>Thông số kỹ thuật</th>
<th>Chi tiết</th>
</tr>
</thead>
<tbody>
<tr><td>1D</td><td>All major 1D symbologies, including EAN-13, EAN-8, UPC-A, UPC-E, ISSN, ISBN, Codabar, Code 128, Code93, ITF-6, ITF-14, Interleaved 2 of 5, Industrial 2 of 5, Standard 2 of 5, Matrix 2 of 5, GS1 Databar, Code 39, Code 11, MSI-Plessey, Plessey.</td></tr>
<tr><td>2D</td><td>All major 2D symbologies, including PDF417, QR Code, Data Matrix, Aztec, Maxicode.</td></tr>
<tr><td>Aiming</td><td>Green LED</td></tr>
<tr><td>Depth of Field Code 39 (5mil)</td><td>75 mm - 220 mm</td></tr>
<tr><td>Depth of Field DataMatrix (10mil)</td><td>50 mm - 220 mm</td></tr>
<tr><td>Depth of Field EAN 13 (13mil)</td><td>45 mm - 510 mm</td></tr>
<tr><td>Depth of Field PDF417 (6.67mil)</td><td>70 mm - 215 mm</td></tr>
<tr><td>Depth of Field QR (15mil)</td><td>20 mm - 330 mm</td></tr>
<tr><td>Field of View Horizontal</td><td>39°</td></tr>
<tr><td>Field of View Vertical</td><td>24°</td></tr>
<tr><td>Illumination</td><td>White LED, Red LED (625±10nm)</td></tr>
<tr><td>Image Sensor</td><td>1280 x 800 CMOS</td></tr>
<tr><td>Minimal Print Contrast</td><td>25%</td></tr>
<tr><td>Scan Angle Pitch</td><td>±55°</td></tr>
<tr><td>Scan Angle Roll</td><td>360°</td></tr>
<tr><td>Scan Angle Skew</td><td>±55°</td></tr>
<tr><td>Scan Modes</td><td>Trigger Mode, Sense Mode, Continuous Mode</td></tr>
<tr><td>Scan Rate</td><td>60 frames per second</td></tr>
<tr><td>Processor</td><td>1 GHz, X1500</td></tr>
<tr><td>Current @ 5VDC Operating</td><td>238.2 mA (typical), 260.5 mA (max)</td></tr>
<tr><td>Current @ 5VDC Standby</td><td>71.3 mA</td></tr>
<tr><td>Dimensions</td><td>113.5(W) × 73.3(D) × 159(H) mm</td></tr>
<tr><td>Housing</td><td>PC, ABS</td></tr>
<tr><td>Input Voltage</td><td>5 VDC ±5%</td></tr>
<tr><td>Interfaces</td><td>USB, RS-232</td></tr>
<tr><td>Notifications</td><td>Beep, LED</td></tr>
<tr><td>Power Consumption</td><td>1289.6 mW (typical)</td></tr>
<tr><td>Power Supply Input</td><td>5 VDC (1.5 A)</td></tr>
<tr><td>Power Supply Output</td><td>AC100 to 240 V (50 to 60 Hz)</td></tr>
<tr><td>Weight</td><td>162 g</td></tr>
<tr><td>Ambient Light</td><td>0 to 100,000 lux (natural light)</td></tr>
<tr><td>Drop</td><td>1.5 m</td></tr>
<tr><td>Electro Static Discharge (ESD)</td><td>±8 kV (direct discharge), ±15 kV (air discharge)</td></tr>
<tr><td>Humidity</td><td>5% to 95% (non-condensing)</td></tr>
<tr><td>IP Rating</td><td>IP52</td></tr>
<tr><td>Operating Temperature</td><td>-20°C to 60°C (-4°F to 140°F)</td></tr>
<tr><td>Storage Temperature</td><td>-40°C to 70°C (-40°F to 158°F)</td></tr>
<tr><td>Configuration Tools</td><td>EasySet</td></tr>
<tr><td>Certifications Hardware</td><td>FCC, IEC 62471, RoHS, KC, CE</td></tr>
<tr><td>Comprehensive Service Contract</td><td>3 Years, 5 Years</td></tr>
<tr><td>Warranty Standard</td><td>5 Years</td></tr>
<tr><td>Accessories Optional</td><td>USB cable, USB-C cable, Multiplug adapter, RS-232 cable, Wall mount clip, Foldable smart stand</td></tr>
<tr><td>Accessories Standard</td><td>USB cable</td></tr>
<tr><td>NLS-HR3280-S0-HC</td><td>HR32 Marlin II 2D CMOS Mega Pixel Health care Handheld Reader (white antimicrobial surface) with 2 mtr. USB cable and autosense. (Smart stand compatible).</td></tr>
<tr><td>NLS-HR3280-SF-HC</td><td>HR32 Marlin II 2D CMOS Mega Pixel Health care Handheld Reader (white antimicrobial surface) with 2 mtr. USB cable and autosense. Incl. foldable smart stand.</td></tr>
<tr><td>Part Number</td><td>Description</td></tr>
</tbody>
</table>",,,,,,,,
https://www.newland-id.com/en/products/general-purpose-handheld-scanners/hr32-marlin-bluetooth-hc,general-purpose-handheld-scanners,Newland,,,HR32 Marlin Bluetooth HC,HR32 Marlin Bluetooth HC,https://www.newland-id.com/datasheets/258/hr32-marlin-bluetooth-hc.pdf,https://newlandemea.katanapim.com/content/images/thumbs/000/0000020_hr32-marlin-bluetooth-hc.png,"Adopting Bluetooth 5.0 technology and antimicrobial coating, the HR32 Marlin Bluetooth is able to maintain a strong, anti-interference connection to transmit data. The HR32 Marlin Bluetooth is equipped with megapixel technology to read virtually all 1D or 2D barcodes in any condition. From long or truncated 1D codes to larger and more high-density 2D codes.","1D: All major 1D symbologies, including EAN-8, EAN-13, UPC-E, UPC-A, Code128, Coupon, UCC/EAN128, CodaBar, I2Of5, Febraban, ITF14, ITF6, Matrix 25, Code39, Code93, ISSN, ISBN, Industrial 25, Standard 25, China Posy 25, Plessey, Code 11, MSI Plessey, UCC/EAN Composite, GS1 Databar, Code 49, Code 16K, AIM 128, ISBT 128.
2D: All major 2D symbologies, including PDF417, MicroPDF417, QR Code, Micro QR Code, Aztec, Data Matrix, Chinese Sensible Code, Maxicode.
Aiming: Green LED",,,,"<table class=""Table_Products_Style"">
<thead>
<tr>
<th>Thông số kỹ thuật</th>
<th>Chi tiết</th>
</tr>
</thead>
<tbody>
<tr><td>1D</td><td>All major 1D symbologies, including EAN-8, EAN-13, UPC-E, UPC-A, Code128, Coupon, UCC/EAN128, CodaBar, I2Of5, Febraban, ITF14, ITF6, Matrix 25, Code39, Code93, ISSN, ISBN, Industrial 25, Standard 25, China Posy 25, Plessey, Code 11, MSI Plessey, UCC/EAN Composite, GS1 Databar, Code 49, Code 16K, AIM 128, ISBT 128.</td></tr>
<tr><td>2D</td><td>All major 2D symbologies, including PDF417, MicroPDF417, QR Code, Micro QR Code, Aztec, Data Matrix, Chinese Sensible Code, Maxicode.</td></tr>
<tr><td>Aiming</td><td>Green LED</td></tr>
<tr><td>Depth of Field Code 39 (5mil)</td><td>85 mm - 220 mm</td></tr>
<tr><td>Depth of Field DataMatrix (10mil)</td><td>50 mm - 220 mm</td></tr>
<tr><td>Depth of Field EAN 13 (13mil)</td><td>50 mm - 495 mm</td></tr>
<tr><td>Depth of Field PDF417 (6.67mil)</td><td>70 mm - 215 mm</td></tr>
<tr><td>Depth of Field QR (15mil)</td><td>20 mm - 325 mm</td></tr>
<tr><td>Field of View Horizontal</td><td>39°</td></tr>
<tr><td>Field of View Vertical</td><td>24°</td></tr>
<tr><td>Illumination</td><td>White LED, Red LED</td></tr>
<tr><td>Image Sensor</td><td>1280 x 800 CMOS</td></tr>
<tr><td>Minimal Print Contrast</td><td>25%</td></tr>
<tr><td>Scan Angle Pitch</td><td>±55°</td></tr>
<tr><td>Scan Angle Roll</td><td>360°</td></tr>
<tr><td>Scan Angle Skew</td><td>±55°</td></tr>
<tr><td>Memory Flash</td><td>≥15000 pieces Code 128 (20 byte of each code 128)</td></tr>
<tr><td>Battery Type</td><td>2400 mAh lithium-ion battery</td></tr>
<tr><td>Dimensions</td><td>113.5(W) x 73.3(D) x 159(H) mm</td></tr>
<tr><td>Expected Battery Life</td><td>≥12 hours of continuous operation (scan once per 6 seconds)</td></tr>
<tr><td>Expected Charge Time</td><td>≤4 hours</td></tr>
<tr><td>Input Voltage</td><td>5 VDC ±5%</td></tr>
<tr><td>Interfaces</td><td>USB, RS-232</td></tr>
<tr><td>Notifications</td><td>Beep, LED</td></tr>
<tr><td>Weight</td><td>217 g</td></tr>
<tr><td>Communication Modes</td><td>Synchronous, Asynchronous, Batch</td></tr>
<tr><td>Radio Technology</td><td>Bluetooth 5.0</td></tr>
<tr><td>Wireless Distance ( max.)</td><td>≥50 m (direct line of sight in open air)</td></tr>
<tr><td>Drop</td><td>1.5 m</td></tr>
<tr><td>Drop with Cradle</td><td>1 m</td></tr>
<tr><td>Electro Static Discharge (ESD)</td><td>±8 kV (air discharge), ±4 kV (direct discharge)</td></tr>
<tr><td>Humidity</td><td>5% to 95% (non-condensing)</td></tr>
<tr><td>IP Rating</td><td>IP52</td></tr>
<tr><td>Operating Temperature</td><td>-20°C to 60°C (-4°F to 140°F)</td></tr>
<tr><td>Storage Temperature</td><td>-40°C to 70°C (-40°F to 158°F)</td></tr>
<tr><td>Configuration Tools</td><td>EasySet</td></tr>
<tr><td>Certifications Hardware</td><td>CE EMC Class B, FCC Part15 Class B</td></tr>
<tr><td>Comprehensive Service Contract</td><td>3 Years, 5 Years</td></tr>
<tr><td>Warranty Extension</td><td>+2 Years</td></tr>
<tr><td>Warranty Standard</td><td>3 Years</td></tr>
<tr><td>Accessories Optional</td><td>USB cable, USB-C cable, Multiplug adapter, RS-232 cable, Wall mount clip, Stand/Docking station</td></tr>
<tr><td>Accessories Standard</td><td>USB cable, Multiplug adapter, Stand/Docking station</td></tr>
<tr><td>NLS-HR3280-BT-HC(U)</td><td>HR32 Marlin II 2D CMOS Mega Pixel Wireless Bluetooth Health care Handheld Reader (white antimicrobial surface) with Stand/Docking Station, USB cable and multiplug adapter.</td></tr>
<tr><td>Part Number</td><td>Description</td></tr>
</tbody>
</table>",,,,,,,,
https://www.newland-id.com/en/products/mobile-computers/sd55-lynx-md,mobile-computers,Newland,,,SD55,SD55 Lynx MD,https://www.newland-id.com/datasheets/257/sd55-lynx-md.pdf,https://newlandemea.katanapim.com/content/images/thumbs/000/0000129_sd55_md_1.png,"Accredited with the EC60601-01 medical standard, the SD55 Lynx MD empowers safe operations for healthcare professionals. The capacitive touchscreen and Android 8.1 operating system gives you everything you’ve asked for in a mobile computer, and more.","Part Number: Description
SD55MD-C: 5,5” Healthcare Mobile computer 2Ghz 4GB/64GB, 2D CMOS imager with Laser Aimer, BT, WiFi, 3G/4G, GPS, NFC, Camera (OS Android 8.1). Incl. USB cable, charging cradle and multi plug adapter.
1D: Auspost, Bpo, Canpost, Codabar, Code11, Code128, Code32, Code39, Code93, Dutchpost, Ean13, Ean8, Ean128, Int25, Isbt, Iata25, Japost, Msi, Ocr, Planet, Postnet, Strt25, Tlc39, Trioptic, Upca, and Upce",,,,"<table class=""Table_Products_Style"">
<thead>
<tr>
<th>Thông số kỹ thuật</th>
<th>Chi tiết</th>
</tr>
</thead>
<tbody>
<tr><td>Part Number</td><td>Description</td></tr>
<tr><td>SD55MD-C</td><td>5,5” Healthcare Mobile computer 2Ghz 4GB/64GB, 2D CMOS imager with Laser Aimer, BT, WiFi, 3G/4G, GPS, NFC, Camera (OS Android 8.1). Incl. USB cable, charging cradle and multi plug adapter.</td></tr>
<tr><td>1D</td><td>Auspost, Bpo, Canpost, Codabar, Code11, Code128, Code32, Code39, Code93, Dutchpost, Ean13, Ean8, Ean128, Int25, Isbt, Iata25, Japost, Msi, Ocr, Planet, Postnet, Strt25, Tlc39, Trioptic, Upca, and Upce</td></tr>
<tr><td>2D</td><td>Aztec, Codablock, Code49, Composite, Datamatrix, Maxicode, Micropdf, Pdf417, Qr, and Rss</td></tr>
<tr><td>Current Operating System</td><td>Android 8.1</td></tr>
<tr><td>Memory Flash</td><td>64GB</td></tr>
<tr><td>Memory RAM</td><td>4GB</td></tr>
<tr><td>Processor</td><td>2.0 GHz octa-core</td></tr>
<tr><td>Audio</td><td>Front dual stereo speakers, Volume 90db±3db (test distance 10cm)</td></tr>
<tr><td>Battery Type</td><td>4500 mAh</td></tr>
<tr><td>Buttons</td><td>Volume keys, function keys (1 left, 1 right), power key</td></tr>
<tr><td>Dimensions</td><td>150(W) x 72.5(D) x 15(H) mm</td></tr>
<tr><td>Display/Touch Panel</td><td>5.5"" (1440 x 720), IPS highlight screen, 5 points capacitive touchscreen</td></tr>
<tr><td>Expansion Slot</td><td>Micro SD card slot</td></tr>
<tr><td>Expected Charge Time</td><td>PE fast charging, full charge time < 4h</td></tr>
<tr><td>Front camera</td><td>5 MP, Full focus</td></tr>
<tr><td>Interfaces</td><td>USB-C</td></tr>
<tr><td>Keypad</td><td>5 keys</td></tr>
<tr><td>Notifications</td><td>LED, Vibration, Sound</td></tr>
<tr><td>Rear camera</td><td>13 MP, Auto focus, High brightness LED flash</td></tr>
<tr><td>Sensors</td><td>G-sensor, Proximity sensor, COMPASS, Ambient light sensor</td></tr>
<tr><td>SIM/TF</td><td>2 Nano SIM card slots</td></tr>
<tr><td>Weight</td><td>240 g (with battery)</td></tr>
<tr><td>GPS</td><td>GPS, BD, GLONASS</td></tr>
<tr><td>NFC</td><td>ISO1443A/B, ISO15693, NFC reading distance: 0 to 5cm</td></tr>
<tr><td>WLAN RADIO</td><td>IEEE 802.11 a/b/g/n 2.4G 5G dual frequency</td></tr>
<tr><td>WPAN RADIO</td><td>Bluetooth 4.1 BLE</td></tr>
<tr><td>WWAN RADIO</td><td>FDD-LTE B1/B3/B7, TDD-LTE B38/B39/B40/B41, TDSCDMA B34/B39, WCDMA B1/B2/B5/B8, GSM B2/B3/B5/B8, CDMA1x/CDMA2000 BC0</td></tr>
<tr><td>Drop</td><td>1.5 meter drop to concrete</td></tr>
<tr><td>Electro Static Discharge (ESD)</td><td>±8 kV (contact discharge), ±15 kV (air discharge)</td></tr>
<tr><td>Humidity</td><td>5% to 95%</td></tr>
<tr><td>IP Rating</td><td>IP65</td></tr>
<tr><td>Operating Temperature</td><td>-20°C to 55°C (-4°F to 131°F)</td></tr>
<tr><td>Storage Temperature</td><td>-30°C to 70°C (-22°F to 158°F)</td></tr>
<tr><td>Certifications Hardware</td><td>RoHS, CCC, CTA, CE</td></tr>
<tr><td>Warranty Standard</td><td>2 Years</td></tr>
</tbody>
</table>",,,,,,,,
https://www.newland-id.com/en/products/presentation-scanners/nvf260,presentation-scanners,Newland,,,NVF260,NVF260,https://www.newland-id.com/datasheets/256/nvf260.pdf,https://newlandemea.katanapim.com/content/images/thumbs/000/0000537_nvf260_1.png,"Designed for healthcare applications, the NVF260 is perfect for tracking surgical instruments. The NVF260 provides excellent performance in reading DPM barcodes with a new generation of industrial decoding algorithms. Its' blue diffuse illumination helps to avoid reflection from metal surfaces.","1D: EAN-13, EAN-8, UPC-A, UPC-E, ISSN, ISBN, Code 128, Code 39, Codabar, UCC/EAN 128, AIM128, Interleaved 2 of S, ITF-14, ITF-6, Standard 2 of 5, Matrix 2 of 5, COOP 25, Industrial 2 of 5, Plessey, MSI Plessey, Code 11, Code 93, ISBT128, Deutsche 14, Deutsche12
2D: QR Code, Data Matrix
Depth of Field DataMatrix (10mil): 0 mm - 25 mm",,,,"<table class=""Table_Products_Style"">
<thead>
<tr>
<th>Thông số kỹ thuật</th>
<th>Chi tiết</th>
</tr>
</thead>
<tbody>
<tr><td>1D</td><td>EAN-13, EAN-8, UPC-A, UPC-E, ISSN, ISBN, Code 128, Code 39, Codabar, UCC/EAN 128, AIM128, Interleaved 2 of S, ITF-14, ITF-6, Standard 2 of 5, Matrix 2 of 5, COOP 25, Industrial 2 of 5, Plessey, MSI Plessey, Code 11, Code 93, ISBT128, Deutsche 14, Deutsche12</td></tr>
<tr><td>2D</td><td>QR Code, Data Matrix</td></tr>
<tr><td>Depth of Field DataMatrix (10mil)</td><td>0 mm - 25 mm</td></tr>
<tr><td>Depth of Field QR (15mil)</td><td>0 mm - 30 mm</td></tr>
<tr><td>Field of View Horizontal</td><td>32.7°</td></tr>
<tr><td>Field of View Vertical</td><td>20.7°</td></tr>
<tr><td>Illumination</td><td>Diffuse: ring of blue LEDs</td></tr>
<tr><td>Image Sensor</td><td>1280 x 800 CMOS</td></tr>
<tr><td>Minimal Print Contrast</td><td>25%</td></tr>
<tr><td>Scan Angle Pitch</td><td>45°</td></tr>
<tr><td>Scan Angle Roll</td><td>360°</td></tr>
<tr><td>Scan Angle Skew</td><td>45°</td></tr>
<tr><td>Current @ 5VDC Operating</td><td>230 mA (typical), 330 mA (max)</td></tr>
<tr><td>Dimensions</td><td>Height: 100mm, Diameter: 65mm</td></tr>
<tr><td>Input Voltage</td><td>5 VDC ±5%</td></tr>
<tr><td>Interfaces</td><td>USB</td></tr>
<tr><td>Notifications</td><td>Beep, LED</td></tr>
<tr><td>Power Consumption</td><td>1150 mW (typical)</td></tr>
<tr><td>Weight</td><td>347 g</td></tr>
<tr><td>Drop</td><td>1.2 m</td></tr>
<tr><td>Electro Static Discharge (ESD)</td><td>±8 kV (direct discharge), ±15 kV (air discharge)</td></tr>
<tr><td>Humidity</td><td>5% to 95% (non-condensing)</td></tr>
<tr><td>IP Rating</td><td>IP64</td></tr>
<tr><td>Operating Temperature</td><td>-20°C to 60°C (-4°F to 140°F)</td></tr>
<tr><td>Storage Temperature</td><td>-40°C to 70°C (-40°F to 158°F)</td></tr>
<tr><td>Certifications Hardware</td><td>CE EMC Class B, FCC Part15 Class B, RoHS</td></tr>
<tr><td>Comprehensive Service Contract</td><td>3 Years, 5 Years</td></tr>
<tr><td>Warranty Extension</td><td>+1 Year, +3 Years</td></tr>
<tr><td>Warranty Standard</td><td>2 Years</td></tr>
<tr><td>Accessories Standard</td><td>USB cable</td></tr>
<tr><td>NLS-NVF260-20</td><td>NFV260 2D CMOS Mega Pixel Medical scanner, HD - Direct Part Mark, 2 Color LED, with 1.2 mtr. direct USB cable.</td></tr>
<tr><td>Part Number</td><td>Description</td></tr>
</tbody>
</table>",,,,,,,,
https://www.newland-id.com/en/products/mobile-computers/sd35-leo,mobile-computers,Newland,,,SD35,SD35 Leo,https://www.newland-id.com/datasheets/254/sd35-leo.pdf,https://newlandemea.katanapim.com/content/images/thumbs/000/0000302_sd35_leo_1.png,"Embodying the ‘less is more’ motto, the SD35 Leo is a reliable mobile scanning solution that suits every type of budget. Its ergonomic design and keyboard fit right at home in your warehouse or as part of your logistical process.","Part Number: Description
SD35L-C: 3,5” Mobile computer 2Ghz 2GB/16GB, 2D CMOS imager (N1) with LED Aimer, BT, WiFi, 4G, GPS, NFC, Camera (OS Android 8.1). Incl. USB cable, charging cradle and multi plug adapter (Leo)
1D: Auspost, Bpo, Canpost, Codabar, Code11, Code128, Code32, Code39, Code93, Dutchpost, Ean13, Ean8, Ean128, Int25, Isbt, Iata25, Japost, Msi, Ocr, Planet, Postnet, Strt25, Tlc39, Trioptic, Upca, and Upce",,,,"<table class=""Table_Products_Style"">
<thead>
<tr>
<th>Thông số kỹ thuật</th>
<th>Chi tiết</th>
</tr>
</thead>
<tbody>
<tr><td>Part Number</td><td>Description</td></tr>
<tr><td>SD35L-C</td><td>3,5” Mobile computer 2Ghz 2GB/16GB, 2D CMOS imager (N1) with LED Aimer, BT, WiFi, 4G, GPS, NFC, Camera (OS Android 8.1). Incl. USB cable, charging cradle and multi plug adapter (Leo)</td></tr>
<tr><td>1D</td><td>Auspost, Bpo, Canpost, Codabar, Code11, Code128, Code32, Code39, Code93, Dutchpost, Ean13, Ean8, Ean128, Int25, Isbt, Iata25, Japost, Msi, Ocr, Planet, Postnet, Strt25, Tlc39, Trioptic, Upca, and Upce</td></tr>
<tr><td>2D</td><td>Aztec, Codablock, Code49, Composite, Datamatrix, Maxicode, Micropdf, Pdf417, Qr, and Rss</td></tr>
<tr><td>Current Operating System</td><td>Android 8.1</td></tr>
<tr><td>Memory Flash</td><td>16GB</td></tr>
<tr><td>Memory RAM</td><td>2GB</td></tr>
<tr><td>Processor</td><td>2.0 GHz octa-core</td></tr>
<tr><td>Audio</td><td>Front dual stereo speakers, Volume 90db±3db (test distance 10cm)</td></tr>
<tr><td>Battery Type</td><td>5200 mAh</td></tr>
<tr><td>Buttons</td><td>Keyboard, volume buttons, power button, unction buttons (left and right)</td></tr>
<tr><td>Dimensions</td><td>184(W) x 70(D) x 29.8(H) mm</td></tr>
<tr><td>Display/Touch Panel</td><td>3.5"" (640 x 960), IPS highlight screen, 5 points capacitive touchscreen</td></tr>
<tr><td>Expansion Slot</td><td>1 Micro PSAM and 1 Micro SD card up to 128 GB</td></tr>
<tr><td>Expected Charge Time</td><td>PE fast charging, full charge time < 4h</td></tr>
<tr><td>Interfaces</td><td>USB-C, OTG</td></tr>
<tr><td>Keypad</td><td>40 keys</td></tr>
<tr><td>Notifications</td><td>LED, Vibration, Sound</td></tr>
<tr><td>Rear camera</td><td>13 MP, Auto focus, High brightness LED flash</td></tr>
<tr><td>SIM/TF</td><td>2 Micro SIM</td></tr>
<tr><td>Touch Panel</td><td>5 points capacitive touchscreen</td></tr>
<tr><td>Weight</td><td>290 g (with battery)</td></tr>
<tr><td>GPS</td><td>GPS, BD, GLONASS</td></tr>
<tr><td>NFC</td><td>ISO1443A/B, ISO15693, NFC reading distance: 0 to 5cm</td></tr>
<tr><td>WLAN RADIO</td><td>IEEE 802.11 a/b/g/n 2.4G 5G dual frequency</td></tr>
<tr><td>WPAN RADIO</td><td>Bluetooth 4.1 BLE</td></tr>
<tr><td>WWAN RADIO</td><td>FDD-LTE B1/B3/B7 TDD-LTE B38/B39/B40/B41 TDSCDMA B34/B39 WCDMA B1/B2/B5/B8 CDMA1x/CDMA2000 BC0</td></tr>
<tr><td>Drop</td><td>6 sides can withstand the impact of 1.5 meters drop to concrete</td></tr>
<tr><td>Electro Static Discharge (ESD)</td><td>±8 kV (contact discharge), ±16 kV (air discharge)</td></tr>
<tr><td>Humidity</td><td>5% to 95%</td></tr>
<tr><td>IP Rating</td><td>IP65</td></tr>
<tr><td>Operating Temperature</td><td>-20°C to 60°C (-4°F to 140°F)</td></tr>
<tr><td>Storage Temperature</td><td>-30°C to 80°C (-22°F to 176°F)</td></tr>
<tr><td>Certifications Hardware</td><td>FCC, CCC, CTA, CE</td></tr>
<tr><td>Warranty Standard</td><td>2 Years</td></tr>
</tbody>
</table>",,,,,,,,
https://www.newland-id.com/en/products/fixed-mount-scanners/fm60-cubera-ai,fixed-mount-scanners,Newland,,,FM60,FM60 Cubera AI,https://www.newland-id.com/datasheets/252/fm60-cubera-ai.pdf,https://newlandemea.katanapim.com/content/images/thumbs/000/0000785_fm60_1-new.png,"The FM60 Cubera AI is equipped with AI-powered barcode decoding technology. This advanced technology enables the device to accurately decode a wide variety of barcodes, even on challenging surfaces. Designed for seamless integration into self-service kiosks and complete point-of-sale systems, its medium scanning window and high motion tolerance enhance user efficiency and help reduce checkout lines.","1D: Code 128, EAN-8, EAN-13, UPC-E, UPC-A, Coupon, Interleaved 2/5, ITF-14, ITF-6, Matrix 2/5, Code 39, Codabar, Code 93, China Post 2/5, UCC/EAN-128, GS1 Databar, GS1 Composite, Code 11, ISBN, ISSN, Industrial 2/5, Standard 2/5, Plessey, MSI-Plessey, AIM 128, ISBT 128, Code 49, Code 16K
2D: PDF417, Micro PDF417, QR / Micro QR, DataMatrix, Aztec, Chinese Sensible Code, Maxicode, GridMatrix, Code One, DotCode
Depth of Field EAN 13 (13mil): 0 mm - 180 mm",,,,"<table class=""Table_Products_Style"">
<thead>
<tr>
<th>Thông số kỹ thuật</th>
<th>Chi tiết</th>
</tr>
</thead>
<tbody>
<tr><td>1D</td><td>Code 128, EAN-8, EAN-13, UPC-E, UPC-A, Coupon, Interleaved 2/5, ITF-14, ITF-6, Matrix 2/5, Code 39, Codabar, Code 93, China Post 2/5, UCC/EAN-128, GS1 Databar, GS1 Composite, Code 11, ISBN, ISSN, Industrial 2/5, Standard 2/5, Plessey, MSI-Plessey, AIM 128, ISBT 128, Code 49, Code 16K</td></tr>
<tr><td>2D</td><td>PDF417, Micro PDF417, QR / Micro QR, DataMatrix, Aztec, Chinese Sensible Code, Maxicode, GridMatrix, Code One, DotCode</td></tr>
<tr><td>Depth of Field EAN 13 (13mil)</td><td>0 mm - 180 mm</td></tr>
<tr><td>Depth of Field QR (15mil)</td><td>0 mm - 130 mm</td></tr>
<tr><td>Field of View Horizontal</td><td>65.6˚</td></tr>
<tr><td>Field of View Vertical</td><td>44.6˚</td></tr>
<tr><td>Illumination</td><td>White LED (5000K)</td></tr>
<tr><td>Image Sensor</td><td>1280 x 800 CMOS</td></tr>
<tr><td>Minimal Print Contrast</td><td>25%</td></tr>
<tr><td>Motion Tolerance</td><td>>2m/s</td></tr>
<tr><td>Postal</td><td>USPS Postnet, USPS Intelligent Mail, Royal Mail, USPS Planet, KIX, Australian Postal, Japanese Post</td></tr>
<tr><td>Resolution</td><td>≥4mil (1D)</td></tr>
<tr><td>Scan Angle Pitch</td><td>±55°</td></tr>
<tr><td>Scan Angle Roll</td><td>360˚</td></tr>
<tr><td>Scan Angle Skew</td><td>±50°</td></tr>
<tr><td>Current @ 5VDC Operating</td><td>195.8mA (typical), 407mA (max.)</td></tr>
<tr><td>Current @ 5VDC Standby</td><td>120mA</td></tr>
<tr><td>Dimensions</td><td>114(W) × 46(H) × 94(D) mm</td></tr>
<tr><td>Input Voltage</td><td>5-12 VDC±5%</td></tr>
<tr><td>Interfaces</td><td>USB, RS-232</td></tr>
<tr><td>Notifications</td><td>Beep, LED</td></tr>
<tr><td>Weight</td><td>145g</td></tr>
<tr><td>Humidity</td><td>5% to 95% (non-condensing)</td></tr>
<tr><td>IP Rating</td><td>IP52</td></tr>
<tr><td>Operating Temperature</td><td>-20°C to 50°C (-4°F to 122°F)</td></tr>
<tr><td>Storage Temperature</td><td>-40°C to 70°C (-40°F to 158°F)</td></tr>
<tr><td>Configuration Tools</td><td>EasySet</td></tr>
<tr><td>Certifications Hardware</td><td>CE EMC Class B</td></tr>
<tr><td>Warranty Standard</td><td>5 Years</td></tr>
<tr><td>Accessories Optional</td><td>USB-A - Dupont connector male, Multiplug adapter</td></tr>
<tr><td>NLS-FM6080V2-U12</td><td>FM60 Cubera AI 2D CMOS Fixed-Mount Megapixel Reader, AI-powered Barcode Detection and decoding. Including 1.2 meter USB cable CBL-0164U.</td></tr>
<tr><td>Part Number</td><td>Description</td></tr>
</tbody>
</table>",,,,,,,,
https://www.newland-id.com/en/products/mobile-computers/mt93-megattera-standard,mobile-computers,Newland,Máy tính di động,,MT93 Megattera Standard ,MT93 Megattera Standard ,https://www.newland-id.com/datasheets/251/mt93-megattera-standard.pdf,https://newlandemea.katanapim.com/content/images/thumbs/000/0000368_mt93_megattera_standard_1.png,"Running on Android 13 OS, the MT93 Megattera Standard combines a user-friendly interface with a rugged yet slim exterior. Thanks to its angled scan engine, it effectively reduces discomfort and strain that can arise from prolonged scanning. The device's powerful octa-core processor guarantees smooth performance throughout a full work shift, while the WiFi 5 and 4G guarantee steady, fast, and secure connectivity.","1D: All major 1D symbologies
2D: All major 2D symbologies
Aiming: Laser diode",,,,"<table class=""Table_Products_Style"">
<thead>
<tr>
<th>Thông số kỹ thuật</th>
<th>Chi tiết</th>
</tr>
</thead>
<tbody>
<tr><td>1D</td><td>All major 1D symbologies</td></tr>
<tr><td>2D</td><td>All major 2D symbologies</td></tr>
<tr><td>Aiming</td><td>Laser diode</td></tr>
<tr><td>Depth of Field Code 39 (5mil)</td><td>110 mm - 290 mm</td></tr>
<tr><td>Depth of Field DataMatrix (10mil)</td><td>110 mm - 260 mm</td></tr>
<tr><td>Depth of Field EAN 13 (13mil)</td><td>70 mm - 610 mm</td></tr>
<tr><td>Depth of Field PDF417 (6.7mil)</td><td>110 mm - 230 mm</td></tr>
<tr><td>Depth of Field QR (15mil)</td><td>55 mm - 410 mm</td></tr>
<tr><td>Illumination</td><td>White LED (625±10nm)</td></tr>
<tr><td>Image Sensor</td><td>1280 x 800 CMOS</td></tr>
<tr><td>Scan Rate</td><td>60 frames per second</td></tr>
<tr><td>Current Operating System</td><td>Android 13, GMS</td></tr>
<tr><td>Memory Flash</td><td>64GB</td></tr>
<tr><td>Memory RAM</td><td>4GB</td></tr>
<tr><td>Processor</td><td>2.2 GHz octa-core, 64-bit (MT8781), 2*A76@2.2 GHz, 6*A55@2.0 GHz</td></tr>
<tr><td>Battery Type</td><td>3.85 V, 5000 mAh, removable</td></tr>
<tr><td>Buttons</td><td>Virtual on-screen buttons: Menu, Home, Back; Physical buttons: Left and right Scan keys, Volume +/-, Power</td></tr>
<tr><td>Dimensions</td><td>159(W) × 74(D) × 15.9(H) mm</td></tr>
<tr><td>Display/Touch Panel</td><td>5.5” (1440 x 720), brightness: 380 nits, Multi-point capacitive touchscreen, Hardened glass</td></tr>
<tr><td>Expansion Slot</td><td>Micro SD Card (max 256GB)</td></tr>
<tr><td>Front camera</td><td>5 MP</td></tr>
<tr><td>Interfaces</td><td>USB-C</td></tr>
<tr><td>Keypad</td><td>5 keys, 3 Virtual keys</td></tr>
<tr><td>Microphone</td><td>Supports noise reduction, Dual microphones</td></tr>
<tr><td>Notifications</td><td>Speaker, Vibration, Multi-color LEDs</td></tr>
<tr><td>Power Supply Input</td><td>AC 100 to 240 V (50 to 60 Hz), 18w fast charge</td></tr>
<tr><td>Power Supply Output</td><td>DC5 V/7 V/9 V, 2 A</td></tr>
<tr><td>Rear camera</td><td>13 MP, LED flash, Auto focus</td></tr>
<tr><td>Sensors</td><td>Gravity Sensor, Electronic compass, Light & proximity sensor, Gyroscope</td></tr>
<tr><td>SIM/TF</td><td>Nano+Nano or Nano+TF</td></tr>
<tr><td>Weight</td><td>277 g (including battery)</td></tr>
<tr><td>GPS</td><td>GLONASS, GPS (AGPS)</td></tr>
<tr><td>NFC</td><td>13.56MHz RFID: ISO14443A/B, MIFARE, FeliCa, NFCForumTags, ISO15693</td></tr>
<tr><td>WLAN RADIO</td><td>WIFI 5 802.11 a/b/g/n/ac, support 2.4G and 5G dual frequency</td></tr>
<tr><td>WPAN RADIO</td><td>Bluetooth 5.2 BLE backward compatibility</td></tr>
<tr><td>WWAN RADIO</td><td>2G: 850/900/1800/1900MHz; 3G: WCDMA (B1, B2, B5, B8), CDMA: 1X EVDO (BC0); 4G: TDD-LTE (B34, B38, B39, B40, B41), FDD-LTE (B1, B2, B3, B5, B7, B8, B20, B28 a&b)</td></tr>
<tr><td>Drop</td><td>1.5 m</td></tr>
<tr><td>Electro Static Discharge (ESD)</td><td>±8 kV (direct discharge), ±15 kV (air discharge)</td></tr>
<tr><td>Humidity</td><td>5% to 95% (non-condensing)</td></tr>
<tr><td>IP Rating</td><td>IP65</td></tr>
<tr><td>Operating Temperature</td><td>-20°C to 55°C (-4°F to 131°F)</td></tr>
<tr><td>Storage Temperature</td><td>-40°C to 70°C (-40°F to 158°F)</td></tr>
<tr><td>Android Roadmap</td><td>https://www.newland-id.com/en/support/android-roadmap-for-newland-devices/</td></tr>
<tr><td>Configuration Tools</td><td>Ndevor</td></tr>
<tr><td>MDM (certified)</td><td>Ndevor</td></tr>
<tr><td>Comprehensive Service Contract</td><td>3 Years, 5 Years</td></tr>
<tr><td>Warranty Extension</td><td>+1 Year, +3 Years</td></tr>
<tr><td>Warranty Standard</td><td>2 Years</td></tr>
<tr><td>Accessories Optional</td><td>USB-C cable, 4-slot battery charger, Charging cradle, Protective case, Battery, Adapter, Protective film, Screen protector</td></tr>
<tr><td>Accessories Standard</td><td>Hand strap, USB-C cable, Battery, Screen protector, Multiplug adapter, Protective case</td></tr>
<tr><td>NLS-MT9300-W4-AS</td><td>Mobile Computer with 5.5"" touchscreen, 2D CMOS Mega Pixel imager with Laser Aimer (CM66), 4GB/64GB, BT, WiFi5, 4G, GPS, NFC and Camera. Incl. protective case, USB-C cable, battery, screen protector, hand strap, and multiplug adapter. OS: Android 13 GMS.</td></tr>
<tr><td>Part Number</td><td>Description</td></tr>
</tbody>
</table>",,,,,,,,
https://www.newland-id.com/en/products/industrial-handheld-scanners/hr42-halibut-hd-corded,industrial-handheld-scanners,Newland,,,HR42,HR42 Halibut HD Corded,https://www.newland-id.com/datasheets/9/hr42-halibut-hd-corded.pdf,https://newlandemea.katanapim.com/content/images/thumbs/000/0000526_hr42_halibut_hd_2.png,"Designed and built to raise the bar, the HR42 Halibut HD Corded handheld scanner provides maximized performance and a reliable rugged exterior. With its megapixel camera, the handheld scanner achieves an entirely new level of performance that allows it to scan virtually every 1D and 2D barcode printed on paper, plastic and metal, as well as a range of direct part marks (DPMs).","Part Number: Description
NLS-HR4280-H5: 2D CMOS Handheld Reader Mega Pixel, High Density (Black surface) with 3 meter coiled USB cable. Autosense, smart stand ready.
NLS-HR4280-H8: 2D CMOS Handheld Reader Mega Pixel, High Density (Black surface) with 2 meter RS232 cable and multiplug adapter. Autosense, smart stand ready.",,,,"<table class=""Table_Products_Style"">
<thead>
<tr>
<th>Thông số kỹ thuật</th>
<th>Chi tiết</th>
</tr>
</thead>
<tbody>
<tr><td>Part Number</td><td>Description</td></tr>
<tr><td>NLS-HR4280-H5</td><td>2D CMOS Handheld Reader Mega Pixel, High Density (Black surface) with 3 meter coiled USB cable. Autosense, smart stand ready.</td></tr>
<tr><td>NLS-HR4280-H8</td><td>2D CMOS Handheld Reader Mega Pixel, High Density (Black surface) with 2 meter RS232 cable and multiplug adapter. Autosense, smart stand ready.</td></tr>
<tr><td>1D</td><td>All major 1D symbologies, including EAN-13, EAN-8, UPC-A, UPC-E, ISSN, ISBN, Codabar, Code 128, Code93, ITF-6, ITF-14, Interleaved 2 of 5, Industrial 2 of 5, Standard 2 of 5, Matrix 2 of 5, GS1 Databar, Code 39, Code 11, MSI-Plessey, Plessey.</td></tr>
<tr><td>2D</td><td>All major 2D symbologies, including PDF417, QR Code, Data Matrix, Aztec, Maxicode.</td></tr>
<tr><td>Aiming</td><td>Laser diode (650nm)</td></tr>
<tr><td>Depth of Field Code 39 (5mil)</td><td>50 mm - 100 mm</td></tr>
<tr><td>Depth of Field DataMatrix (10mil)</td><td>40 mm - 110 mm</td></tr>
<tr><td>Depth of Field EAN 13 (13mil)</td><td>25 mm - 155 mm</td></tr>
<tr><td>Depth of Field PDF417 (6.67mil)</td><td>40 mm - 105 mm</td></tr>
<tr><td>Depth of Field QR (15mil)</td><td>35 mm - 155 mm</td></tr>
<tr><td>Field of View Horizontal</td><td>40.5°</td></tr>
<tr><td>Field of View Vertical</td><td>30.4°</td></tr>
<tr><td>Illumination</td><td>White LED</td></tr>
<tr><td>Image Sensor</td><td>1280 x 960 CMOS</td></tr>
<tr><td>Minimal Print Contrast</td><td>25%</td></tr>
<tr><td>Motion Tolerance</td><td>2 m/s</td></tr>
<tr><td>Scan Angle Pitch</td><td>±50°</td></tr>
<tr><td>Scan Angle Roll</td><td>360°</td></tr>
<tr><td>Scan Angle Skew</td><td>±50°</td></tr>
<tr><td>Scan Modes</td><td>Sense Mode, Continuous Mode, Level Mode, Batch Mode</td></tr>
<tr><td>Scan Rate</td><td>60 frames per second</td></tr>
<tr><td>Processor</td><td>DDR3, 800Mhz</td></tr>
<tr><td>Current @ 5VDC Operating</td><td>266 mA (typical), 344 mA (max)</td></tr>
<tr><td>Current @ 5VDC Standby</td><td>109 mA</td></tr>
<tr><td>Dimensions</td><td>115(W) × 74(D) × 161(H) mm</td></tr>
<tr><td>Housing</td><td>PC, ABS</td></tr>
<tr><td>Input Voltage</td><td>5 VDC ±5%</td></tr>
<tr><td>Interfaces</td><td>USB, RS-232</td></tr>
<tr><td>Notifications</td><td>Beep, LED</td></tr>
<tr><td>Power Consumption</td><td>1251 mW (typical)</td></tr>
<tr><td>Power Supply Input</td><td>5 VDC (1.5 A)</td></tr>
<tr><td>Power Supply Output</td><td>AC100 to 240 V (50 to 60 Hz)</td></tr>
<tr><td>Weight</td><td>173 g</td></tr>
<tr><td>Drop</td><td>1.8 m</td></tr>
<tr><td>Electro Static Discharge (ESD)</td><td>±8 kV (direct discharge), ±16 kV (air discharge)</td></tr>
<tr><td>Humidity</td><td>5% to 95% (non-condensing)</td></tr>
<tr><td>IP Rating</td><td>IP42</td></tr>
<tr><td>Operating Temperature</td><td>-20°C to 50°C (-4°F to 122°F)</td></tr>
<tr><td>Storage Temperature</td><td>-40°C to 70°C (-40°F to 158°F)</td></tr>
<tr><td>Configuration Tools</td><td>NSet</td></tr>
<tr><td>Certifications Hardware</td><td>IEC 60825-1, CE EMC Class B, FCC Part15 Class B, RoHS, KC</td></tr>
<tr><td>Warranty Standard</td><td>5 Years</td></tr>
</tbody>
</table>",,,,,,,,
https://www.newland-id.com/en/products/general-purpose-handheld-scanners/hr15-wahoo-bluetooth,general-purpose-handheld-scanners,Newland,,,HR15 Wahoo Bluetooth,HR15 Wahoo Bluetooth,https://www.newland-id.com/datasheets/255/hr15-wahoo-bluetooth.pdf,https://newlandemea.katanapim.com/content/images/thumbs/000/0000383.png,"Adopting the latest Bluetooth 5.0 technology, the HR15 Wahoo Bluetooth is able to maintain a strong, anti-interference connection to transmit data. Whether mounted vertically or horizontally, upright or flat, the HR15 Wahoo Bluetooth is ready to go to work.","Part Number: Description
NLS-HR1580-BT-C(U): HR15 Wahoo 1D CCD Wireless Bluetooth Handheld Reader with Stand/Docking Station, USB cable and multiplug adapter.
1D: All major 1D symbologies, including EAN-13, EAN-8, UPC-A, UPC-E, ISSN, ISBN, Codabar, Code 128, Code 93, ITF-6, ITF-14, Interleaved 2 of 5, Industrial 25, Standard 25, Matrix 2 of 5, GS1 Databar, Code 39, Code 11, MSI-Plessey, Plessey.",,,,"<table class=""Table_Products_Style"">
<thead>
<tr>
<th>Thông số kỹ thuật</th>
<th>Chi tiết</th>
</tr>
</thead>
<tbody>
<tr><td>Part Number</td><td>Description</td></tr>
<tr><td>NLS-HR1580-BT-C(U)</td><td>HR15 Wahoo 1D CCD Wireless Bluetooth Handheld Reader with Stand/Docking Station, USB cable and multiplug adapter.</td></tr>
<tr><td>1D</td><td>All major 1D symbologies, including EAN-13, EAN-8, UPC-A, UPC-E, ISSN, ISBN, Codabar, Code 128, Code 93, ITF-6, ITF-14, Interleaved 2 of 5, Industrial 25, Standard 25, Matrix 2 of 5, GS1 Databar, Code 39, Code 11, MSI-Plessey, Plessey.</td></tr>
<tr><td>Depth of Field Code 39 (5mil)</td><td>90 mm - 160 mm</td></tr>
<tr><td>Depth of Field EAN 13 (13mil)</td><td>55 mm - 550 mm</td></tr>
<tr><td>Illumination</td><td>Red LED (622nm-628nm)</td></tr>
<tr><td>Image Sensor</td><td>2500 CCD</td></tr>
<tr><td>Minimal Print Contrast</td><td>>25%</td></tr>
<tr><td>Scan Angle Pitch</td><td>±60°</td></tr>
<tr><td>Scan Angle Skew</td><td>±60°</td></tr>
<tr><td>Memory Flash</td><td>≥15000 pieces Code 128 (20 byte of each code 128)</td></tr>
<tr><td>Battery Type</td><td>2400 mAh lithium-ion battery</td></tr>
<tr><td>Dimensions</td><td>113.5(W) x 73.3(D) x 159(H) mm</td></tr>
<tr><td>Expected Battery Life</td><td>15 hours of continuous operation (scan once per 6 seconds)</td></tr>
<tr><td>Expected Charge Time</td><td>≤4 hours (with power adapter)</td></tr>
<tr><td>Input Voltage</td><td>5 VDC ±5%</td></tr>
<tr><td>Interfaces</td><td>USB, RS-232</td></tr>
<tr><td>Notifications</td><td>Beep, LED</td></tr>
<tr><td>Weight</td><td>213 g</td></tr>
<tr><td>Communication Modes</td><td>Synchronous, Asynchronous, Batch</td></tr>
<tr><td>Radio Technology</td><td>Bluetooth 5.0</td></tr>
<tr><td>Wireless Distance ( max.)</td><td>≥50 m/164ft (direct line of sight in open air)</td></tr>
<tr><td>Drop</td><td>1.5 m</td></tr>
<tr><td>Drop with Cradle</td><td>1 m</td></tr>
<tr><td>Electro Static Discharge (ESD)</td><td>±8 kV (air discharge), ±4 kV (direct discharge)</td></tr>
<tr><td>Humidity</td><td>5% to 95% (non-condensing)</td></tr>
<tr><td>IP Rating</td><td>IP42</td></tr>
<tr><td>Operating Temperature</td><td>-20°C to 60°C (-4°F to 140°F)</td></tr>
<tr><td>Storage Temperature</td><td>-40°C to 70°C (-40°F to 158°F)</td></tr>
<tr><td>Configuration Tools</td><td>EasySet</td></tr>
<tr><td>Certifications Hardware</td><td>CE EMC Class B, FCC Part15 Class B, RoHS</td></tr>
<tr><td>Warranty Standard</td><td>3 Years</td></tr>
</tbody>
</table>",,,,,,,,
https://www.newland-id.com/en/products/scan-engines/n1-w,scan-engines,Newland,,,N1-W,N1-W,https://www.newland-id.com/datasheets/253/n1-w.pdf,https://newlandemea.katanapim.com/content/images/thumbs/000/0000379_n1_w_1.png,"The Newland N1-W is one of Newland’s most impressive OEM technologies, showcasing our catalog's smallest 2D wide-angle engine. This minimally power-consuming and compact design allows integrators to build smaller devices while boasting outstanding accuracy and speed, even when scanning large barcodes from close range or hard-to-read 1D and 2D barcodes.","1D: Code 128, EAN-8, EAN-13, UPC-E, UPC-A, Interleaved 2/5, ITF-14, ITF-6, Matrix 2/5, Code 39, Codabar, Code 93, UCC/EAN-128, GSl Databar, Codell, ISBN, ISSN, Industrial 2/5, Standard 2/5, Plessey, MSI-Plessey, AIM 128
2D: PDF417, QR Code, Micro QR, Data Matrix, Aztec
Aiming: Red LED (625nm)",,,,"<table class=""Table_Products_Style"">
<thead>
<tr>
<th>Thông số kỹ thuật</th>
<th>Chi tiết</th>
</tr>
</thead>
<tbody>
<tr><td>1D</td><td>Code 128, EAN-8, EAN-13, UPC-E, UPC-A, Interleaved 2/5, ITF-14, ITF-6, Matrix 2/5, Code 39, Codabar, Code 93, UCC/EAN-128, GSl Databar, Codell, ISBN, ISSN, Industrial 2/5, Standard 2/5, Plessey, MSI-Plessey, AIM 128</td></tr>
<tr><td>2D</td><td>PDF417, QR Code, Micro QR, Data Matrix, Aztec</td></tr>
<tr><td>Aiming</td><td>Red LED (625nm)</td></tr>
<tr><td>Depth of Field Code 39 (5mil)</td><td>25 mm - 50 mm</td></tr>
<tr><td>Depth of Field DataMatrix (10mil)</td><td>25 mm - 45 mm</td></tr>
<tr><td>Depth of Field PDF417 (6.7mil)</td><td>25 mm - 45 mm</td></tr>
<tr><td>Depth of Field QR (15mil)</td><td>20 mm - 60 mm</td></tr>
<tr><td>Field of View Horizontal</td><td>68˚</td></tr>
<tr><td>Field of View Vertical</td><td>51˚</td></tr>
<tr><td>Illumination</td><td>White LED (3000K)</td></tr>
<tr><td>Image Sensor</td><td>640 x 480 CMOS</td></tr>
<tr><td>Minimal Print Contrast</td><td>25%</td></tr>
<tr><td>Resolution</td><td>≥3mil (1D), ≥6.67mil (2D)</td></tr>
<tr><td>Scan Angle Pitch</td><td>±50°</td></tr>
<tr><td>Scan Angle Roll</td><td>360°</td></tr>
<tr><td>Scan Angle Skew</td><td>±50°</td></tr>
<tr><td>Current @ 3.3VDC Operating</td><td>68 mA (typical)</td></tr>
<tr><td>Current @ 3.3VDC Standby</td><td>< 0.3 mA</td></tr>
<tr><td>Dimensions</td><td>23.8(W) x 7.5(D) x 7(H) mm</td></tr>
<tr><td>Input Voltage</td><td>3.3 VDC ±5%</td></tr>
<tr><td>Interfaces</td><td>USB, TTL-232</td></tr>
<tr><td>Weight</td><td>1.2 g</td></tr>
<tr><td>Ambient Light</td><td>0 to 100,000 lux (natural light)</td></tr>
<tr><td>Humidity</td><td>5% to 95% (non-condensing)</td></tr>
<tr><td>Operating Temperature</td><td>-20°C to 55°C (-4°F to 131°F)</td></tr>
<tr><td>Storage Temperature</td><td>-40°C to 70°C (-40°F to 158°F)</td></tr>
<tr><td>Configuration Tools</td><td>EasySet</td></tr>
<tr><td>Certifications Hardware</td><td>RoHS 2.0, CE EMC Class B, FCC Part15 Class B, IEC 62471</td></tr>
<tr><td>Warranty Standard</td><td>2 Years</td></tr>
<tr><td>Accessories Optional</td><td>USB cable, RS-232 cable</td></tr>
<tr><td>Accessories Standard</td><td>Software development board</td></tr>
<tr><td>Part Number</td><td>Description</td></tr>
<tr><td>NLS-N1-W</td><td>2D CMOS Area imager, Standard CMOS 640x480, all in one, Newland Decoder 0610, TTL-RS232/USB interface with FFC(flexible flat cable) white illumination, LED aimer, small footprint, low power consumption, wide field of view, H:68˚, V:51˚</td></tr>
</tbody>
</table>",,,,,,,,
https://www.newland-id.com/en/products/wearables/wd4-ring-scanner,wearables,Newland,,,WD4 Ring Scanner,WD4 Ring Scanner,https://www.newland-id.com/datasheets/250/wd4-ring-scanner.pdf,https://newlandemea.katanapim.com/content/images/thumbs/000/0000086_wd4_ring_1.png,"With its lightweight design and seamless pairing to your host device, the WD4 Ring Scanner is your perfect companion. Designed to comfortably sit on your finger, the ring shape of the WD4 allows for a secure fit, ensuring it stays in place even during rigorous tasks. Whether you're carrying boxes or engaged in other daily activities, scan hands-free and multitask with the WD4 Ring Scanner!","1D: Code128, UCC/EAN-128, AIM128, EAN-8, EAN-13, ISBN/ISSN, UPC-E, UPC-A, Standard 25, Codabar, Industrial 25, Code39, Code 93, Code 11, Plessey, MSI-Plessey, GS1-DataBarTM(RSS), Matrix 2 of 5, Interleaved 2 of 5, ITF-6, ITF-14
2D: PDF417, QR Code, Data Matrix, Aztec, Micro PDF, Micro QR
Aiming: Red LED",,,,"<table class=""Table_Products_Style"">
<thead>
<tr>
<th>Thông số kỹ thuật</th>
<th>Chi tiết</th>
</tr>
</thead>
<tbody>
<tr><td>1D</td><td>Code128, UCC/EAN-128, AIM128, EAN-8, EAN-13, ISBN/ISSN, UPC-E, UPC-A, Standard 25, Codabar, Industrial 25, Code39, Code 93, Code 11, Plessey, MSI-Plessey, GS1-DataBarTM(RSS), Matrix 2 of 5, Interleaved 2 of 5, ITF-6, ITF-14</td></tr>
<tr><td>2D</td><td>PDF417, QR Code, Data Matrix, Aztec, Micro PDF, Micro QR</td></tr>
<tr><td>Aiming</td><td>Red LED</td></tr>
<tr><td>Depth of Field Code 39 (5mil)</td><td>55 mm - 145 mm</td></tr>
<tr><td>Depth of Field DataMatrix (10mil)</td><td>40 mm - 140 mm</td></tr>
<tr><td>Depth of Field EAN 13 (13mil)</td><td>55 mm - 280 mm</td></tr>
<tr><td>Depth of Field PDF417 (6.7mil)</td><td>40 mm - 130 mm</td></tr>
<tr><td>Depth of Field QR (15mil)</td><td>30 mm - 195 mm</td></tr>
<tr><td>Illumination</td><td>White LED</td></tr>
<tr><td>Image Sensor</td><td>640 x 480 CMOS</td></tr>
<tr><td>Minimal Print Contrast</td><td>20% (Code128 10mil)</td></tr>
<tr><td>Resolution</td><td>≥3mil (Code128)</td></tr>
<tr><td>Scan Angle Pitch</td><td>±60°</td></tr>
<tr><td>Scan Angle Roll</td><td>360°</td></tr>
<tr><td>Scan Angle Skew</td><td>±60°</td></tr>
<tr><td>Memory Flash</td><td>1MB, >16000 EAN 13 codes</td></tr>
<tr><td>Battery Type</td><td>4.35 V, 670 mAh (rechargeable Li-ion battery)</td></tr>
<tr><td>Dimensions</td><td>38(W) × 52.5(L) × 44.2(H) mm</td></tr>
<tr><td>Expected Battery Life</td><td>Up to 8 hours (depending on the intensity of scanning applications)</td></tr>
<tr><td>Expected Charge Time</td><td>Less than 2 hours</td></tr>
<tr><td>Notifications</td><td>LED, Vibration, Buzzer</td></tr>
<tr><td>Power Supply Input</td><td>AC100 to 240 V (50 to 60 Hz)</td></tr>
<tr><td>Power Supply Output</td><td>5  VDC (1.5 A)</td></tr>
<tr><td>Weight</td><td>48 g</td></tr>
<tr><td>Radio Technology</td><td>Bluetooth 5.0</td></tr>
<tr><td>Wireless Distance ( max.)</td><td>40 m (wide empty area）</td></tr>
<tr><td>Charge Temperature</td><td>0°C to 45°C (32°F to 113°F)</td></tr>
<tr><td>Drop</td><td>1.2 m</td></tr>
<tr><td>Electro Static Discharge (ESD)</td><td>±8 kV (contact discharge), ±12 kV (air discharge)</td></tr>
<tr><td>Humidity</td><td>5% to 95% (non-condensing)</td></tr>
<tr><td>IP Rating</td><td>IP42</td></tr>
<tr><td>Operating Temperature</td><td>-20°C to 50°C (-4°F to 122°F)</td></tr>
<tr><td>Storage Temperature</td><td>-40°C to 70°C (-40°F to 158°F)</td></tr>
<tr><td>Configuration Tools</td><td>EasySet</td></tr>
<tr><td>Certifications Hardware</td><td>RoHS, CE</td></tr>
<tr><td>Comprehensive Service Contract</td><td>3 Years, 5 Years</td></tr>
<tr><td>Warranty Extension</td><td>+2 Years</td></tr>
<tr><td>Warranty Standard</td><td>3 Years</td></tr>
<tr><td>Accessories Optional</td><td>Multiplug adapter, Fast charging power adapter, 2-slot charging cradle, Bluetooth BLE USB dongle, USB-A - Magnetic connector cable</td></tr>
<tr><td>Accessories Standard</td><td>USB-A - Magnetic connector cable</td></tr>
<tr><td>WD4-BS20-SR</td><td>Bluetooth ring scanner, 2D CMOS imager with USB-A to magnetic connector cable.</td></tr>
<tr><td>Part Number</td><td>Description</td></tr>
</tbody>
</table>",,,,,,,,
https://www.newland-id.com/en/products/general-purpose-handheld-scanners/hr23-dorada-bluetooth,general-purpose-handheld-scanners,Newland,,,HR23 Dorada Bluetooth,HR23 Dorada Bluetooth,https://www.newland-id.com/datasheets/249/hr23-dorada-bluetooth.pdf,https://newlandemea.katanapim.com/content/images/thumbs/000/0000316_hr33_marlin_1.png,"The HR23 Dorada Bluetooth offers the best cordless 2D scanning at the price of a 1D scanner, thanks to Newland’s advanced decoding technology. With its blended ergonomics and creative design, the HR23 Dorada offers comfort and productivity for quickly capturing barcodes. The HR23 Dorada Bluetooth is ideal for intensive handheld scanning, from high-density to damaged, vague, and distorted barcodes.","1D: Code 11, Code 128, Code 39, GS1-128(UCC/ENA-128), AIM 128, ISBT 128, Codabar, Code 93, UPC-A, UPC-E, Coupon, GS1 Composite, EAN-13, EAN-8, ISSN, ISBN, Interleaved 2 of 5, Matrix 2 of 5, Industrial 2 of 5, ITF-6, ITF-14, Standard 2 of 5, China Post 25, MSI-Plessey, Plessey, GS1Databar(RSS)
2D: PDF417, QR Code, Aztec, Data Matrix, Micro PDF417, Micro QR, Chinese Sensible Code
Aiming: Red LED",,,,"<table class=""Table_Products_Style"">
<thead>
<tr>
<th>Thông số kỹ thuật</th>
<th>Chi tiết</th>
</tr>
</thead>
<tbody>
<tr><td>1D</td><td>Code 11, Code 128, Code 39, GS1-128(UCC/ENA-128), AIM 128, ISBT 128, Codabar, Code 93, UPC-A, UPC-E, Coupon, GS1 Composite, EAN-13, EAN-8, ISSN, ISBN, Interleaved 2 of 5, Matrix 2 of 5, Industrial 2 of 5, ITF-6, ITF-14, Standard 2 of 5, China Post 25, MSI-Plessey, Plessey, GS1Databar(RSS)</td></tr>
<tr><td>2D</td><td>PDF417, QR Code, Aztec, Data Matrix, Micro PDF417, Micro QR, Chinese Sensible Code</td></tr>
<tr><td>Aiming</td><td>Red LED</td></tr>
<tr><td>Depth of Field Code 39 (5mil)</td><td>50 mm - 120 mm</td></tr>
<tr><td>Depth of Field DataMatrix (10mil)</td><td>30 mm - 125 mm</td></tr>
<tr><td>Depth of Field EAN 13 (13mil)</td><td>50 mm - 280 mm</td></tr>
<tr><td>Depth of Field PDF417 (6.7mil)</td><td>40 mm - 120 mm</td></tr>
<tr><td>Field of View Horizontal</td><td>45°</td></tr>
<tr><td>Field of View Vertical</td><td>34°</td></tr>
<tr><td>Illumination</td><td>White LED</td></tr>
<tr><td>Image Sensor</td><td>640 x 480 CMOS</td></tr>
<tr><td>Minimal Print Contrast</td><td>20%</td></tr>
<tr><td>Resolution</td><td>≥3mil</td></tr>
<tr><td>Scan Angle Pitch</td><td>±60°</td></tr>
<tr><td>Scan Angle Roll</td><td>360°</td></tr>
<tr><td>Scan Angle Skew</td><td>±60°</td></tr>
<tr><td>Memory Flash</td><td>≥16,384 code entries (above 60 bytes)</td></tr>
<tr><td>Battery Type</td><td>2600 mAh lithium-ion battery</td></tr>
<tr><td>Dimensions</td><td>Scanner: 117.5(W) x 67.5(D) x 144(H) mm, Cradle: 140(W) x 90(D) x 144.5(H) mm</td></tr>
<tr><td>Expected Battery Life</td><td>≥16 hours of continuous operation (scan once per 6 seconds)</td></tr>
<tr><td>Expected Charge Time</td><td>≤6 hours</td></tr>
<tr><td>Input Voltage</td><td>5 VDC ±5%</td></tr>
<tr><td>Interfaces</td><td>USB-A, HID-POS, USB-CDC</td></tr>
<tr><td>Notifications</td><td>Beep, LED, Vibration</td></tr>
<tr><td>Weight</td><td>Scanner: 209 g, Cradle: 340.5 g</td></tr>
<tr><td>Communication Modes</td><td>Synchronous, Asynchronous, Batch</td></tr>
<tr><td>Radio Technology</td><td>Bluetooth 5.0</td></tr>
<tr><td>Wireless Distance ( max.)</td><td>≥100 m (in open space)</td></tr>
<tr><td>Charge Temperature</td><td>0°C to 45°C (32°F to 113°F)</td></tr>
<tr><td>Drop</td><td>1.5 m</td></tr>
<tr><td>Drop with Cradle</td><td>1.2 m</td></tr>
<tr><td>Electro Static Discharge (ESD)</td><td>±8 kV (contact discharge), ±15 kV (air discharge)</td></tr>
<tr><td>Humidity</td><td>5% to 95% (non-condensing)</td></tr>
<tr><td>IP Rating</td><td>IP52</td></tr>
<tr><td>Operating Temperature</td><td>-10°C to 50°C (14°F to 122°F)</td></tr>
<tr><td>Storage Temperature</td><td>-40°C to 70°C (-40°F to 158°F)</td></tr>
<tr><td>Configuration Tools</td><td>EasySet</td></tr>
<tr><td>Certifications Hardware</td><td>FCC ID, RoHS 2.0, CE RED, IEC 62471</td></tr>
<tr><td>Comprehensive Service Contract</td><td>3 Years, 5 Years</td></tr>
<tr><td>Warranty Standard</td><td>5 Years</td></tr>
<tr><td>Accessories Optional</td><td>4-slot battery charger, 2,600 mAh battery, Wall mount clip</td></tr>
<tr><td>Accessories Standard</td><td>2-slot charging cradle</td></tr>
<tr><td>NLS-HR2300-BT</td><td>HR23 Dorada 2D CMOS Wireless Bluetooth Handheld Reader with Stand/Docking Station(NLS-HCD2000), USB cable (130cm fixed to stand).</td></tr>
<tr><td>Part Number</td><td>Description</td></tr>
</tbody>
</table>",,,,,,,,
https://www.newland-id.com/en/products/mobile-computers/mt65-beluga-v,mobile-computers,Newland,,,MT65,MT65 Beluga V,https://www.newland-id.com/datasheets/248/mt65-beluga-v.pdf,https://newlandemea.katanapim.com/content/images/thumbs/000/0000136_mt65-perspective.png,"This Android Mobile Computer line has always offered a solid performance. Highlights of the MT65 Beluga V are its 2D megapixel barcode scanner and Android 11 GMS operating system. Additionally, it supports Bluetooth, 4G, Dual-band Wi-Fi, making communication with other devices both quick and easy. The rugged housing of the MT65 Beluga V is sealed to IP65 standards for protection against dust and water and withstands 1.2m drops to concrete.","Part Number: Description
NLS-MT6555-W4: MT6555 Beluga V Mobile Computer with 4"" touchscreen, 2D CMOS imager with Laser Aimer (CM48), 3+32, BT, WiFi, 4G, GPS, NFC, Camera. Incl. USB cable, battery and multi plug adapter. OS: Android 11 GMS.
1D: All major 1D symbologies",,,,"<table class=""Table_Products_Style"">
<thead>
<tr>
<th>Thông số kỹ thuật</th>
<th>Chi tiết</th>
</tr>
</thead>
<tbody>
<tr><td>Part Number</td><td>Description</td></tr>
<tr><td>NLS-MT6555-W4</td><td>MT6555 Beluga V Mobile Computer with 4"" touchscreen, 2D CMOS imager with Laser Aimer (CM48), 3+32, BT, WiFi, 4G, GPS, NFC, Camera. Incl. USB cable, battery and multi plug adapter. OS: Android 11 GMS.</td></tr>
<tr><td>1D</td><td>All major 1D symbologies</td></tr>
<tr><td>2D</td><td>All major 2D symbologies</td></tr>
<tr><td>Aiming</td><td>Laser diode</td></tr>
<tr><td>Illumination</td><td>White LED (625±10nm)</td></tr>
<tr><td>Image Sensor</td><td>1280 x 960 CMOS</td></tr>
<tr><td>Scan Modes</td><td>Trigger Mode</td></tr>
<tr><td>Scan Rate</td><td>60 frames per second</td></tr>
<tr><td>Current Operating System</td><td>Android 11, GMS</td></tr>
<tr><td>Memory Flash</td><td>32GB</td></tr>
<tr><td>Memory RAM</td><td>3GB</td></tr>
<tr><td>Memory Storage Expansion (max.)</td><td>Micro SD card (max. 128GB)</td></tr>
<tr><td>Processor</td><td>2.0 GHz quad-core</td></tr>
<tr><td>Battery Type</td><td>3.7 V, 3800 mAh, Removable</td></tr>
<tr><td>Dimensions</td><td>166(W) x 73(D) x 26(H) mm</td></tr>
<tr><td>Display/Touch Panel</td><td>4” WVGA (800 × 480), Capacitive touchscreen</td></tr>
<tr><td>Expansion Slot</td><td>Micro SD card (max. 128GB)</td></tr>
<tr><td>Expected Battery Life</td><td>10 hours</td></tr>
<tr><td>Expected Charge Time</td><td>4.5-5 hours (charge via AC adapter)</td></tr>
<tr><td>Front camera</td><td>8 MP, LED flash, Auto focus</td></tr>
<tr><td>Interfaces</td><td>Micro USB 2.0</td></tr>
<tr><td>Keypad</td><td>31 keys</td></tr>
<tr><td>Notifications</td><td>Speaker, Vibration, Multi-color LEDs</td></tr>
<tr><td>Power Supply Input</td><td>AC 100 to 240 V (50 to 60 Hz)</td></tr>
<tr><td>Power Supply Output</td><td>DC5 V, 2.0 A</td></tr>
<tr><td>SIM/TF</td><td>Micro SIM Card</td></tr>
<tr><td>Touch Panel</td><td>Capacitive touchscreen</td></tr>
<tr><td>Weight</td><td>330 g (including battery)</td></tr>
<tr><td>GPS</td><td>GLONASS, GPS (AGPS)</td></tr>
<tr><td>RFID</td><td>13.65MHz RFID ISO14443A/B, MIFARE, FeliCa, NFC Forum Tags, ISO15693</td></tr>
<tr><td>WLAN RADIO</td><td>IEEE 802.11 a/b/g/n, 2.4GHz and 5GHz</td></tr>
<tr><td>WPAN RADIO</td><td>Bluetooth 5.0 LE, backward compatible</td></tr>
<tr><td>WWAN RADIO</td><td>TD-LTE (B38, B39, B40, B41) FDD-LTE (B1, B2, B3, B5, B7, B8, B20, B28 a&b)</td></tr>
<tr><td>Drop</td><td>1.2 m</td></tr>
<tr><td>Electro Static Discharge (ESD)</td><td>±8 kV (direct discharge), ±15 kV (air discharge)</td></tr>
<tr><td>Humidity</td><td>5% to 95% (non-condensing)</td></tr>
<tr><td>IP Rating</td><td>IP65</td></tr>
<tr><td>Operating Temperature</td><td>-20°C to 50°C (-4°F to 122°F)</td></tr>
<tr><td>Storage Temperature</td><td>-30°C to 70°C (-22°F to 158°F)</td></tr>
<tr><td>Configuration Tools</td><td>Ndevor</td></tr>
<tr><td>MDM (certified)</td><td>Ndevor, SOTI, Airwatch</td></tr>
<tr><td>Terminal Emulation (compatible)</td><td>StayLinked, Ivanti Velocity</td></tr>
<tr><td>Certifications Hardware</td><td>FCC ID, IEC 62471, RoHS, EN 60950</td></tr>
<tr><td>Comprehensive Service Contract</td><td>3 Years, 5 Years</td></tr>
<tr><td>Warranty Extension</td><td>+1 Year, +3 Years</td></tr>
<tr><td>Warranty Standard</td><td>2 Years</td></tr>
<tr><td>Accessories Optional</td><td>USB cable, 4-slot battery charger, Charging cradle, Pistol grip, Battery, Adapter, Screen protector</td></tr>
<tr><td>Accessories Standard</td><td>USB cable, Hand strap, Battery, Screen protector, AC adapter</td></tr>
</tbody>
</table>",,,,,,,,
https://www.newland-id.com/en/products/wearables/wd1-watch-scanner,wearables,Newland,,,WD1 Watch Scanner,WD1 Watch Scanner,https://www.newland-id.com/datasheets/247/wd1-watch-scanner.pdf,https://newlandemea.katanapim.com/content/images/thumbs/000/0000094_wd1_watch_1.png,"The WD1 Watch Scanner ensures that data storage and processing are more mobile than ever with our Android-based smartwatch. While the design and weight are similar to a consumer smartwatch, the WD1 is specifically designed for harsh working environments. With a 2.8” capacitive touch, Android 9 GMS, a 3.300 mAh battery, WiFi and 4G, it’s the perfect companion.","Part Number: Description
WD1-W4: WD1 (Wearable Device One) with 2.8"""" Touch Screen, BT, Wi-Fi (dual band), 4G, GPS, Camera. Incl. wrist band, USB-C cable, hard case and EU adapter. OS: Android 9.0
Current Operating System: Android 9.0, GMS",,,,"<table class=""Table_Products_Style"">
<thead>
<tr>
<th>Thông số kỹ thuật</th>
<th>Chi tiết</th>
</tr>
</thead>
<tbody>
<tr><td>Part Number</td><td>Description</td></tr>
<tr><td>WD1-W4</td><td>WD1 (Wearable Device One) with 2.8"""" Touch Screen, BT, Wi-Fi (dual band), 4G, GPS, Camera. Incl. wrist band, USB-C cable, hard case and EU adapter. OS: Android 9.0</td></tr>
<tr><td>Current Operating System</td><td>Android 9.0, GMS</td></tr>
<tr><td>Memory Flash</td><td>32GB</td></tr>
<tr><td>Memory RAM</td><td>3GB</td></tr>
<tr><td>Processor</td><td>2.0 GHz octa-core, 64-bit</td></tr>
<tr><td>Audio</td><td>Speaker, Dual microphone, Noise reduction</td></tr>
<tr><td>Battery Type</td><td>Lithium-ion polymer battery: 3.8 V, 3300 mAh (non-removable)</td></tr>
<tr><td>Buttons</td><td>Power key, lock screen key, user-defined key</td></tr>
<tr><td>Dimensions</td><td>Dial plate: 77mm × 56mm;  Dial plate thickness: 17.8mm</td></tr>
<tr><td>Display/Touch Panel</td><td>2.8” (640 × 480), Capacitive touchscreen, Gorilla glass</td></tr>
<tr><td>Interfaces</td><td>USB-C, OTG, 2 pogo pins</td></tr>
<tr><td>Keypad</td><td>2 keys</td></tr>
<tr><td>Notifications</td><td>LED, Speaker, Vibration</td></tr>
<tr><td>Sensors</td><td>Angular Velocity sensor, Geomagnetic sensor, Acceleration sensor, Air pressure sensor</td></tr>
<tr><td>SIM/TF</td><td>Nano SIM*1</td></tr>
<tr><td>Top-mounted Camera</td><td>13 MP, Barcode scanning, Auto focus, LED flash, Torch mode</td></tr>
<tr><td>Touch Panel</td><td>Capacitive touchscreen, Gorilla glass</td></tr>
<tr><td>Weight</td><td>143 g</td></tr>
<tr><td>GPS</td><td>Beidou, GLONASS, Galileo, GPS (AGPS)</td></tr>
<tr><td>WLAN RADIO</td><td>IEEE 802.11 a/b/g/n/ac, 2.4GHz and 5GHz</td></tr>
<tr><td>WPAN RADIO</td><td>Bluetooth 5.0</td></tr>
<tr><td>WWAN RADIO</td><td>2G: GSM: 900/1800MHz    3G: WCDMA: (B1,B8) 4G: TD-LTE: (B34,B38,B40); FDD-LTE: (B1, B3, B7, B8, B20,B28 a&b)</td></tr>
<tr><td>Drop</td><td>1.2 m</td></tr>
<tr><td>Electro Static Discharge (ESD)</td><td>±6 kV (direct discharge), ±10 kV (air discharge)</td></tr>
<tr><td>Humidity</td><td>5% to 95% (non-condensing)</td></tr>
<tr><td>Operating Temperature</td><td>-20°C to 55°C (-4°F to 131°F)</td></tr>
<tr><td>Storage Temperature</td><td>-30°C to 70°C (-22°F to 158°F)</td></tr>
<tr><td>Configuration Tools</td><td>Ndevor</td></tr>
<tr><td>MDM (certified)</td><td>Ndevor, SOTI</td></tr>
<tr><td>Terminal Emulation (compatible)</td><td>StayLinked, Ivanti Velocity</td></tr>
<tr><td>Warranty Standard</td><td>2 Years</td></tr>
</tbody>
</table>",,,,,,,,
https://www.newland-id.com/en/products/scan-engines/n1,scan-engines,Newland,,,N1,N1,https://www.newland-id.com/datasheets/246/n1.pdf,https://newlandemea.katanapim.com/content/images/thumbs/000/0000418_n1-1.png,"The N1 showcases some of Newland’s most impressive OEM technology. At only 21.5 x 9 x 7mm, it stars as our smallest scan engine to date, without compromising on performance. Armed with 6th generation UIMG scanning technology, its accuracy and speed are optimal, even for otherwise hard-to-read 1D and 2D barcodes.","1D: All major 1D symbologies, including Code 128, EAN-13, EAN-8, Code 39, UPC-A, UPC-E, Codabar, Interleaved 2 of 5, ITF-6, ITF-14, ISBN, ISSN, Code 93, UCC/EAN-128, GS1 Databar, Matrix 2 of 5, Code 11, Industrial 2 of 5, Standard 2 of 5, AIM128, Plessey, MSI-Plessey.
2D: All major 2D symbologies, including PDF417, QR Code, Micro QR, Data Matrix, Aztec.
Aiming: Red LED (625nm)",,,,"<table class=""Table_Products_Style"">
<thead>
<tr>
<th>Thông số kỹ thuật</th>
<th>Chi tiết</th>
</tr>
</thead>
<tbody>
<tr><td>1D</td><td>All major 1D symbologies, including Code 128, EAN-13, EAN-8, Code 39, UPC-A, UPC-E, Codabar, Interleaved 2 of 5, ITF-6, ITF-14, ISBN, ISSN, Code 93, UCC/EAN-128, GS1 Databar, Matrix 2 of 5, Code 11, Industrial 2 of 5, Standard 2 of 5, AIM128, Plessey, MSI-Plessey.</td></tr>
<tr><td>2D</td><td>All major 2D symbologies, including PDF417, QR Code, Micro QR, Data Matrix, Aztec.</td></tr>
<tr><td>Aiming</td><td>Red LED (625nm)</td></tr>
<tr><td>Depth of Field Code 39 (5mil)</td><td>40 mm - 150 mm</td></tr>
<tr><td>Depth of Field DataMatrix (10mil)</td><td>45 mm - 120 mm</td></tr>
<tr><td>Depth of Field EAN 13 (13mil)</td><td>60 mm - 350 mm</td></tr>
<tr><td>Depth of Field PDF417 (6.67mil)</td><td>50 mm - 125 mm</td></tr>
<tr><td>Depth of Field QR (15mil)</td><td>30 mm - 170 mm</td></tr>
<tr><td>Field of View Horizontal</td><td>42°</td></tr>
<tr><td>Field of View Vertical</td><td>31.5°</td></tr>
<tr><td>Illumination</td><td>White LED (5000K)</td></tr>
<tr><td>Image Sensor</td><td>640 x 480 CMOS</td></tr>
<tr><td>Minimal Print Contrast</td><td>25%</td></tr>
<tr><td>Resolution</td><td>≥3mil</td></tr>
<tr><td>Scan Angle Pitch</td><td>±60°</td></tr>
<tr><td>Scan Angle Roll</td><td>360°</td></tr>
<tr><td>Scan Angle Skew</td><td>±60°</td></tr>
<tr><td>Decoder</td><td>ASIC (0610)</td></tr>
<tr><td>Current @ 3.3VDC Operating</td><td>91.08 mA (typical)</td></tr>
<tr><td>Current @ 3.3VDC Sleep</td><td>< 0.3mA</td></tr>
<tr><td>Current @ 3.3VDC Standby</td><td>11.8 mA</td></tr>
<tr><td>Dimensions</td><td>21.5(W) x 9.0(D) x 7.0(H) mm</td></tr>
<tr><td>Input Voltage</td><td>3.3 VDC ±5%</td></tr>
<tr><td>Interfaces</td><td>USB, TTL-232</td></tr>
<tr><td>Power Consumption</td><td>456 mW (typical)</td></tr>
<tr><td>Weight</td><td>1.2 g</td></tr>
<tr><td>Ambient Light</td><td>0 to 100,000 lux (natural light)</td></tr>
<tr><td>Humidity</td><td>5% to 95% (non-condensing)</td></tr>
<tr><td>Operating Temperature</td><td>-20°C to 55°C (-4°F to 131°F)</td></tr>
<tr><td>Storage Temperature</td><td>-40°C to 70°C (-40°F to 158°F)</td></tr>
<tr><td>Configuration Tools</td><td>EasySet</td></tr>
<tr><td>Certifications Hardware</td><td>RoHS 2.0, CE EMC Class B, FCC Part15 Class B, IEC 62471</td></tr>
<tr><td>Warranty Standard</td><td>2 Years</td></tr>
<tr><td>Accessories Optional</td><td>USB cable, RS-232 cable, Software development board</td></tr>
<tr><td>Accessories Standard</td><td>75mm flexible flat cable (FFC)</td></tr>
<tr><td>Part Number</td><td>Description</td></tr>
<tr><td>NLS-N1</td><td>2D CMOS Area Imager, Standard, CMOS 640 x 480 , All-in-one, Newland Decoderchip 0610, TTL-232/USB interface with FFC (flexible flat cable), white Illumination, LED Aimer, small footprint, low power consumption</td></tr>
</tbody>
</table>",,,,,,,,
https://www.newland-id.com/en/products/mobile-computers/mt93-megattera-pro-uhf,mobile-computers,Newland,Máy tính di động,,MT93 Megattera Pro UHF,MT93 Megattera Pro UHF,https://www.newland-id.com/datasheets/245/mt93-megattera-pro-uhf.pdf,https://newlandemea.katanapim.com/content/images/thumbs/000/0000140_mt93_megattera_pro-uhf_1-aer.png,"Running on Android 13 OS, the MT93 Megattera Pro UHF combines a user-friendly interface with a rugged yet slim exterior. Thanks to its straight shooter scan engine, it effectively reduces discomfort and strain that can arise from prolonged scanning. The device's powerful octa-core processor guarantees smooth performance throughout a full work shift, while the WiFi 6E and 4G guarantee steady, fast, and secure connectivity even in busy multi-user environments.","1D: Codel28, Code 49, Code 16K, (GSll28) UCC/EAN-128, AIM-128, EAN-8, EAN-13, UPC-E, UPC-A, ITF, ITF 6, ITF 14, Matrix 2 of 5, Industrial 25, Standard 2 of 5, Code39, ISSN, ISBN, CodaBar, Code93, Codell, Plessey, MSI Plessey, RSS.
2D: Aztec, Composite, CS Code, Maxicode, Micro PDF, Micro QR, PDF 417, QR Code, Data Matrix, DotCode.
Aiming: Laser",,,,"<table class=""Table_Products_Style"">
<thead>
<tr>
<th>Thông số kỹ thuật</th>
<th>Chi tiết</th>
</tr>
</thead>
<tbody>
<tr><td>1D</td><td>Codel28, Code 49, Code 16K, (GSll28) UCC/EAN-128, AIM-128, EAN-8, EAN-13, UPC-E, UPC-A, ITF, ITF 6, ITF 14, Matrix 2 of 5, Industrial 25, Standard 2 of 5, Code39, ISSN, ISBN, CodaBar, Code93, Codell, Plessey, MSI Plessey, RSS.</td></tr>
<tr><td>2D</td><td>Aztec, Composite, CS Code, Maxicode, Micro PDF, Micro QR, PDF 417, QR Code, Data Matrix, DotCode.</td></tr>
<tr><td>Aiming</td><td>Laser</td></tr>
<tr><td>Depth of Field Code 39 (5mil)</td><td>110 mm - 290 mm</td></tr>
<tr><td>Depth of Field DataMatrix (10mil)</td><td>110 mm - 260 mm</td></tr>
<tr><td>Depth of Field EAN 13 (13mil)</td><td>70 mm - 610 mm</td></tr>
<tr><td>Depth of Field PDF417 (6.7mil)</td><td>110 mm - 230 mm</td></tr>
<tr><td>Depth of Field QR (15mil)</td><td>55 mm - 410 mm</td></tr>
<tr><td>Image Sensor</td><td>1280 x 800 CMOS</td></tr>
<tr><td>Current Operating System</td><td>Android 13, GMS, Android Enterprise Recommended (AER)</td></tr>
<tr><td>Memory Flash</td><td>64GB</td></tr>
<tr><td>Memory RAM</td><td>4GB</td></tr>
<tr><td>Processor</td><td>2.2 GHz octa-core, 64-bit, 2*A76@2.2 GHz, 6*A55@2.0 GHz</td></tr>
<tr><td>Battery Type</td><td>10.000 mAh, removable</td></tr>
<tr><td>Buttons</td><td>Virtual on-screen buttons: Menu, Home, Back; Physical buttons: Left and right Scan keys, Volume +/-, Power</td></tr>
<tr><td>Dimensions</td><td>168(W) × 86(D) × 149(H) mm</td></tr>
<tr><td>Display/Touch Panel</td><td>5.5” (1440 x 720), brightness: 380 nits, Multi-point capacitive touchscreen, Gorilla glass</td></tr>
<tr><td>Expansion Slot</td><td>Micro SD Card (max 256GB)</td></tr>
<tr><td>Front camera</td><td>5 MP</td></tr>
<tr><td>Interfaces</td><td>USB-C</td></tr>
<tr><td>Keypad</td><td>5 keys, 3 Virtual keys</td></tr>
<tr><td>Microphone</td><td>Supports noise reduction, Dual microphones</td></tr>
<tr><td>Notifications</td><td>Speaker, Vibration, Multi-color LEDs</td></tr>
<tr><td>Power Supply Input</td><td>AC 100 to 240 V (50 to 60 Hz), 18w fast charge</td></tr>
<tr><td>Power Supply Output</td><td>DC5 V/7 V/9 V, 2 A</td></tr>
<tr><td>Rear camera</td><td>13 MP, LED flash, Auto focus</td></tr>
<tr><td>Sensors</td><td>Gravity Sensor, Electronic compass, Light & proximity sensor, Gyroscope</td></tr>
<tr><td>SIM/TF</td><td>Nano+Nano or Nano+TF</td></tr>
<tr><td>Weight</td><td>665 g (including battery)</td></tr>
<tr><td>GPS</td><td>Beidou, GLONASS, Galileo, GPS (AGPS)</td></tr>
<tr><td>WLAN RADIO</td><td>Built-in 802.ll a/b/g/n/ac/ax/k/v/r, support 2.4G and 5G dual frequency</td></tr>
<tr><td>WPAN RADIO</td><td>Bluetooth 5.2 BLE backward compatibility</td></tr>
<tr><td>WWAN RADIO</td><td>2G: 850/900 800 900MHz; 3G: WCDMA (Bl, B2, B5, BS); CDMA: lX EVDO (BCD); 4G: TDD-LTE (B34, B38, B39, B40, B4l) FDD-LTE (Bl, B2, B3, B5, B7, BS, B20, B28 a&b)</td></tr>
<tr><td>UHF Antenna</td><td>Circularly polarized antenna (4dBi), 5dBm-33dBm,(±ldBm) adjustable.</td></tr>
<tr><td>UHF Frequency Range</td><td>ETSI (Europe): 865.6-867.6MHz</td></tr>
<tr><td>UHF Module</td><td>Based on lmpinj E710</td></tr>
<tr><td>UHF Protocol</td><td>EPC Class l Gen 2 (ISO 18000-BC)</td></tr>
<tr><td>UHF Read Range</td><td>Indoor: >12 m; Outdoor: >8 m (@ Alien 9740)</td></tr>
<tr><td>UHF Read Rate</td><td>>900 tags per second</td></tr>
<tr><td>Drop</td><td>1.5m drops to concrete (for six sides, one drop per side)</td></tr>
<tr><td>Electro Static Discharge (ESD)</td><td>±8 kV (direct discharge), ±15 kV (air discharge)</td></tr>
<tr><td>Humidity</td><td>5% to 95% (non-condensing)</td></tr>
<tr><td>IP Rating</td><td>IP65</td></tr>
<tr><td>Operating Temperature</td><td>-20°C to 55°C (-4°F to 131°F)</td></tr>
<tr><td>Storage Temperature</td><td>-40°C to 70°C (-40°F to 158°F)</td></tr>
<tr><td>Configuration Tools</td><td>Ndevor</td></tr>
<tr><td>MDM (certified)</td><td>Ndevor</td></tr>
<tr><td>Comprehensive Service Contract</td><td>3 Years, 5 Years</td></tr>
<tr><td>Warranty Extension</td><td>+1 Year, +3 Years</td></tr>
<tr><td>Warranty Standard</td><td>2 Years</td></tr>
<tr><td>Accessories Optional</td><td>USB-C cable, Charging cradle, Fast charging power adapter, Battery, Screen protector, Cig-plug adapter</td></tr>
<tr><td>Accessories Standard</td><td>Hand strap, USB-C cable, Battery, Screen protector, Multiplug adapter</td></tr>
<tr><td>NLS-MT9356-W4-UHF1</td><td>MT9356 Megattera Pro UHF Mobile Computer with 5.5"" touchscreen, UHF RFID Reader, 2D CMOS Mega Pixel imager with Laser Aimer (CM66), 4GB/64GB, BT, WiFi6E, 4G, Pistol Grip, GPS, and Camera. Incl. USB-C cable, battery, screen protector,  hand strap, and multiplug adapter.  OS: Android 13 GMS (AER)</td></tr>
<tr><td>Part Number</td><td>Description</td></tr>
</tbody>
</table>",,,,,,,,
https://www.newland-id.com/en/products/general-purpose-handheld-scanners/hr22-dorada-ii-bluetooth,general-purpose-handheld-scanners,Newland,,,Hr22,HR22 Dorada II Bluetooth,https://www.newland-id.com/datasheets/244/hr22-dorada-ii-bluetooth.pdf,https://newlandemea.katanapim.com/content/images/thumbs/000/0000025_hr22-dorada-ii-bluetooth.png,"The highest profile successes of the Dorada series have come in industries and applications looking for a 2D scanner at the price of a 1D scanner. Offering a cost-effective handheld scanning solution, the HR22 Dorada II offers an upgrade fitting growing demands by the market.","Part Number: Description
NLS-HR2280-BTV2-SF: HR22 Dorada II 2D CMOS WIreless Bluetooth Handheld Reader for direct connection or with dongle, with USB charging cable & foldable smart stand.
1D: All major 1D symbologies, including Code 11, Code 128, Code 39, GS1-128 (UCC/EAN 128), AIM 128, ISBT 128, Codabar, Code 93, UPC-A, UPC-E, Coupon, GS1 Composite, EAN-8, EAN-13, ISBN/ISSN, Interleaved 2 of 5, Matrix 2 of 5, Industrial 25, ITF6, ITF-14, Standard 25, China Post 25, MSI Plessey, Plessey, GS1 Databar (RSS).",,,,"<table class=""Table_Products_Style"">
<thead>
<tr>
<th>Thông số kỹ thuật</th>
<th>Chi tiết</th>
</tr>
</thead>
<tbody>
<tr><td>Part Number</td><td>Description</td></tr>
<tr><td>NLS-HR2280-BTV2-SF</td><td>HR22 Dorada II 2D CMOS WIreless Bluetooth Handheld Reader for direct connection or with dongle, with USB charging cable & foldable smart stand.</td></tr>
<tr><td>1D</td><td>All major 1D symbologies, including Code 11, Code 128, Code 39, GS1-128 (UCC/EAN 128), AIM 128, ISBT 128, Codabar, Code 93, UPC-A, UPC-E, Coupon, GS1 Composite, EAN-8, EAN-13, ISBN/ISSN, Interleaved 2 of 5, Matrix 2 of 5, Industrial 25, ITF6, ITF-14, Standard 25, China Post 25, MSI Plessey, Plessey, GS1 Databar (RSS).</td></tr>
<tr><td>2D</td><td>All major 2D symbologies, including PDF417, Micro PDF417, Micro QR, QR Code, Data Matrix, Aztec.</td></tr>
<tr><td>Aiming</td><td>Red LED (625nm)</td></tr>
<tr><td>Depth of Field Code 39 (5mil)</td><td>45 mm - 115 mm</td></tr>
<tr><td>Depth of Field DataMatrix (10mil)</td><td>35 mm - 125 mm</td></tr>
<tr><td>Depth of Field EAN 13 (13mil)</td><td>45 mm - 260 mm</td></tr>
<tr><td>Depth of Field PDF417 (6.67mil)</td><td>50 mm - 120 mm</td></tr>
<tr><td>Depth of Field QR (15mil)</td><td>30 mm - 170 mm</td></tr>
<tr><td>Field of View Horizontal</td><td>42°</td></tr>
<tr><td>Field of View Vertical</td><td>34°</td></tr>
<tr><td>Illumination</td><td>White LED</td></tr>
<tr><td>Image Sensor</td><td>640 x 480 CMOS</td></tr>
<tr><td>Minimal Print Contrast</td><td>20%</td></tr>
<tr><td>Scan Angle Pitch</td><td>±60°</td></tr>
<tr><td>Scan Angle Roll</td><td>360°</td></tr>
<tr><td>Scan Angle Skew</td><td>±60°</td></tr>
<tr><td>Memory Flash</td><td>1MB</td></tr>
<tr><td>Dimensions</td><td>145(W) × 101(D) × 68(H) mm</td></tr>
<tr><td>Expected Battery Life</td><td>≥12 hours of continuous operation (scan once per 6 seconds)</td></tr>
<tr><td>Expected Charge Time</td><td>≤5.5 hours (with power adapter)</td></tr>
<tr><td>Input Voltage</td><td>5 VDC ±5%</td></tr>
<tr><td>Interfaces</td><td>USB</td></tr>
<tr><td>Notifications</td><td>Beep, LED, Vibration</td></tr>
<tr><td>Weight</td><td>167 g</td></tr>
<tr><td>Communication Modes</td><td>Manual batch, Automatic batch, Synchronous</td></tr>
<tr><td>Radio Technology</td><td>Bluetooth 5.0</td></tr>
<tr><td>Wireless Distance ( max.)</td><td>≥50 m</td></tr>
<tr><td>Drop</td><td>1.5 m</td></tr>
<tr><td>Electro Static Discharge (ESD)</td><td>±8 kV (direct discharge), ±15 kV (air discharge)</td></tr>
<tr><td>Humidity</td><td>5% to 95% (non-condensing)</td></tr>
<tr><td>IP Rating</td><td>IP42</td></tr>
<tr><td>Operating Temperature</td><td>-20°C to 60°C (-4°F to 140°F)</td></tr>
<tr><td>Storage Temperature</td><td>-40°C to 70°C (-40°F to 158°F)</td></tr>
<tr><td>Configuration Tools</td><td>EasySet</td></tr>
<tr><td>Certifications Hardware</td><td>CE EMC Class B, FCC Part15 Class B, IEC 62471, RoHS, BIS</td></tr>
<tr><td>Warranty Standard</td><td>3 Years</td></tr>
</tbody>
</table>",,,,,,,,
https://www.newland-id.com/en/products/industrial-handheld-scanners/nvh300-angler-hd,industrial-handheld-scanners,Newland,,,NVH300,NVH300 Angler HD,https://www.newland-id.com/datasheets/243/nvh300-angler-hd.pdf,https://newlandemea.katanapim.com/content/images/thumbs/000/0000056_nvh300_angler_1.png,"With its advanced illumination and megapixel camera, NVH300 Angler HD provides superior performance. It is ideal for scanning high-density 1D/2D or DPM barcodes, even on reflective, curved, and shiny surfaces.","Part Number: Description
NLS-NVH300-H0: 2D CMOS Mega Pixel Industrial Handheld Reader, High Density, 2 Color LED, with 2 mtr. USB cable.
1D: All major 1D symbologies, including EAN-8, EAN-13, UPC-E, UPC-A, Code128, Coupon, UCC/E, AN128, CodaBar, I2Of5, Febraban, ITF14, ITF6, Matrix 25, Code39, Code93, ISSN, ISBN, Industrial 25, Standard 25, China Post 25, Plessey, Code 11, MSI Plessey, UCC/EAN Composite, GS1 Databar, Code 49, Code 16K, AIM 128, ISBT 128.",,,,"<table class=""Table_Products_Style"">
<thead>
<tr>
<th>Thông số kỹ thuật</th>
<th>Chi tiết</th>
</tr>
</thead>
<tbody>
<tr><td>Part Number</td><td>Description</td></tr>
<tr><td>NLS-NVH300-H0</td><td>2D CMOS Mega Pixel Industrial Handheld Reader, High Density, 2 Color LED, with 2 mtr. USB cable.</td></tr>
<tr><td>1D</td><td>All major 1D symbologies, including EAN-8, EAN-13, UPC-E, UPC-A, Code128, Coupon, UCC/E, AN128, CodaBar, I2Of5, Febraban, ITF14, ITF6, Matrix 25, Code39, Code93, ISSN, ISBN, Industrial 25, Standard 25, China Post 25, Plessey, Code 11, MSI Plessey, UCC/EAN Composite, GS1 Databar, Code 49, Code 16K, AIM 128, ISBT 128.</td></tr>
<tr><td>2D</td><td>All major 2D symbologies, including PDF417, Micro PDF417, QR Code, Micro QR Code, Aztec, Data Matrix, Chinese Sensible Code, Maxicode.</td></tr>
<tr><td>Aiming</td><td>Laser diode (650nm)</td></tr>
<tr><td>Depth of Field Code 39 (5mil)</td><td>18 mm - 90 mm</td></tr>
<tr><td>Depth of Field DataMatrix (10mil)</td><td>0 mm - 90 mm</td></tr>
<tr><td>Depth of Field QR (10mil)</td><td>0 mm - 90 mm</td></tr>
<tr><td>Field of View Horizontal</td><td>41°</td></tr>
<tr><td>Field of View Vertical</td><td>31°</td></tr>
<tr><td>Illumination</td><td>Diffuse: ring of red LEDs, Direct: White LED</td></tr>
<tr><td>Image Sensor</td><td>1280 x 960 CMOS</td></tr>
<tr><td>Minimal Print Contrast</td><td>20%</td></tr>
<tr><td>Motion Tolerance</td><td>2 m/s</td></tr>
<tr><td>Scan Angle Pitch</td><td>±60°</td></tr>
<tr><td>Scan Angle Roll</td><td>360°</td></tr>
<tr><td>Scan Angle Skew</td><td>±55°</td></tr>
<tr><td>Current @ 5VDC Operating</td><td>450  mA (typical), 475  mA (max)</td></tr>
<tr><td>Dimensions</td><td>76(W) x 107(D) x 185(H) mm</td></tr>
<tr><td>Input Voltage</td><td>5 VDC ±5%</td></tr>
<tr><td>Interfaces</td><td>USB, RS-232</td></tr>
<tr><td>Notifications</td><td>Beep, LED, Vibration</td></tr>
<tr><td>Power Consumption</td><td>2250 mW (typical)</td></tr>
<tr><td>Weight</td><td>235 g</td></tr>
<tr><td>Drop</td><td>1.8 m</td></tr>
<tr><td>Electro Static Discharge (ESD)</td><td>±8 kV (direct discharge), ±16 kV (air discharge)</td></tr>
<tr><td>Humidity</td><td>5% to 95% (non-condensing)</td></tr>
<tr><td>IP Rating</td><td>IP42</td></tr>
<tr><td>Operating Temperature</td><td>-20°C to 50°C (-4°F to 122°F)</td></tr>
<tr><td>Storage Temperature</td><td>-40°C to 70°C (-40°F to 158°F)</td></tr>
<tr><td>Configuration Tools</td><td>NSet</td></tr>
<tr><td>Certifications Hardware</td><td>CE EMC Class B, FCC Part15 Class B, RoHS</td></tr>
<tr><td>Warranty Standard</td><td>5 Years</td></tr>
</tbody>
</table>",,,,,,,,
https://www.newland-id.com/en/products/touch-panel-computers/nquire-800-plus,touch-panel-computers,Newland,,,NQuire 800 Plus,NQuire 800 Plus,https://www.newland-id.com/datasheets/242/nquire-800-plus.pdf,https://newlandemea.katanapim.com/content/images/thumbs/000/0000107_nquire_800_1_0.png,"Designed to be used in a variety of extreme environments, the NQuire 800 Plus is the perfect tablet to withstand everything that your business can throw at it. Powered by a 64-bit Quad-Core Intel. processor and Windows 10 Pro, the NQuire 800 Plus brings seamless integration into your business systems whilst remaining a viable budget-conscious solution. The tablet has been designed specifically to enhance the efficiency of your business workforce and mobilise your teams ready to keep in touch with the ever-evolving landscape that modern businesses now operate in.","Part Number: Description
NQUIRE800/HS-II PLUS: Ruggedized 8"" IP67 Windows 10 Tablet 4GB/64GB, WIFI - 3G - BT - GPS - 2D CMOS engine Incl. Stylus pen with lanyard, OTG cable, Handstrap and multi plug adapter.
1D: All major 1D symbologies, including Code 128, EAN-13, EAN-8, Code 39, UPC-A, UPC-E, Codabar, Interleaved 2 of 5, ITF-6, ITF-14, ISBN, Code 93, UCC / EAN-128, GS1 Databar, Matrix 2 of 5, Code 11, Industrial 2 of 5, Standard 2 of 5, Plessey, MSI-Plessey.",,,,"<table class=""Table_Products_Style"">
<thead>
<tr>
<th>Thông số kỹ thuật</th>
<th>Chi tiết</th>
</tr>
</thead>
<tbody>
<tr><td>Part Number</td><td>Description</td></tr>
<tr><td>NQUIRE800/HS-II PLUS</td><td>Ruggedized 8"" IP67 Windows 10 Tablet 4GB/64GB, WIFI - 3G - BT - GPS - 2D CMOS engine Incl. Stylus pen with lanyard, OTG cable, Handstrap and multi plug adapter.</td></tr>
<tr><td>1D</td><td>All major 1D symbologies, including Code 128, EAN-13, EAN-8, Code 39, UPC-A, UPC-E, Codabar, Interleaved 2 of 5, ITF-6, ITF-14, ISBN, Code 93, UCC / EAN-128, GS1 Databar, Matrix 2 of 5, Code 11, Industrial 2 of 5, Standard 2 of 5, Plessey, MSI-Plessey.</td></tr>
<tr><td>2D</td><td>All major 2D symbologies, including PDF417, Data Matrix ECC200 / 000 / 050 / 080 / 100 / 140, QR Code.</td></tr>
<tr><td>Current Operating System</td><td>64Bit Windows 10 Pro</td></tr>
<tr><td>Memory Flash</td><td>64GB</td></tr>
<tr><td>Memory RAM</td><td>4GB</td></tr>
<tr><td>Memory Storage Expansion (max.)</td><td>Up to 128GB (supports SDHC/SDXC cards)</td></tr>
<tr><td>Processor</td><td>1.44 GHz up to 1.92 GHz, 64-Bit Quad Core; Chip: Intel Atom® x5-Z8350</td></tr>
<tr><td>Audio Jack</td><td>3.5mm earphone jack</td></tr>
<tr><td>Battery Type</td><td>8000 mAh Lithium-polymer</td></tr>
<tr><td>Current @ 9VDC Operating</td><td>700 mA (typical), 1.7 A (max)</td></tr>
<tr><td>Current @ 9VDC Standby</td><td>45 mA (typical), 75 mA (max)</td></tr>
<tr><td>Dimensions</td><td>235(W) x 147(D) x 22(H) mm</td></tr>
<tr><td>Display/Touch Panel</td><td>8” IPS (800 x 1280), luminance: 380cd/m2(typical value), contrast ratio: 600:1(min), 800:1(typical), view angle 1°~ 179°</td></tr>
<tr><td>Expansion Slot</td><td>Up to 128GB (supports SDHC/SDXC cards)</td></tr>
<tr><td>Expected Battery Life</td><td>5-7 hours; 250 Hours Standby</td></tr>
<tr><td>Front camera</td><td>5 MP, Auto focus</td></tr>
<tr><td>Interfaces</td><td>Micro USB</td></tr>
<tr><td>Keypad</td><td>2 keys</td></tr>
<tr><td>Power over Ethernet</td><td>802.3 af</td></tr>
<tr><td>Sensors</td><td>Gravity Sensor, Acceleration sensor</td></tr>
<tr><td>Video</td><td>HD (1280 x 720) @ 30FPS</td></tr>
<tr><td>Weight</td><td>875 g</td></tr>
<tr><td>GPS</td><td>GPS, GLONASS</td></tr>
<tr><td>WLAN RADIO</td><td>802.11 ac/a/b/g/n, 2.4Ghz and 5Ghz, WEP, WPA2-Personal AES, WPA2-Enterprise AES, 8-2.11x WEP with EAP method PEAP, EAP-SIM, EAP-TTLS</td></tr>
<tr><td>WPAN RADIO</td><td>Bluetooth 4.0</td></tr>
<tr><td>WWAN RADIO</td><td>3G Micro SIM (3FF); Band 900 / 2100 MHz</td></tr>
<tr><td>Drop</td><td>1.2 m</td></tr>
<tr><td>IP Rating</td><td>IP67</td></tr>
<tr><td>Operating Temperature</td><td>-5°C to 40°C (23˚F to 104˚F)</td></tr>
<tr><td>Storage Temperature</td><td>-20°C to 60°C (-4°F to 140°F)</td></tr>
<tr><td>Certifications Hardware</td><td>IEC 60825, IEC2, FDA II, EN 60825-1</td></tr>
<tr><td>Warranty Standard</td><td>2 Years</td></tr>
<tr><td>Accessories Standard</td><td>Hand strap, Power adapter, Stylus, USB - OTG cable</td></tr>
</tbody>
</table>",,,,,,,,
https://www.newland-id.com/en/products/scan-engines/rvm100-50-ring-scanner,scan-engines,Newland,,,RVM100-50,RVM100-50 Ring Scanner,https://www.newland-id.com/datasheets/241/rvm100-50-ring-scanner.pdf,https://newlandemea.katanapim.com/content/images/thumbs/000/0000420_rvm-1.png,"The RVM100-50 Ring Scanner is a unique solution for reverse vending applications offered by Newland AIDC EMEA. This high-value scanner features 360-degree scanning, a large LED indicator, and a form factor that can be integrated into various Reverse Vending Machine designs. The RVM100-50 offers a fast and accurate scanning solution that is intuitive to use and is ideal for applications with lower performance needs.","1D: EAN-13, EAN-8, UPC-A, UPC-E, Code39, Code128
2D: Data Matrix, QR Code, Aztec
Illumination: White LED, Infrared (0mm - 150mm)",,,,"<table class=""Table_Products_Style"">
<thead>
<tr>
<th>Thông số kỹ thuật</th>
<th>Chi tiết</th>
</tr>
</thead>
<tbody>
<tr><td>1D</td><td>EAN-13, EAN-8, UPC-A, UPC-E, Code39, Code128</td></tr>
<tr><td>2D</td><td>Data Matrix, QR Code, Aztec</td></tr>
<tr><td>Illumination</td><td>White LED, Infrared (0mm - 150mm)</td></tr>
<tr><td>Image Sensor</td><td>640 x 480 CMOS *5</td></tr>
<tr><td>Resolution</td><td>5mil (1D)</td></tr>
<tr><td>Scan Angle Pitch</td><td>±60˚</td></tr>
<tr><td>Scan Angle Roll</td><td>360˚</td></tr>
<tr><td>Scan Angle Skew</td><td>360˚</td></tr>
<tr><td>Scan Modes</td><td>Sense Mode, Continuous Mode</td></tr>
<tr><td>Current @ 24VDC Operating</td><td><700 mA</td></tr>
<tr><td>Current @ 24VDC Standby</td><td><300 mA</td></tr>
<tr><td>Dimensions</td><td>335(W) x 169(D) x 335(H) mm, Window diameter: 150mm, Size of Recycled Bottle: 50mm - 110mm</td></tr>
<tr><td>Input Voltage</td><td>24 VDC</td></tr>
<tr><td>Interfaces</td><td>USB-C, RS-232 (RJ50)</td></tr>
<tr><td>Notifications</td><td>Beep, Multi-color LEDs</td></tr>
<tr><td>Weight</td><td>2610 g</td></tr>
<tr><td>Humidity</td><td>5% to 95% (non-condensing)</td></tr>
<tr><td>Operating Temperature</td><td>-30°C to 45°C (-22°F to 113°F)</td></tr>
<tr><td>Storage Temperature</td><td>-50°C to 85°C (-58°F to 185°F)</td></tr>
<tr><td>Configuration Tools</td><td>EasySet</td></tr>
<tr><td>Warranty Standard</td><td>2 Years</td></tr>
<tr><td>Accessories Standard</td><td>USB cable, RS-232 cable, Power adapter</td></tr>
<tr><td>NLS-RVM100-50</td><td>1D/2D Standard RVM, 5x CMOS 640x480 imagers, RS232/USB interface, Dual diffuse soft white illumination rings, toughened glass scan tunnel window, Tri colour customer facing indicator LED, 14.5cm aperture, 24v power supply, Steel mounting ring.</td></tr>
<tr><td>Part Number</td><td>Description</td></tr>
</tbody>
</table>",,,,,,,,
https://www.newland-id.com/en/products/mobile-computers/sd60-hercules-rt,mobile-computers,Newland,,,SD60,SD60 Hercules RT,https://www.newland-id.com/datasheets/240/sd60-hercules-rt.pdf,https://newlandemea.katanapim.com/content/images/thumbs/000/0000144_sd60_hercules_1.png,"Get ready to lift your mobile scanning activities to a higher level with the SD60 Hercules RT. Equipped with a UHF pistol grip and charging cradle, the SD60 Hercules RT helps you scan higher and further, without compromising precision.","Part Number: Description
SD60RT-C: 6” Mobile computer 2Ghz 4GB/64GB, 2D CMOS imager with Laser Aimer, UHF Pistol grip, BT, WiFi, 4G, GPS, NFC, Camera (OS Android 8.1). Incl. USB cable, charging cradle and multi plug adapter.
1D: Auspost, Bpo, Canpost, Codabar, Code11, Code128, Code32, Code39, Code93, Dutchpost, Ean13, Ean8, Ean128, Int25, Isbt, Iata25, Japost, Msi, Ocr, Planet, Postnet, Strt25, Tlc39, Trioptic, Upca, and Upce",,,,"<table class=""Table_Products_Style"">
<thead>
<tr>
<th>Thông số kỹ thuật</th>
<th>Chi tiết</th>
</tr>
</thead>
<tbody>
<tr><td>Part Number</td><td>Description</td></tr>
<tr><td>SD60RT-C</td><td>6” Mobile computer 2Ghz 4GB/64GB, 2D CMOS imager with Laser Aimer, UHF Pistol grip, BT, WiFi, 4G, GPS, NFC, Camera (OS Android 8.1). Incl. USB cable, charging cradle and multi plug adapter.</td></tr>
<tr><td>1D</td><td>Auspost, Bpo, Canpost, Codabar, Code11, Code128, Code32, Code39, Code93, Dutchpost, Ean13, Ean8, Ean128, Int25, Isbt, Iata25, Japost, Msi, Ocr, Planet, Postnet, Strt25, Tlc39, Trioptic, Upca, and Upce</td></tr>
<tr><td>2D</td><td>Aztec, Codablock, Code49, Composite, Datamatrix, Maxicode, Micropdf, Pdf417, Qr, and Rss</td></tr>
<tr><td>Current Operating System</td><td>Android 8.1</td></tr>
<tr><td>Memory Flash</td><td>64GB</td></tr>
<tr><td>Memory RAM</td><td>4GB</td></tr>
<tr><td>Processor</td><td>2.0 GHz octa-core</td></tr>
<tr><td>Audio</td><td>Front dual stereo speakers, Volume 90db±3db (test distance 10cm)</td></tr>
<tr><td>Battery Type</td><td>PDA: built-in 6000 mAh lithium battery, un-removable, Grip: built-in 4000 mAh lithium battery, removable</td></tr>
<tr><td>Buttons</td><td>Volume buttons, function buttons (1 left, 1 right), power button, grip button</td></tr>
<tr><td>Dimensions</td><td>160(W) x 80(D) x 15.8(H) mm</td></tr>
<tr><td>Display/Touch Panel</td><td>6.0” (2160 x 1080) IPS HD touch screen, 5 points capacitive touchscreen</td></tr>
<tr><td>Expansion Slot</td><td>Micro SD card slot</td></tr>
<tr><td>Expected Charge Time</td><td>PE fast charge, full charge time < 4h</td></tr>
<tr><td>Front camera</td><td>5 MP</td></tr>
<tr><td>Interfaces</td><td>USB-C</td></tr>
<tr><td>Keypad</td><td>6 keys</td></tr>
<tr><td>Notifications</td><td>LED, Vibration, Sound</td></tr>
<tr><td>Rear camera</td><td>13 MP, Auto focus, High brightness LED flash</td></tr>
<tr><td>SIM/TF</td><td>2 Micro SIM card slots</td></tr>
<tr><td>Touch Panel</td><td>5 points capacitive touchscreen</td></tr>
<tr><td>Weight</td><td>600 g (with battery)</td></tr>
<tr><td>GPS</td><td>GPS, BD, GLONASS</td></tr>
<tr><td>NFC</td><td>ISO14443NB , ISO15693 , NFC Reading distance: 0 to 5cm; UHF, ISO18000-6C, Euro frequency (865MHz - 867MHz), Antenna: 4dBi quadrifilar antenna, Power: 5dBm~33dBm adjustable, 1dbm step, Working range: Indoor >18m, Outdoor >8m, Inventory speed: >200 tags/sec</td></tr>
<tr><td>WLAN RADIO</td><td>IEEE 802.11 a/b/g/n 2.4G 5G dual frequency</td></tr>
<tr><td>WPAN RADIO</td><td>Bluetooth 4.1 BLE</td></tr>
<tr><td>WWAN RADIO</td><td>FDD-LTE B1/B3/B5/B7, TDD-LTE B38/B39/B40/B41, TDSCDMA B34/B39, WCDMA B1/B2/B5/B8, GSM B2/B3/B5/B8, CDMA1x/CDMA2000 BC0/BC1</td></tr>
<tr><td>UHF Antenna</td><td>Antenna: 4dBi quadrifilar antenna</td></tr>
<tr><td>UHF Frequency</td><td>Euro frequency (865MHz - 867MHz)</td></tr>
<tr><td>UHF Protocol</td><td>ISO18000-6C, Power: 5dBm~33dBm adjustable, 1dbm step</td></tr>
<tr><td>UHF Read Range</td><td>Indoor >18m, Outdoor >8m</td></tr>
<tr><td>UHF Read Rate</td><td>> 200 tags/sec</td></tr>
<tr><td>Drop</td><td>1 meter drop to cement floor</td></tr>
<tr><td>Electro Static Discharge (ESD)</td><td>±8 kV (contact discharge), ±15 kV (air discharge)</td></tr>
<tr><td>Humidity</td><td>5% to 95%</td></tr>
<tr><td>IP Rating</td><td>IP65</td></tr>
<tr><td>Operating Temperature</td><td>-20°C to 55°C (-4°F to 131°F)</td></tr>
<tr><td>Storage Temperature</td><td>-30°C to 70°C (-22°F to 158°F)</td></tr>
<tr><td>Certifications Hardware</td><td>CCC, CE</td></tr>
<tr><td>Warranty Standard</td><td>2 Years</td></tr>
</tbody>
</table>",,,,,,,,
https://www.newland-id.com/en/products/scan-engines/rvm100-ring-scanner,scan-engines,Newland,,,RVM100,RVM100 Ring Scanner,https://www.newland-id.com/datasheets/239/rvm100-ring-scanner.pdf,https://newlandemea.katanapim.com/content/images/thumbs/000/0000420_rvm-1.png,"The RVM100 Ring Scanner is a unique solution for reverse vending applications offered by Newland EMEA. It features a high-value proposition scanner with 360-degree scanning without any blind spots, a large LED indicator, and a form factor that can be integrated into various Reverse Vending Machine designs. The RVM100 Ring Scanner delivers a fast and accurate scanning solution that is intuitive to use.","1D: EAN-13, EAN-8, UPC-A, UPC-E, Code39, Code128
2D: Data Matrix, QR Code, Aztec
Illumination: White LED, Infrared (0mm - 150mm)",,,,"<table class=""Table_Products_Style"">
<thead>
<tr>
<th>Thông số kỹ thuật</th>
<th>Chi tiết</th>
</tr>
</thead>
<tbody>
<tr><td>1D</td><td>EAN-13, EAN-8, UPC-A, UPC-E, Code39, Code128</td></tr>
<tr><td>2D</td><td>Data Matrix, QR Code, Aztec</td></tr>
<tr><td>Illumination</td><td>White LED, Infrared (0mm - 150mm)</td></tr>
<tr><td>Image Sensor</td><td>640 x 480 CMOS *10</td></tr>
<tr><td>Resolution</td><td>5mil (1D)</td></tr>
<tr><td>Scan Angle Pitch</td><td>±60˚</td></tr>
<tr><td>Scan Angle Roll</td><td>360˚</td></tr>
<tr><td>Scan Angle Skew</td><td>360˚</td></tr>
<tr><td>Scan Modes</td><td>Sense Mode, Continuous Mode</td></tr>
<tr><td>Current @ 24VDC Operating</td><td><700 mA</td></tr>
<tr><td>Current @ 24VDC Standby</td><td><300 mA</td></tr>
<tr><td>Dimensions</td><td>335(W) x 169(D) x 335(H) mm, Window diameter: 150mm, Size of Recycled Bottle: 50mm - 110mm</td></tr>
<tr><td>Input Voltage</td><td>24 VDC</td></tr>
<tr><td>Interfaces</td><td>USB-C, RS-232 (RJ50)</td></tr>
<tr><td>Notifications</td><td>Beep, Multi-color LEDs</td></tr>
<tr><td>Weight</td><td>2610 g</td></tr>
<tr><td>Humidity</td><td>5% to 95% (non-condensing)</td></tr>
<tr><td>Operating Temperature</td><td>-30°C to 45°C (-22°F to 113°F)</td></tr>
<tr><td>Storage Temperature</td><td>-50°C to 85°C (-58°F to 185°F)</td></tr>
<tr><td>Configuration Tools</td><td>EasySet</td></tr>
<tr><td>Warranty Standard</td><td>2 Years</td></tr>
<tr><td>Accessories Standard</td><td>USB cable, RS-232 cable, Power adapter</td></tr>
<tr><td>NLS-RVM100</td><td>1D/2D Standard RVM, 10x CMOS 640x480 imagers, RS232/USB interface, Dual diffuse soft white illumination rings, toughened glass scan tunnel window, Tri colour customer facing indicator LED, 14.5cm aperture, 24v power supply, Steel mounting ring.</td></tr>
<tr><td>Part Number</td><td>Description</td></tr>
</tbody>
</table>",,,,,,,,
https://www.newland-id.com/en/products/touch-panel-computers/sd80-libra,touch-panel-computers,Newland,,,SD80,SD80 Libra,https://www.newland-id.com/datasheets/238/sd80-libra.pdf,https://newlandemea.katanapim.com/content/images/thumbs/000/0000110_sd80_libra_1.png,The Android supported SD80 Libra 8 inch tablet brings effortless usability straight to your workforce. Its minimalistic exterior and high performance interface strikes the perfect balance between size and support.,"Part Number: Description
SD80: 8"" Tablet 2Ghz 4GB/64GB, 2D CMOS imager with Laser Aimer, WIFI, 3G/4G, BT, GPS, NFC, camera (Android 8.1) Incl. USB cable and multi plug adapter.
1D: All major 1D symbologies, including Codabar, Code11, Code128, EAN128, Code39, Code93, EAN8, EAN13, Int25, Postnet, OCR, RSS, UPCA, UPCE, ISBT, BPO, Canpost, Auspost, IATA25, Japost, Planet, Dutchpost, MSI, TLC39, Trioptic, Code32, Strt25",,,,"<table class=""Table_Products_Style"">
<thead>
<tr>
<th>Thông số kỹ thuật</th>
<th>Chi tiết</th>
</tr>
</thead>
<tbody>
<tr><td>Part Number</td><td>Description</td></tr>
<tr><td>SD80</td><td>8"" Tablet 2Ghz 4GB/64GB, 2D CMOS imager with Laser Aimer, WIFI, 3G/4G, BT, GPS, NFC, camera (Android 8.1) Incl. USB cable and multi plug adapter.</td></tr>
<tr><td>1D</td><td>All major 1D symbologies, including Codabar, Code11, Code128, EAN128, Code39, Code93, EAN8, EAN13, Int25, Postnet, OCR, RSS, UPCA, UPCE, ISBT, BPO, Canpost, Auspost, IATA25, Japost, Planet, Dutchpost, MSI, TLC39, Trioptic, Code32, Strt25</td></tr>
<tr><td>2D</td><td>All major 2D symbologies, including Aztec, Code49, Composite, DataMatrix, Maxicode, MicroPDF, PDF417, QR, Codablock</td></tr>
<tr><td>Image Sensor</td><td>1280 x 800 CMOS</td></tr>
<tr><td>Current Operating System</td><td>Android 8.1</td></tr>
<tr><td>Memory Flash</td><td>64GB</td></tr>
<tr><td>Memory RAM</td><td>4GB</td></tr>
<tr><td>Processor</td><td>2.0 GHz octa-core</td></tr>
<tr><td>Audio</td><td>Front dual stereo speakers, Volume 90db±3db (test distance 10cm)</td></tr>
<tr><td>Battery Type</td><td>9000 mAh</td></tr>
<tr><td>Dimensions</td><td>234(W) x 150(D) x 19.6(H) mm</td></tr>
<tr><td>Display/Touch Panel</td><td>8.0” IPS highlight screen, 5 points capacitive touchscreen</td></tr>
<tr><td>Expansion Slot</td><td>2 Micro SIM card slots, 1 microSD card slot</td></tr>
<tr><td>Expected Battery Life</td><td>Typical working time not less than 10 hours</td></tr>
<tr><td>Expected Charge Time</td><td>PE2.0 fast charge</td></tr>
<tr><td>Front camera</td><td>5 MP</td></tr>
<tr><td>Interfaces</td><td>Pogo pins, USB-C</td></tr>
<tr><td>Keypad</td><td>7 keys</td></tr>
<tr><td>Notifications</td><td>LED, Vibration, Sound</td></tr>
<tr><td>Pogo Pin</td><td>20 Pogo Pins contact</td></tr>
<tr><td>Rear camera</td><td>13 MP, Auto focus, High brightness LED flash</td></tr>
<tr><td>Sensors</td><td>G-sensor, Proximity sensor, COMPASS, Ambient light sensor</td></tr>
<tr><td>Touch Panel</td><td>5 points capacitive touchscreen</td></tr>
<tr><td>Weight</td><td>700 g (with battery)</td></tr>
<tr><td>GPS</td><td>GPS, BD, GLONASS</td></tr>
<tr><td>RFID</td><td>ISO14443NB , ISO15693 , NFC Reading distance: 0~5cm</td></tr>
<tr><td>WLAN RADIO</td><td>IEEE 802.11 a/b/g/n 2.4G 5G dual frequency</td></tr>
<tr><td>WPAN RADIO</td><td>Bluetooth 4.1 BLE</td></tr>
<tr><td>WWAN RADIO</td><td>FDD-LTE B1/B3/B5/B7/B8, TDD-LTE B38/B39/B40/B41, TDSCDMA B34/B39, WCDMA B1/B2/B5/B8, GSM B2/B3/B5/B8, CDMA 1 x/CDMA2000 BC0/BC1</td></tr>
<tr><td>Drop</td><td>1 meter drop to cement floor</td></tr>
<tr><td>Electro Static Discharge (ESD)</td><td>±8 kV (air discharge), ±15 kV (air discharge)</td></tr>
<tr><td>Humidity</td><td>5% to 90% (non-condensing)</td></tr>
<tr><td>IP Rating</td><td>IP65</td></tr>
<tr><td>Operating Temperature</td><td>-20°C to 55°C (-4°F to 131°F)</td></tr>
<tr><td>Storage Temperature</td><td>-30°C to 70°C (-22°F to 158°F)</td></tr>
<tr><td>Certifications Hardware</td><td>CCC, CE</td></tr>
<tr><td>Warranty Standard</td><td>2 Years</td></tr>
</tbody>
</table>",,,,,,,,
https://www.newland-id.com/en/products/mobile-computers/mt93-megattera-standard-plus,mobile-computers,Newland,Máy tính di động,,MT93 Megattera Standard Plus,MT93 Megattera Standard Plus,https://www.newland-id.com/datasheets/237/mt93-megattera-standard-plus.pdf,https://newlandemea.katanapim.com/content/images/thumbs/000/0000147_mt93_megattera_pro-straight-shooter_1.png,"Running on Android 13 OS, the MT93 Megattera Standard Plus combines a user-friendly interface with a rugged yet slim exterior. The device's powerful octa-core processor guarantees smooth performance throughout a full work shift, while the WiFi 6E and 4G guarantee steady, fast, and secure connectivity.","1D: All major 1D symbologies
2D: All major 2D symbologies
Aiming: Laser diode",,,,"<table class=""Table_Products_Style"">
<thead>
<tr>
<th>Thông số kỹ thuật</th>
<th>Chi tiết</th>
</tr>
</thead>
<tbody>
<tr><td>1D</td><td>All major 1D symbologies</td></tr>
<tr><td>2D</td><td>All major 2D symbologies</td></tr>
<tr><td>Aiming</td><td>Laser diode</td></tr>
<tr><td>Depth of Field Code 39 (5mil)</td><td>110 mm - 290 mm</td></tr>
<tr><td>Depth of Field DataMatrix (10mil)</td><td>110 mm - 260 mm</td></tr>
<tr><td>Depth of Field EAN 13 (13mil)</td><td>70 mm - 610 mm</td></tr>
<tr><td>Depth of Field PDF417 (6.7mil)</td><td>110 mm - 230 mm</td></tr>
<tr><td>Depth of Field QR (15mil)</td><td>55 mm - 410 mm</td></tr>
<tr><td>Illumination</td><td>White LED (625±10nm)</td></tr>
<tr><td>Image Sensor</td><td>1280 x 800 CMOS</td></tr>
<tr><td>Scan Modes</td><td>Trigger Mode</td></tr>
<tr><td>Scan Rate</td><td>60 frames per second</td></tr>
<tr><td>Current Operating System</td><td>Android 13, GMS</td></tr>
<tr><td>Memory Flash</td><td>64GB</td></tr>
<tr><td>Memory RAM</td><td>4GB</td></tr>
<tr><td>Processor</td><td>2.2 GHz octa-core, 64-bit (MT8781), 2*A76@2.2 GHz, 6*A55@2.0 GHz</td></tr>
<tr><td>Battery Type</td><td>3.85 V, 5000 mAh, removable</td></tr>
<tr><td>Buttons</td><td>Virtual on-screen buttons: Menu, Home, Back; Physical buttons: Left and right Scan keys, Volume +/-, Power</td></tr>
<tr><td>Dimensions</td><td>159(W) × 74(D) × 15.9(H) mm</td></tr>
<tr><td>Display/Touch Panel</td><td>5.5” (1440 x 720), brightness: 380 nits, Multi-point capacitive touchscreen, Gorilla glass</td></tr>
<tr><td>Expansion Slot</td><td>Micro SD Card (max 256GB), 2 PIN contacts support Pistol grip</td></tr>
<tr><td>Front camera</td><td>5 MP</td></tr>
<tr><td>Interfaces</td><td>USB-C</td></tr>
<tr><td>Keypad</td><td>5 keys, 3 Virtual keys</td></tr>
<tr><td>Microphone</td><td>Supports noise reduction, Dual microphones</td></tr>
<tr><td>Notifications</td><td>Speaker, Vibration, Multi-color LEDs</td></tr>
<tr><td>Power Supply Input</td><td>AC 100 to 240 V (50 to 60 Hz), 18w fast charge</td></tr>
<tr><td>Power Supply Output</td><td>DC5 V/7 V/9 V, 2 A</td></tr>
<tr><td>Rear camera</td><td>13 MP, LED flash, Auto focus</td></tr>
<tr><td>Sensors</td><td>Gravity Sensor, Electronic compass, Light & proximity sensor, Gyroscope</td></tr>
<tr><td>SIM/TF</td><td>Nano+Nano or Nano+TF</td></tr>
<tr><td>Weight</td><td>277 g (including battery)</td></tr>
<tr><td>GPS</td><td>GLONASS, GPS (AGPS)</td></tr>
<tr><td>NFC</td><td>13.56MHz RFID: ISO14443A/B, MIFARE, FeliCa, NFCForumTags, ISO15693</td></tr>
<tr><td>WLAN RADIO</td><td>WIFI 6E 802.11 a/b/g/n/ac/ax/k/v/r, support 2.4GHz, 5GHz and 6GHz triple frequency</td></tr>
<tr><td>WPAN RADIO</td><td>Bluetooth 5.2 BLE backward compatibility</td></tr>
<tr><td>WWAN RADIO</td><td>2G: 850/900/1800/1900MHz; 3G: WCDMA (B1, B2, B5, B8), CDMA: 1X EVDO (BC0); 4G: TDD-LTE (B34, B38, B39, B40, B41), FDD-LTE (B1, B2, B3, B5, B7, B8, B20, B28 a&b)</td></tr>
<tr><td>Drop</td><td>1.5m drops to concrete (for six sides, one drop per side)</td></tr>
<tr><td>Electro Static Discharge (ESD)</td><td>±8 kV (direct discharge), ±15 kV (air discharge)</td></tr>
<tr><td>Humidity</td><td>5% to 95% (non-condensing)</td></tr>
<tr><td>IP Rating</td><td>IP67</td></tr>
<tr><td>Operating Temperature</td><td>-20°C to 55°C (-4°F to 131°F)</td></tr>
<tr><td>Storage Temperature</td><td>-40°C to 70°C (-40°F to 158°F)</td></tr>
<tr><td>Android Roadmap</td><td>https://www.newland-id.com/en/support/android-roadmap-for-newland-devices/</td></tr>
<tr><td>Configuration Tools</td><td>Ndevor</td></tr>
<tr><td>MDM (certified)</td><td>Ndevor</td></tr>
<tr><td>Comprehensive Service Contract</td><td>3 Years, 5 Years</td></tr>
<tr><td>Warranty Extension</td><td>+1 Year, +3 Years</td></tr>
<tr><td>Warranty Standard</td><td>2 Years</td></tr>
<tr><td>Accessories Optional</td><td>USB-C cable, Multiplug adapter, 4-slot battery charger, Charging cradle, Fast charging power adapter, Pistol grip, Protective case, Battery, Screen protector, Cig-plug adapter, Holster, Protection flap for holster, Belt, Neck lanyard, Mounting strap for holster, Metal clip for holster, Rotating clip for holster, Wrist holster, Hand strap, Car cradle, Heavy duty suction for car cradle, Power cable for car cradle</td></tr>
<tr><td>Accessories Standard</td><td>Hand strap, USB-C cable, Battery, Screen protector, Multiplug adapter, Protective case</td></tr>
<tr><td>NLS-MT9300-W4-SS</td><td>MT9300 Megattera Standard Plus Mobile Computer with 5.5"" touchscreen, Straight Shooter, 2D CMOS Mega Pixel imager with Laser Aimer (CM66), 4GB/64GB, BT, WiFi6E, 4G, GPS, NFC and Camera. Incl. protective case, USB-C cable, battery, screen protector, hand strap, and multiplug adapter. OS: Android 13 GMS.</td></tr>
<tr><td>Part Number</td><td>Description</td></tr>
</tbody>
</table>",,,,,,,,
https://www.newland-id.com/en/products/industrial-fixed-mount-scanners/fm515-h,industrial-fixed-mount-scanners,Newland,,,FM515-H,FM515-H,https://www.newland-id.com/datasheets/235/fm515-h.pdf,https://newlandemea.katanapim.com/content/images/thumbs/000/0000040_fm515-h.png,"The FM515-H fixed-mount scanner blends perfectly into the laboratory layout. It ensures error-free scanning of 1D barcodes thanks to its wide scan angle and 190 mm decoding range. Available in both horizontal and vertical configurations, the FM515 Series allows you to choose what is best for your particular application.","1D: All major 1D symbologies
Beam Exit: Scan window with front beam exit
Depth of Field: 35 mm - 190 mm",,,,"<table class=""Table_Products_Style"">
<thead>
<tr>
<th>Thông số kỹ thuật</th>
<th>Chi tiết</th>
</tr>
</thead>
<tbody>
<tr><td>1D</td><td>All major 1D symbologies</td></tr>
<tr><td>Beam Exit</td><td>Scan window with front beam exit</td></tr>
<tr><td>Depth of Field</td><td>35 mm - 190 mm</td></tr>
<tr><td>Field of View Horizontal</td><td>68˚</td></tr>
<tr><td>Illumination</td><td>Red LED (615nm)</td></tr>
<tr><td>Image Sensor</td><td>2500 CCD</td></tr>
<tr><td>Minimal Print Contrast</td><td>25%</td></tr>
<tr><td>Resolution</td><td>≥6mil</td></tr>
<tr><td>Scan Rate</td><td>780 scans per second</td></tr>
<tr><td>Current @ 24VDC Operating</td><td>150 mA RMS (typical); 250 mA (max)</td></tr>
<tr><td>Current @ 5VDC Operating</td><td>737 mA RMS (typical); 870 mA (max)</td></tr>
<tr><td>Dimensions</td><td>62.5(W) × 50.5(D) × 21.5(H) mm</td></tr>
<tr><td>Housing</td><td>Aluminium</td></tr>
<tr><td>Input Voltage</td><td>5-24 VDC ±5%</td></tr>
<tr><td>Interfaces</td><td>RS-232</td></tr>
<tr><td>Notifications</td><td>Status indicator</td></tr>
<tr><td>Power Consumption</td><td>< 4W</td></tr>
<tr><td>Weight</td><td>166 g</td></tr>
<tr><td>Ambient Light</td><td>≤5000 lux</td></tr>
<tr><td>Humidity</td><td>5% to 95% (non-condensing)</td></tr>
<tr><td>IP Rating</td><td>IP54</td></tr>
<tr><td>Operating Temperature</td><td>0°C to 50°C (32°F to 122°F)</td></tr>
<tr><td>Storage Temperature</td><td>-40°C to 70°C (-40°F to 158°F)</td></tr>
<tr><td>Configuration Tools</td><td>EasySet</td></tr>
<tr><td>Certifications Hardware</td><td>FCC, IEC 62471, CE, RoHS 2.2, UL</td></tr>
<tr><td>Warranty Standard</td><td>2 Years</td></tr>
<tr><td>Part Number</td><td>Description</td></tr>
<tr><td>NLS-FM515-H-AR-R20</td><td>1D fixed mount IVD scanner, IP54, 5-24vdc, RS232, 2M Scattered wire cable, 780 S/S, 68? FOV, Front beam exit, 35-190mm read range.</td></tr>
</tbody>
</table>",,,,,,,,
https://www.newland-id.com/en/products/mobile-computers/mt95-kambur-pro-ii,mobile-computers,Newland,,,MT95,MT95 Kambur Pro II,https://www.newland-id.com/datasheets/234/mt95-kambur-pro-ii.pdf,https://newlandemea.katanapim.com/content/images/thumbs/000/0000330_mt95_kambur_pro_ii_1.png,"Equipped with the latest 5G technology, the MT95 Kambur Pro II adds high speed and low latency, ensuring fast and efficient data transfer at all times. With the octa-core processor, Android 13 GMS, and high battery capacity, the MT95 Kambur Pro II provides unparalleled performance and prolonged usage time.","Part Number: Description
NLS-MT9556-W5: MT9556 Kambur Pro II Mobile Computer with 6.1"" touchscreen, 2D CMOS Mega Pixel imager with Laser Aimer (DE5L), 6GB/128GB, BT, WiFi6, 5G, GPS, NFC and Camera. Incl. protective case, USB-C cable, battery, screen protector,  hand strap, and multiplug adapter. OS: Android 13 GMS AER.
1D: All major 1D symbologies",,,,"<table class=""Table_Products_Style"">
<thead>
<tr>
<th>Thông số kỹ thuật</th>
<th>Chi tiết</th>
</tr>
</thead>
<tbody>
<tr><td>Part Number</td><td>Description</td></tr>
<tr><td>NLS-MT9556-W5</td><td>MT9556 Kambur Pro II Mobile Computer with 6.1"" touchscreen, 2D CMOS Mega Pixel imager with Laser Aimer (DE5L), 6GB/128GB, BT, WiFi6, 5G, GPS, NFC and Camera. Incl. protective case, USB-C cable, battery, screen protector,  hand strap, and multiplug adapter. OS: Android 13 GMS AER.</td></tr>
<tr><td>1D</td><td>All major 1D symbologies</td></tr>
<tr><td>2D</td><td>All major 2D symbologies</td></tr>
<tr><td>Aiming</td><td>Laser</td></tr>
<tr><td>Depth of Field Code 39 (5mil)</td><td>120 mm - 280 mm</td></tr>
<tr><td>Depth of Field DataMatrix (10mil)</td><td>110 mm - 260 mm</td></tr>
<tr><td>Depth of Field EAN 13 (13mil)</td><td>70 mm - 600 mm</td></tr>
<tr><td>Depth of Field PDF417 (6.7mil)</td><td>110 mm - 230 mm</td></tr>
<tr><td>Depth of Field QR (15mil)</td><td>55 mm - 400 mm</td></tr>
<tr><td>Image Sensor</td><td>1280 x 800 CMOS</td></tr>
<tr><td>Current Operating System</td><td>Android 13, GMS, Android Enterprise Recommended (AER)</td></tr>
<tr><td>Memory Flash</td><td>128GB</td></tr>
<tr><td>Memory RAM</td><td>6GB</td></tr>
<tr><td>Processor</td><td>2.2 GHz octa-core, 64-bit</td></tr>
<tr><td>AC Adapter</td><td>18 W fast charging supported</td></tr>
<tr><td>Battery Type</td><td>3.85 V, 6000 mAh, swappable</td></tr>
<tr><td>Dimensions</td><td>165(W) × 78.5(D) × 15.5(H) mm</td></tr>
<tr><td>Display/Touch Panel</td><td>6.1” (1560 x 720), 500 Nits, Gorilla glass</td></tr>
<tr><td>Front camera</td><td>8 MP, Fixed focus</td></tr>
<tr><td>Keypad</td><td>5 keys</td></tr>
<tr><td>Notifications</td><td>Speaker, Vibration, Multi-color LEDs</td></tr>
<tr><td>Rear camera</td><td>13 MP, LED flash, Auto focus</td></tr>
<tr><td>Sensors</td><td>Magnetic sensor, Light & proximity sensor, Acceleration sensor</td></tr>
<tr><td>SIM/TF</td><td>2 Nano SIM card slots</td></tr>
<tr><td>Weight</td><td>287 g (including battery)</td></tr>
<tr><td>GPS</td><td>GLONASS, Galileo, GPS (AGPS)</td></tr>
<tr><td>RFID</td><td>13.56MHz ISO14443A/B, ISO15693, ISO18000-3, MIFARE, FeliCa RF, Kovio, NFC Forum Type 1-4 Tags</td></tr>
<tr><td>WLAN RADIO</td><td>WiFi 6: 802.11 a/b/g/n/ac, support 2.4G and 5G dual frequency</td></tr>
<tr><td>WPAN RADIO</td><td>Bluetooth 5.2 BLE backward compatibility</td></tr>
<tr><td>WWAN RADIO</td><td>2G: GSM (B2, B3, B5, B8); 3G: WCDMA (B1, B2, B5, B8); CDMA: 1X EVDO (BC0); 4G: TDD-LTE (B34, B38, B39, B40, B41) FDD-LTE (B1, B2, B3, B5, B7, B8, B20, B28 a&b); 5G: NR (N1/3/8/28/38/41/77/78/79)</td></tr>
<tr><td>Drop</td><td>1.5m drops to concrete (for six sides, one drop per side)</td></tr>
<tr><td>Electro Static Discharge (ESD)</td><td>±8 kV (direct discharge), ±15 kV (air discharge)</td></tr>
<tr><td>Humidity</td><td>5% to 95% (non-condensing)</td></tr>
<tr><td>IP Rating</td><td>IP67</td></tr>
<tr><td>Operating Temperature</td><td>-20°C to 50°C (-4°F to 122°F)</td></tr>
<tr><td>Storage Temperature</td><td>-30°C to 60°C (-22°F to 140°F)</td></tr>
<tr><td>Configuration Tools</td><td>Ndevor</td></tr>
<tr><td>MDM (certified)</td><td>Ndevor</td></tr>
<tr><td>Comprehensive Service Contract</td><td>3 Years, 5 Years</td></tr>
<tr><td>Warranty Extension</td><td>+1 Year, +3 Years</td></tr>
<tr><td>Warranty Standard</td><td>2 Years</td></tr>
<tr><td>Accessories Optional</td><td>USB-C cable, Multiplug adapter, 4-slot battery charger, Charging cradle, Fast charging power adapter, Pistol grip, Protective case, Battery, Screen protector, Cig-plug adapter, Holster, Protection flap for holster, Belt, Neck lanyard, Mounting strap for holster, Metal clip for holster, Rotating clip for holster, Hand strap, Car cradle, Heavy duty suction for car cradle, Power cable for car cradle</td></tr>
<tr><td>Accessories Standard</td><td>USB cable, Hand strap, Battery, Screen protector, AC adapter</td></tr>
</tbody>
</table>",,,,,,,,
https://www.newland-id.com/en/products/wearables/bs10r-sepia-ii,wearables,Newland,,,BS10R,BS10R Sepia II,https://www.newland-id.com/datasheets/233/bs10r-sepia-ii.pdf,https://newlandemea.katanapim.com/content/images/thumbs/000/0000400_bs10r_sepia_ii_1.png,"The BS10R Sepia II ring barcode scanner is the ideal solution for hands-free scanning. With a 360° turning head, it was designed to fit comfortably on your left or right hand without getting in the way of daily tasks, like carrying boxes. Its trigger button is positioned to be easy to operate with one hand and a built-in buzzer and LED give instant feedback on each scan.","Part Number: Description
BS10R-N1: BS10R Sepia (N1 Scan Engine), Ring Scanner, 2D CMOS Bluetooth, magnetic tip USB cable and EU adapter.
1D: All major 1D symbologies, including Code 128, EAN-13, EAN-8, Code 39, UPC-A, UPC-E, Codabar, Interleaved 2 of 5, ITF-6, ITF-14, ISBN, Code 93, UCC/EAN-128, GS1 Databar Matrix 2 of 5, Code 11, Industrial 2 of 5, Standard 2 of 5, Plessey, MSI-Plessey.",,,,"<table class=""Table_Products_Style"">
<thead>
<tr>
<th>Thông số kỹ thuật</th>
<th>Chi tiết</th>
</tr>
</thead>
<tbody>
<tr><td>Part Number</td><td>Description</td></tr>
<tr><td>BS10R-N1</td><td>BS10R Sepia (N1 Scan Engine), Ring Scanner, 2D CMOS Bluetooth, magnetic tip USB cable and EU adapter.</td></tr>
<tr><td>1D</td><td>All major 1D symbologies, including Code 128, EAN-13, EAN-8, Code 39, UPC-A, UPC-E, Codabar, Interleaved 2 of 5, ITF-6, ITF-14, ISBN, Code 93, UCC/EAN-128, GS1 Databar Matrix 2 of 5, Code 11, Industrial 2 of 5, Standard 2 of 5, Plessey, MSI-Plessey.</td></tr>
<tr><td>2D</td><td>All major 2D symbologies, including PDF417, Data Matrix (ECC200,ECC000,050,080,100,140), QR Code</td></tr>
<tr><td>Aiming</td><td>Red LED (650nm±10nm)</td></tr>
<tr><td>Depth of Field Code 39 (5mil)</td><td>40 mm - 150 mm</td></tr>
<tr><td>Depth of Field QR (15mil)</td><td>30 mm - 170 mm</td></tr>
<tr><td>Illumination</td><td>White LED</td></tr>
<tr><td>Image Sensor</td><td>640 x 480 CMOS</td></tr>
<tr><td>Scan Rate</td><td>60 fps</td></tr>
<tr><td>Memory RAM</td><td>16MB</td></tr>
<tr><td>Battery Type</td><td>380 mAh, Rechargable Li-ion battery</td></tr>
<tr><td>Current @ 5VDC Operating</td><td>170 mA</td></tr>
<tr><td>Current @ 5VDC Standby</td><td>30 mA</td></tr>
<tr><td>Expected Battery Life</td><td>More than 8 hours under normal temperature (5 seconds/scan)</td></tr>
<tr><td>Expected Charge Time</td><td>< 2 hours</td></tr>
<tr><td>Input Voltage</td><td>5 VDC ±5%</td></tr>
<tr><td>Interfaces</td><td>USB</td></tr>
<tr><td>Notifications</td><td>LED, Vibration, Buzzer</td></tr>
<tr><td>Power Supply Input</td><td>AC110 to 220V (50 to 60 Hz)</td></tr>
<tr><td>Power Supply Output</td><td>5VDC (1A)</td></tr>
<tr><td>Weight</td><td>32 g</td></tr>
<tr><td>Radio Technology</td><td>Bluetooth 4.1</td></tr>
<tr><td>Drop</td><td>1.5 m</td></tr>
<tr><td>Electro Static Discharge (ESD)</td><td>±8 kV (contact discharge), ±15 kV (air discharge)</td></tr>
<tr><td>Humidity</td><td>5% to 95% (non-condensing)</td></tr>
<tr><td>Operating Temperature</td><td>0°C to 40°C (32°F to 104°F)</td></tr>
<tr><td>Storage Temperature</td><td>-40°C to 60°C (-4˚F to 140˚F)</td></tr>
<tr><td>Warranty Standard</td><td>2 Years</td></tr>
</tbody>
</table>",,,,,,,,
https://www.newland-id.com/en/products/fixed-mount-scanners/fm415-bass,fixed-mount-scanners,Newland,,,Fm415,FM415 Bass,https://www.newland-id.com/datasheets/232/fm415-bass.pdf,https://newlandemea.katanapim.com/content/images/thumbs/000/0000346_fm415-bass_1.png,"The FM415 Bass is designed for fast, straightforward 2D scanning applications. With its intelligent programming, it can be set to read optimally from both close and long distances. Additionally, its power efficiency reduces power consumption and prolongs service life. This stationary scanner is ideal for smoothly transitioning from 1D to 2D scanning without increasing the budget.","1D: Code 128, UCC/EAN-128,AIM128, EAN-8, EAN-13, ISBN/ISSN, UPC·E, UPC-A, Interleaved 2 of 5, ITF-6, ITF-14, Standard 25, Codabar, Industrial 25, Code39, Code 93, Code 11, Plessey, MSI-Plessey, GSl-128 (UCC/EAN-128), GSl-DataBarTM(RSS) (RSS-14, RSS-Limited, RSS·Expand), Matrix 2 of 5, Standard 25, Plessey
2D: PDF417, Micro PDF417 QR, Micro QR, DataMatrix, AZTEC, Maxicode
Aiming: Red LED",,,,"<table class=""Table_Products_Style"">
<thead>
<tr>
<th>Thông số kỹ thuật</th>
<th>Chi tiết</th>
</tr>
</thead>
<tbody>
<tr><td>1D</td><td>Code 128, UCC/EAN-128,AIM128, EAN-8, EAN-13, ISBN/ISSN, UPC·E, UPC-A, Interleaved 2 of 5, ITF-6, ITF-14, Standard 25, Codabar, Industrial 25, Code39, Code 93, Code 11, Plessey, MSI-Plessey, GSl-128 (UCC/EAN-128), GSl-DataBarTM(RSS) (RSS-14, RSS-Limited, RSS·Expand), Matrix 2 of 5, Standard 25, Plessey</td></tr>
<tr><td>2D</td><td>PDF417, Micro PDF417 QR, Micro QR, DataMatrix, AZTEC, Maxicode</td></tr>
<tr><td>Aiming</td><td>Red LED</td></tr>
<tr><td>Depth of Field Code 39 (5mil)</td><td>70 mm - 120 mm</td></tr>
<tr><td>Depth of Field DataMatrix (10mil)</td><td>50 mm - 120 mm</td></tr>
<tr><td>Depth of Field EAN 13 (13mil)</td><td>55 mm - 250 mm</td></tr>
<tr><td>Depth of Field PDF417 (6.67mil)</td><td>50 mm - 120 mm</td></tr>
<tr><td>Depth of Field QR (15mil)</td><td>25 mm - 190 mm</td></tr>
<tr><td>Field of View Diagonal</td><td>31.5°</td></tr>
<tr><td>Field of View Horizontal</td><td>42°</td></tr>
<tr><td>Illumination</td><td>White LED</td></tr>
<tr><td>Image Sensor</td><td>640 x 480 CMOS</td></tr>
<tr><td>Minimal Print Contrast</td><td>25%</td></tr>
<tr><td>Scan Angle Pitch</td><td>±60°</td></tr>
<tr><td>Scan Angle Roll</td><td>360°</td></tr>
<tr><td>Scan Angle Skew</td><td>±60°</td></tr>
<tr><td>Scan Modes</td><td>Sense Mode, Continuous Mode, Level Mode</td></tr>
<tr><td>Current @ 5VDC Operating</td><td>228 mA (typical),264 mA (max)</td></tr>
<tr><td>Current @ 5VDC Standby</td><td>50.0 mA</td></tr>
<tr><td>Dimensions</td><td>49(W) x 69(D) x 20(H) mm</td></tr>
<tr><td>Input Voltage</td><td>5 VDC ±5%</td></tr>
<tr><td>Interfaces</td><td>USB, RS-232</td></tr>
<tr><td>Notifications</td><td>Beep</td></tr>
<tr><td>Weight</td><td>64.6 g</td></tr>
<tr><td>Drop</td><td>1.5 m</td></tr>
<tr><td>Electro Static Discharge (ESD)</td><td>±14 kV (air discharge), ±8 kV (direct discharge)</td></tr>
<tr><td>Humidity</td><td>5% to 95% (non-condensing)</td></tr>
<tr><td>IP Rating</td><td>IP54</td></tr>
<tr><td>Operating Temperature</td><td>-20°C to 60°C (-4°F to 140°F)</td></tr>
<tr><td>Storage Temperature</td><td>-40°C to 70°C (-40°F to 158°F)</td></tr>
<tr><td>Configuration Tools</td><td>EasySet</td></tr>
<tr><td>Certifications Hardware</td><td>CE EMC Class B</td></tr>
<tr><td>Warranty Standard</td><td>5 Years</td></tr>
<tr><td>Accessories Optional</td><td>USB cable, USB-C cable, Multiplug adapter, RS-232 cable</td></tr>
<tr><td>Accessories Standard</td><td>USB cable</td></tr>
<tr><td>NLS-FM415-U</td><td>FM415 Bass 2D CMOS Fixed Mounted Reader with 2 mtr. USB extension cable. Red LED Aimer, white light and IR sensor.</td></tr>
<tr><td>Part Number</td><td>Description</td></tr>
</tbody>
</table>",,,,,,,,
https://www.newland-id.com/en/products/mobile-computers/mt93-megattera-pro-angled-shooter,mobile-computers,Newland,Máy tính di động,,MT93 Megattera Pro Angled Shooter,MT93 Megattera Pro Angled Shooter,https://www.newland-id.com/datasheets/231/mt93-megattera-pro-angled-shooter.pdf,https://newlandemea.katanapim.com/content/images/thumbs/000/0000157_mt93_megattera_standard_aer-no-phone.png,"Running on Android 13, the MT93 Megattera Pro Angled Shooter combines a user-friendly interface with a rugged yet slim exterior. Thanks to its angled scan engine, it effectively reduces discomfort and strain that can arise from prolonged scanning. The device's powerful octa-core processor guarantees smooth performance throughout a full work shift, while the WiFi 6E and 4G guarantee steady, fast, and secure connectivity even in busy multi-user environments.","1D: All major 1D symbologies
2D: All major 2D symbologies
Aiming: Laser diode",,,,"<table class=""Table_Products_Style"">
<thead>
<tr>
<th>Thông số kỹ thuật</th>
<th>Chi tiết</th>
</tr>
</thead>
<tbody>
<tr><td>1D</td><td>All major 1D symbologies</td></tr>
<tr><td>2D</td><td>All major 2D symbologies</td></tr>
<tr><td>Aiming</td><td>Laser diode</td></tr>
<tr><td>Depth of Field Code 39 (5mil)</td><td>110 mm - 290 mm</td></tr>
<tr><td>Depth of Field DataMatrix (10mil)</td><td>110 mm - 260 mm</td></tr>
<tr><td>Depth of Field EAN 13 (13mil)</td><td>70 mm - 610 mm</td></tr>
<tr><td>Depth of Field PDF417 (6.7mil)</td><td>110 mm - 230 mm</td></tr>
<tr><td>Depth of Field QR (15mil)</td><td>55 mm - 410 mm</td></tr>
<tr><td>Illumination</td><td>White LED (625±10nm)</td></tr>
<tr><td>Image Sensor</td><td>1280 x 800 CMOS</td></tr>
<tr><td>Scan Modes</td><td>Trigger Mode</td></tr>
<tr><td>Scan Rate</td><td>60 frames per second</td></tr>
<tr><td>Current Operating System</td><td>Android 13, GMS, Android Enterprise Recommended (AER)</td></tr>
<tr><td>Memory Flash</td><td>128GB</td></tr>
<tr><td>Memory RAM</td><td>6GB</td></tr>
<tr><td>Processor</td><td>2.2 GHz octa-core, 64-bit (MT8781), 2*A76@2.2 GHz, 6*A55@2.0 GHz</td></tr>
<tr><td>Battery Type</td><td>3.85 V, 5000 mAh,  removable</td></tr>
<tr><td>Buttons</td><td>Virtual on-screen buttons: Menu, Home, Back; Physical buttons: Left and right Scan keys, Volume +/-, Power</td></tr>
<tr><td>Dimensions</td><td>159(W) × 74(D) × 15.9(H) mm</td></tr>
<tr><td>Display/Touch Panel</td><td>5.5” (1440 x 720), brightness: 380 nits, Multi-point capacitive touchscreen, Gorilla glass</td></tr>
<tr><td>Expansion Slot</td><td>Micro SD Card (max 256GB), 2 PIN contacts support Pistol grip</td></tr>
<tr><td>Front camera</td><td>5 MP</td></tr>
<tr><td>Interfaces</td><td>USB-C</td></tr>
<tr><td>Keypad</td><td>5 keys, 3 Virtual keys</td></tr>
<tr><td>Microphone</td><td>Supports noise reduction, Dual microphones</td></tr>
<tr><td>Notifications</td><td>Speaker, Vibration, Multi-color LEDs</td></tr>
<tr><td>Power Supply Input</td><td>AC 100 to 240 V (50 to 60 Hz), 18w fast charge</td></tr>
<tr><td>Power Supply Output</td><td>DC5 V/7 V/9 V, 2 A</td></tr>
<tr><td>Rear camera</td><td>13 MP, LED flash, Auto focus</td></tr>
<tr><td>Sensors</td><td>Gravity Sensor, Electronic compass, Light & proximity sensor, Gyroscope</td></tr>
<tr><td>SIM/TF</td><td>Nano Sim, eSIM + TF</td></tr>
<tr><td>Weight</td><td>277 g (including battery)</td></tr>
<tr><td>GPS</td><td>GLONASS, GPS (AGPS)</td></tr>
<tr><td>NFC</td><td>13.56MHz RFID: ISO14443A/B, MIFARE, FeliCa, NFCForumTags, ISO15693</td></tr>
<tr><td>WLAN RADIO</td><td>WIFI 6E 802.11 a/b/g/n/ac/ax/k/v/r, support 2.4GHz, 5GHz and 6GHz triple frequency</td></tr>
<tr><td>WPAN RADIO</td><td>Bluetooth 5.2 BLE backward compatibility</td></tr>
<tr><td>WWAN RADIO</td><td>2G: 850/900/1800/1900MHz; 3G: WCDMA (B1, B2, B5, B8), CDMA: 1X EVDO (BC0); 4G: TDD-LTE (B34, B38, B39, B40, B41), FDD-LTE (B1, B2, B3, B5, B7, B8, B20, B28 a&b)</td></tr>
<tr><td>Drop</td><td>1.5m drops to concrete (for six sides, one drop per side)</td></tr>
<tr><td>Electro Static Discharge (ESD)</td><td>±8 kV (direct discharge), ±15 kV (air discharge)</td></tr>
<tr><td>Humidity</td><td>5% to 95% (non-condensing)</td></tr>
<tr><td>IP Rating</td><td>IP67</td></tr>
<tr><td>Operating Temperature</td><td>-20°C to 55°C (-4°F to 131°F)</td></tr>
<tr><td>Storage Temperature</td><td>-40°C to 70°C (-40°F to 158°F)</td></tr>
<tr><td>Android Roadmap</td><td>https://www.newland-id.com/en/support/android-roadmap-for-newland-devices/</td></tr>
<tr><td>Configuration Tools</td><td>Ndevor</td></tr>
<tr><td>MDM (certified)</td><td>Ndevor</td></tr>
<tr><td>Comprehensive Service Contract</td><td>3 Years, 5 Years</td></tr>
<tr><td>Warranty Extension</td><td>+1 Year, +3 Years</td></tr>
<tr><td>Warranty Standard</td><td>2 Years</td></tr>
<tr><td>Accessories Optional</td><td>USB-C cable, Multiplug adapter, 4-slot battery charger, Charging cradle, Fast charging power adapter, Pistol grip, Protective case, Battery, Screen protector, Cig-plug adapter, Holster, Protection flap for holster, Belt, Neck lanyard, Mounting strap for holster, Metal clip for holster, Rotating clip for holster, Wrist holster, Hand strap, Car cradle, Heavy duty suction for car cradle, Power cable for car cradle</td></tr>
<tr><td>Accessories Standard</td><td>Hand strap, USB-C cable, Battery, Screen protector, Multiplug adapter, Protective case</td></tr>
<tr><td>NLS-MT9356-W4-AS-XE</td><td>MT9356 Megattera Pro Mobile Computer with 5.5"" touchscreen, Angled Scanner 2D CMOS Mega Pixel imager with Laser Aimer (CM66), 6GB/128GB, BT, WiFi6E, 4G, ESim, GPS, NFC and Camera. Incl. protective case, USB-C cable, battery, screen protector, hand strap, and multiplug adapter. OS: Android 13 GMS AER.</td></tr>
<tr><td>Part Number</td><td>Description</td></tr>
</tbody>
</table>",,,,,,,,
https://www.newland-id.com/en/products/scan-engines/em3296v4,scan-engines,Newland,,,EM3296V4,EM3296V4,https://www.newland-id.com/datasheets/230/em3296v4.pdf,https://newlandemea.katanapim.com/content/images/thumbs/000/0000324_em3296v4_1.png,"The EM3296 scan engine offers consistent performance to operations facing a wide range of barcodes. It scans reliably no matter the material, size or type of barcode. From small on-screen QR codes to long, printed 1D barcodes at a short distance, the EM3296 is fast and effective.","1D: All major 1D symbologies, including Code128, UCC/EAN-128, AIM128, EAN-8, EAN-13, ISBN/ISSN, UPC-E, UPC-A, Interleaved 2 of 5, ITF-6, ITF-4, Matrix 2 of 5, Industrial 25, Standard 25, Code 39, Codabar, Code 93, Code 11, Plessey, MSI-Plessey, GS1-DataBarTM(RSS), (RSS-14, RSS-Limited, RSS-Expand).
2D: All major 2D symbologies, including PDF417, QR Code (QR1/2, Micro), Data Matrix (ECC200, ECC000, 050, 080, 100, 140), Aztec, Chinese Sensible Code.
Aiming: Red LED (625±10nm)",,,,"<table class=""Table_Products_Style"">
<thead>
<tr>
<th>Thông số kỹ thuật</th>
<th>Chi tiết</th>
</tr>
</thead>
<tbody>
<tr><td>1D</td><td>All major 1D symbologies, including Code128, UCC/EAN-128, AIM128, EAN-8, EAN-13, ISBN/ISSN, UPC-E, UPC-A, Interleaved 2 of 5, ITF-6, ITF-4, Matrix 2 of 5, Industrial 25, Standard 25, Code 39, Codabar, Code 93, Code 11, Plessey, MSI-Plessey, GS1-DataBarTM(RSS), (RSS-14, RSS-Limited, RSS-Expand).</td></tr>
<tr><td>2D</td><td>All major 2D symbologies, including PDF417, QR Code (QR1/2, Micro), Data Matrix (ECC200, ECC000, 050, 080, 100, 140), Aztec, Chinese Sensible Code.</td></tr>
<tr><td>Aiming</td><td>Red LED (625±10nm)</td></tr>
<tr><td>Depth of Field Code 39 (5mil)</td><td>40 mm - 165 mm</td></tr>
<tr><td>Depth of Field DataMatrix (10mil)</td><td>35 mm - 115 mm</td></tr>
<tr><td>Depth of Field EAN 13 (13mil)</td><td>50 mm - 365 mm</td></tr>
<tr><td>Depth of Field PDF417 (6.67mil)</td><td>45 mm - 115 mm</td></tr>
<tr><td>Depth of Field QR (15mil)</td><td>35 mm - 145 mm</td></tr>
<tr><td>Field of View Horizontal</td><td>44°</td></tr>
<tr><td>Field of View Vertical</td><td>33.2°</td></tr>
<tr><td>Illumination</td><td>Red LED (625±10nm)</td></tr>
<tr><td>Image Sensor</td><td>640 x 480 CMOS</td></tr>
<tr><td>Minimal Print Contrast</td><td>25%</td></tr>
<tr><td>Scan Angle Pitch</td><td>±50°</td></tr>
<tr><td>Scan Angle Roll</td><td>360°</td></tr>
<tr><td>Scan Angle Skew</td><td>±50°</td></tr>
<tr><td>Scan Modes</td><td>Trigger Mode, Sense Mode, Continuous Mode, Batch Mode</td></tr>
<tr><td>Scan Rate</td><td>100 frames per second</td></tr>
<tr><td>Decoder</td><td>ASIC (0610)</td></tr>
<tr><td>Current @ 3.3VDC Operating</td><td>100 mA (typical), 168 mA (max)</td></tr>
<tr><td>Current @ 3.3VDC Standby</td><td>8,1 mA</td></tr>
<tr><td>Dimensions</td><td>21.8(W) × 15.3(D) × 11.8(H) mm</td></tr>
<tr><td>Housing</td><td>PPA, PP</td></tr>
<tr><td>Input Voltage</td><td>3.3 VDC ±5%</td></tr>
<tr><td>Interfaces</td><td>USB, TTL-232</td></tr>
<tr><td>Power Consumption</td><td>330 mW</td></tr>
<tr><td>Weight</td><td>4 g</td></tr>
<tr><td>Ambient Light</td><td>0 to 100,000 lux (natural light)</td></tr>
<tr><td>Humidity</td><td>5% to 95% (non-condensing)</td></tr>
<tr><td>Operating Temperature</td><td>-20°C to 60°C (-4°F to 140°F)</td></tr>
<tr><td>Storage Temperature</td><td>-40°C to 70°C (-40°F to 158°F)</td></tr>
<tr><td>Configuration Tools</td><td>EasySet</td></tr>
<tr><td>Certifications Hardware</td><td>FCC, RoHS, CE, EN 62471</td></tr>
<tr><td>Warranty Standard</td><td>2 Years</td></tr>
<tr><td>Accessories Optional</td><td>USB cable, RS-232 cable, Software development board</td></tr>
<tr><td>Accessories Standard</td><td>75mm flexible flat cable (FFC)</td></tr>
<tr><td>Part Number</td><td>Description</td></tr>
<tr><td>NLS-EM3296V4</td><td>2D CMOS Area Imager, Standard, CMOS 640 x 480 , All-in-one, Newland Decoderchip 0610, TTL-232/USB interface with FFC (flexible flat cable), LED Aimer, extra MCU, small footprint</td></tr>
</tbody>
</table>",,,,,,,,
https://www.newland-id.com/en/products/general-purpose-handheld-scanners/hr32-marlin-bluetooth,general-purpose-handheld-scanners,Newland,,,HR32 Marlin Bluetooth,HR32 Marlin Bluetooth,https://www.newland-id.com/datasheets/229/hr32-marlin-bluetooth.pdf,https://newlandemea.katanapim.com/content/images/thumbs/000/0000404_hr32_marlin_bluetooth_1.png,"Adopting the latest Bluetooth 5.0 technology, the HR32 Marlin Bluetooth is able to maintain a strong, anti-interference connection to transmit data. The HR32 Marlin Bluetooth is equipped with megapixel technology to read virtually all 1D or 2D barcodes in any condition. From long or truncated 1D codes to larger and more high-density 2D codes.","Part Number: Description
NLS-HR3280-BT-C(U): HR32 Marlin II 2D CMOS Mega Pixel Wireless Bluetooth Handheld Reader with Stand/Docking Station, USB cable and multiplug adapter.
1D: All major 1D symbologies, including EAN-8, EAN-13, UPC-E, UPC-A, Code128, Coupon, UCC/EAN128, CodaBar, I2Of5, Febraban, ITF14, ITF6, Matrix 25, Code39, Code93, ISSN, ISBN, Industrial 25, Standard 25, China Posy 25, Plessey, Code 11, MSI Plessey, UCC/EAN Composite, GS1 Databar, Code 49, Code 16K, AIM 128, ISBT 128.",,,,"<table class=""Table_Products_Style"">
<thead>
<tr>
<th>Thông số kỹ thuật</th>
<th>Chi tiết</th>
</tr>
</thead>
<tbody>
<tr><td>Part Number</td><td>Description</td></tr>
<tr><td>NLS-HR3280-BT-C(U)</td><td>HR32 Marlin II 2D CMOS Mega Pixel Wireless Bluetooth Handheld Reader with Stand/Docking Station, USB cable and multiplug adapter.</td></tr>
<tr><td>1D</td><td>All major 1D symbologies, including EAN-8, EAN-13, UPC-E, UPC-A, Code128, Coupon, UCC/EAN128, CodaBar, I2Of5, Febraban, ITF14, ITF6, Matrix 25, Code39, Code93, ISSN, ISBN, Industrial 25, Standard 25, China Posy 25, Plessey, Code 11, MSI Plessey, UCC/EAN Composite, GS1 Databar, Code 49, Code 16K, AIM 128, ISBT 128.</td></tr>
<tr><td>2D</td><td>All major 2D symbologies, including PDF417, MicroPDF417, QR Code, Micro QR Code, Aztec, Data Matrix, Chinese Sensible Code, Maxicode.</td></tr>
<tr><td>Aiming</td><td>Green LED</td></tr>
<tr><td>Depth of Field Code 39 (5mil)</td><td>85 mm - 220 mm</td></tr>
<tr><td>Depth of Field DataMatrix (10mil)</td><td>50 mm - 220 mm</td></tr>
<tr><td>Depth of Field EAN 13 (13mil)</td><td>50 mm - 495 mm</td></tr>
<tr><td>Depth of Field PDF417 (6.67mil)</td><td>70 mm - 215 mm</td></tr>
<tr><td>Depth of Field QR (15mil)</td><td>20 mm - 325 mm</td></tr>
<tr><td>Field of View Horizontal</td><td>39°</td></tr>
<tr><td>Field of View Vertical</td><td>24°</td></tr>
<tr><td>Illumination</td><td>White LED, Red LED</td></tr>
<tr><td>Image Sensor</td><td>1280 x 800 CMOS</td></tr>
<tr><td>Minimal Print Contrast</td><td>25%</td></tr>
<tr><td>Scan Angle Pitch</td><td>±55°</td></tr>
<tr><td>Scan Angle Roll</td><td>360°</td></tr>
<tr><td>Scan Angle Skew</td><td>±55°</td></tr>
<tr><td>Memory Flash</td><td>≥15000 pieces Code 128 (20 byte of each code 128)</td></tr>
<tr><td>Battery Type</td><td>2400 mAh lithium-ion battery</td></tr>
<tr><td>Dimensions</td><td>113.5(W) x 73.3(D) x 159(H) mm</td></tr>
<tr><td>Expected Battery Life</td><td>≥12 hours of continuous operation (scan once per 6 seconds)</td></tr>
<tr><td>Expected Charge Time</td><td>≤4 hours</td></tr>
<tr><td>Input Voltage</td><td>5 VDC ±5%</td></tr>
<tr><td>Interfaces</td><td>USB, RS-232</td></tr>
<tr><td>Notifications</td><td>Beep, LED</td></tr>
<tr><td>Weight</td><td>217 g</td></tr>
<tr><td>Communication Modes</td><td>Synchronous, Asynchronous, Batch</td></tr>
<tr><td>Radio Technology</td><td>Bluetooth 5.0</td></tr>
<tr><td>Wireless Distance ( max.)</td><td>≥50 m (direct line of sight in open air)</td></tr>
<tr><td>Drop</td><td>1.5 m</td></tr>
<tr><td>Drop with Cradle</td><td>1 m</td></tr>
<tr><td>Electro Static Discharge (ESD)</td><td>±8 kV (air discharge), ±4 kV (direct discharge)</td></tr>
<tr><td>Humidity</td><td>5% to 95% (non-condensing)</td></tr>
<tr><td>IP Rating</td><td>IP52</td></tr>
<tr><td>Operating Temperature</td><td>-20°C to 60°C (-4°F to 140°F)</td></tr>
<tr><td>Storage Temperature</td><td>-40°C to 70°C (-40°F to 158°F)</td></tr>
<tr><td>Configuration Tools</td><td>EasySet</td></tr>
<tr><td>Certifications Hardware</td><td>CE EMC Class B, FCC Part15 Class B</td></tr>
<tr><td>Warranty Standard</td><td>3 Years</td></tr>
<tr><td>Accessories Optional</td><td>RS-232 cable</td></tr>
<tr><td>Accessories Standard</td><td>USB cable, Adapter, Charging cradle</td></tr>
</tbody>
</table>",,,,,,,,
https://www.newland-id.com/en/products/scan-engines/em50s-20,scan-engines,Newland,,,EM50S-20,EM50S-20,https://www.newland-id.com/datasheets/228/em50s-20.pdf,https://newlandemea.katanapim.com/content/images/thumbs/000/0000424_em50s-20-1.png,"The EM50S offers you high-end performance in high-demand situations. This megapixel engine scans even the most complicated codes with convincing ease, including OCR, high-density, dual barcodes and DotCode. In dark or low-light conditions, it uses Automatic Exposure Control (AEC) to automatically adjust for high-contrast images. The result is a reliable engine no matter what you throw at it.","1D: All major 1D symbologies, including Code 11, Code 128, Code 39, GS1 128 (UCC/EAN-128), AMI 128, Codabar, ISBT 128, Code 93, UPC-A, UPC-E, Coupon, GS1 Composite, EAN-13, EAN-8, ISSN, ISBN, Interleaved 2 of 5, Matrix 2 of 5, ITF14, ITF6, Industrial 25, Standard 25, China Post 25, MSI Plessey, Plessey, GS1 Databar (RSS), Code 49, Code 16K.
2D: All major 2D symbologies, including PDF417, QR Code, Micro QR, Data Matrix, Aztec, MaxiCode, GM Code, Chinese Sensible Code, MicroPDF417, Code One
Aiming: Laser diode (650nm)",,,,"<table class=""Table_Products_Style"">
<thead>
<tr>
<th>Thông số kỹ thuật</th>
<th>Chi tiết</th>
</tr>
</thead>
<tbody>
<tr><td>1D</td><td>All major 1D symbologies, including Code 11, Code 128, Code 39, GS1 128 (UCC/EAN-128), AMI 128, Codabar, ISBT 128, Code 93, UPC-A, UPC-E, Coupon, GS1 Composite, EAN-13, EAN-8, ISSN, ISBN, Interleaved 2 of 5, Matrix 2 of 5, ITF14, ITF6, Industrial 25, Standard 25, China Post 25, MSI Plessey, Plessey, GS1 Databar (RSS), Code 49, Code 16K.</td></tr>
<tr><td>2D</td><td>All major 2D symbologies, including PDF417, QR Code, Micro QR, Data Matrix, Aztec, MaxiCode, GM Code, Chinese Sensible Code, MicroPDF417, Code One</td></tr>
<tr><td>Aiming</td><td>Laser diode (650nm)</td></tr>
<tr><td>Depth of Field Code 39 (5mil)</td><td>90 mm - 265 mm</td></tr>
<tr><td>Depth of Field DataMatrix (10mil)</td><td>65 mm - 215 mm</td></tr>
<tr><td>Depth of Field EAN 13 (13mil)</td><td>70 mm - 500 mm</td></tr>
<tr><td>Depth of Field PDF417 (6.67mil)</td><td>70 mm - 225 mm</td></tr>
<tr><td>Depth of Field QR (15mil)</td><td>40 mm - 295 mm</td></tr>
<tr><td>Field of View Horizontal</td><td>42°</td></tr>
<tr><td>Field of View Vertical</td><td>28°</td></tr>
<tr><td>Illumination</td><td>White LED</td></tr>
<tr><td>Image Sensor</td><td>1280 x 800 CMOS</td></tr>
<tr><td>Minimal Print Contrast</td><td>25%</td></tr>
<tr><td>Scan Angle Pitch</td><td>±60°</td></tr>
<tr><td>Scan Angle Roll</td><td>360°</td></tr>
<tr><td>Scan Angle Skew</td><td>±60°</td></tr>
<tr><td>Current @ 3.3VDC Operating</td><td>269 mA (RMS typical), 399 mA (RMS max)</td></tr>
<tr><td>Current @ 3.3VDC Standby</td><td>< 70 mA</td></tr>
<tr><td>Dimensions</td><td>Imager: 21.5(W) x 10.2(D) x 8.6(H) mm (max.); Decoder board: 21.5(W) x 21.5(D) x 4.2(H) mm (max.)</td></tr>
<tr><td>Input Voltage</td><td>3.3 VDC ±5%</td></tr>
<tr><td>Power Consumption</td><td>888 mW (typical)</td></tr>
<tr><td>Weight</td><td>4 g</td></tr>
<tr><td>Humidity</td><td>5% to 95% (non-condensing)</td></tr>
<tr><td>Operating Temperature</td><td>-20°C to 60°C (-4°F to 140°F)</td></tr>
<tr><td>Storage Temperature</td><td>-40°C to 70°C (-40°F to 158°F)</td></tr>
<tr><td>Configuration Tools</td><td>EasySet</td></tr>
<tr><td>Certifications Hardware</td><td>CE EMC Class B, FCC Part15 Class B, RoHS</td></tr>
<tr><td>Warranty Standard</td><td>2 Years</td></tr>
<tr><td>Accessories Optional</td><td>USB cable, RS-232 cable, Adapter, Software development board</td></tr>
<tr><td>Accessories Standard</td><td>75mm flexible flat cable (FFC)</td></tr>
<tr><td>Part Number</td><td>Description</td></tr>
<tr><td>EM50S-20</td><td>2D CMOS scan engine, Small footprint with Laser Aimer + Cross, Split.</td></tr>
</tbody>
</table>",,,,,,,,
https://www.newland-id.com/en/products/mobile-computers/dc850-susu-2d,mobile-computers,Newland,,,DC850,DC850 Susu 2D,https://www.newland-id.com/datasheets/227/dc850-susu-2d.pdf,https://newlandemea.katanapim.com/content/images/thumbs/000/0000158_dc850_susu_1d_1.png,This simple device has the ability to scan 1D and 2D barcodes.,"Part Number: Description
DC850-2B: DC850 Susu Data Collector with 2D CMOS engine. Incl. USB cable, battery, wrist strap and multi plug adapter. OS: Linux.
1D: All major 1D symbologies, including Code128, EAN EAN-13, EAN EAN-8, Code Code-39, UP UPC-A, UPC UPC-E, Codabar, ISBN/ISSN, Interleaved 2 of 5, Code 93.",,,,"<table class=""Table_Products_Style"">
<thead>
<tr>
<th>Thông số kỹ thuật</th>
<th>Chi tiết</th>
</tr>
</thead>
<tbody>
<tr><td>Part Number</td><td>Description</td></tr>
<tr><td>DC850-2B</td><td>DC850 Susu Data Collector with 2D CMOS engine. Incl. USB cable, battery, wrist strap and multi plug adapter. OS: Linux.</td></tr>
<tr><td>1D</td><td>All major 1D symbologies, including Code128, EAN EAN-13, EAN EAN-8, Code Code-39, UP UPC-A, UPC UPC-E, Codabar, ISBN/ISSN, Interleaved 2 of 5, Code 93.</td></tr>
<tr><td>2D</td><td>All major 2D symbologies, including PDF -417, QR Code, Data Matrix, Maxicode, Aztec.</td></tr>
<tr><td>Current Operating System</td><td>Linux</td></tr>
<tr><td>Memory Flash</td><td>128MB</td></tr>
<tr><td>Memory RAM</td><td>32MB</td></tr>
<tr><td>Processor</td><td>1.0 GHz</td></tr>
<tr><td>Battery Type</td><td>3.7 V, 2300 mAh, Rechargeable lithium polymer battery</td></tr>
<tr><td>Dimensions</td><td>168.5(W) x 65(D) x 39.5(H) mm</td></tr>
<tr><td>Display/Touch Panel</td><td>Level 8 monochrome display with resolution 160x160</td></tr>
<tr><td>Expected Battery Life</td><td>26 hours</td></tr>
<tr><td>Interfaces</td><td>USB</td></tr>
<tr><td>Keypad</td><td>26 keys</td></tr>
<tr><td>Notifications</td><td>Speaker, Multi-color LEDs</td></tr>
<tr><td>Power Supply Input</td><td>AC 100 to 240 V (50 to 60 Hz)</td></tr>
<tr><td>Power Supply Output</td><td>DC5 V, 1.5 A</td></tr>
<tr><td>Weight</td><td>270 g (including battery)</td></tr>
<tr><td>Drop</td><td>1.2 m</td></tr>
<tr><td>Electro Static Discharge (ESD)</td><td>±8 kV (direct discharge), ±12 kV (air discharge)</td></tr>
<tr><td>Humidity</td><td>5% to 95% (non-condensing)</td></tr>
<tr><td>IP Rating</td><td>IP54</td></tr>
<tr><td>Operating Temperature</td><td>-10°C to 50°C (14°F to 122°F)</td></tr>
<tr><td>Storage Temperature</td><td>-20°C to 60°C (-4°F to 140°F)</td></tr>
<tr><td>Warranty Standard</td><td>2 Years</td></tr>
<tr><td>Accessories Optional</td><td>USB cable, Battery, Adapter</td></tr>
</tbody>
</table>",,,,,,,,
https://www.newland-id.com/en/products/touch-panel-computers/nquire-750-stingray,touch-panel-computers,Newland,,,NQuire 750 Stingray,NQuire 750 Stingray,https://www.newland-id.com/datasheets/226/nquire-750-stingray.pdf,https://newlandemea.katanapim.com/content/images/thumbs/000/0000112_nquire_750_stingray_1.png,"The NQuire 750 Stingray touch-screen Micro Kiosk offers 7” of screen real estate, especially beneficial for store signage and customer information services. Equipped with the reliable Android 7.1, it offers a feature-rich environment that is tried and tested.","Part Number: Description
NLS-NQUIRE751PRW-7C: NQuire 751 Stingray Customer information terminal with 7"" Touch Screen,  2D CMOS Mega Pixel imager with Laser Aimer (CM6x), BT, WiFi and POE. Incl. wall mount bracket and multiplug adapter. OS: Android 7.1.
1D: All major 1D symbologies",,,,"<table class=""Table_Products_Style"">
<thead>
<tr>
<th>Thông số kỹ thuật</th>
<th>Chi tiết</th>
</tr>
</thead>
<tbody>
<tr><td>Part Number</td><td>Description</td></tr>
<tr><td>NLS-NQUIRE751PRW-7C</td><td>NQuire 751 Stingray Customer information terminal with 7"" Touch Screen,  2D CMOS Mega Pixel imager with Laser Aimer (CM6x), BT, WiFi and POE. Incl. wall mount bracket and multiplug adapter. OS: Android 7.1.</td></tr>
<tr><td>1D</td><td>All major 1D symbologies</td></tr>
<tr><td>2D</td><td>All major 2D symbologies</td></tr>
<tr><td>Aiming</td><td>Laser diode (625±10nm)</td></tr>
<tr><td>Illumination</td><td>White LED (625±10nm)</td></tr>
<tr><td>Image Sensor</td><td>1280 x 800 CMOS</td></tr>
<tr><td>Scan Modes</td><td>Sense Mode</td></tr>
<tr><td>Scan Rate</td><td>60 frames per second</td></tr>
<tr><td>Current Operating System</td><td>Android 7.1</td></tr>
<tr><td>Memory Flash</td><td>8GB Emmc</td></tr>
<tr><td>Memory RAM</td><td>2GB DDR3</td></tr>
<tr><td>Memory Storage Expansion (max.)</td><td>Micro SD up to 128GB</td></tr>
<tr><td>Processor</td><td>1.5 GHz octa-core, 64-bit</td></tr>
<tr><td>Audio</td><td>82dB dual-channel stereo sound</td></tr>
<tr><td>Dimensions</td><td>195(W) x 138.5(D) x 25(H) mm</td></tr>
<tr><td>Display/Touch Panel</td><td>7"" (1280 x 800) IPS display, 5 points capacitive touchscreen</td></tr>
<tr><td>Expansion Slot</td><td>Micro SD up to 128GB</td></tr>
<tr><td>Front camera</td><td>5 MP, Fixed focus</td></tr>
<tr><td>Input Voltage</td><td>12 VDC (2 A)</td></tr>
<tr><td>Interfaces</td><td>Micro USB 2.0, USB 2.0, GPIO, OTG</td></tr>
<tr><td>Power Consumption</td><td>12 W (max)</td></tr>
<tr><td>Power over Ethernet</td><td>RJ45 Ethernet, 10/100/1.000BASE-T</td></tr>
<tr><td>Power Supply Input</td><td>AC 110 to 220 V (50 to 60 Hz)</td></tr>
<tr><td>Power Supply Output</td><td>DC12 V, 2 A</td></tr>
<tr><td>Sensors</td><td>Gravity Sensor</td></tr>
<tr><td>Touch Panel</td><td>5 points capacitive touchscreen</td></tr>
<tr><td>VESA standard</td><td>Complies with the standard VESA 75 bracket, enabling easy mounting on shelves and walls</td></tr>
<tr><td>RFID</td><td>ISO/IEC 14443 A/B ISO/IEC 15693; MIFARE 1K/4K; MIFARE DESFire; Sony FeliCa (optional)</td></tr>
<tr><td>WLAN RADIO</td><td>IEEE 802.11 a/b/g/n/ac, 2.4GHz and 5Ghz (optional)</td></tr>
<tr><td>WPAN RADIO</td><td>Bluetooth 4.0 LE, EDR + BLE (optional)</td></tr>
<tr><td>Humidity</td><td>5% to 90% (non-condensing)</td></tr>
<tr><td>IP Rating</td><td>IP54 (front only)</td></tr>
<tr><td>Operating Temperature</td><td>-10°C to 50°C (14°F to 122°F)</td></tr>
<tr><td>Storage Temperature</td><td>-20°C to 60°C (-4°F to 140°F)</td></tr>
<tr><td>Configuration Tools</td><td>Ndevor</td></tr>
<tr><td>MDM (certified)</td><td>Ndevor, SOTI</td></tr>
<tr><td>Terminal Emulation (compatible)</td><td>StayLinked, Airwatch</td></tr>
<tr><td>Certifications Hardware</td><td>IEC 62471, RoHS, CE</td></tr>
<tr><td>Comprehensive Service Contract</td><td>3 Years, 5 Years</td></tr>
<tr><td>Warranty Extension</td><td>+1 Year, +3 Years</td></tr>
<tr><td>Warranty Standard</td><td>2 Years</td></tr>
<tr><td>Accessories Optional</td><td>Multiplug adapter, Desktop stand Vesa75, Wall mount bracket Vesa75, MSR reader module, NFC reader module, 4G module, RFID low frequency reader module</td></tr>
<tr><td>Accessories Standard</td><td>Multiplug adapter, Wall mount bracket Vesa75</td></tr>
</tbody>
</table>",,,,,,,,
https://www.newland-id.com/en/products/presentation-scanners/fr50-pearl,presentation-scanners,Newland,,,FR50,FR50 Pearl,https://www.newland-id.com/datasheets/224/fr50-pearl.pdf,https://newlandemea.katanapim.com/content/images/thumbs/000/0000359_fr50_pearl_1.png,"Designed to be the jewel in the crown, the FR50 Pearl is made with high-quality materials and powerful megapixel technology. With intuitive sensors and automatic exposure control, it offers everything you would expect from our next generation allrounder at the point-of-sale (POS).","1D: All major 1D symbologies, including EAN-13, EAN-8, UPC-A, UPC-E, Code 128, Code 39, Codabar, UCC/EAN 128, RSS, ITF, ITF-14, ITF6, Standard 25, Matrix 25, COOP 25, Industrial 25, Plessey, MSI Plessey, Code 11, Code 93, Code 49, Code 16K.
2D: All major 2D symbologies, including PDF417, QR Code, Data Matrix, AZTEC, CSC, Maxicode, Micro QR, Micro PDF417, GM, Code One.
Aiming: Green LED",,,,"<table class=""Table_Products_Style"">
<thead>
<tr>
<th>Thông số kỹ thuật</th>
<th>Chi tiết</th>
</tr>
</thead>
<tbody>
<tr><td>1D</td><td>All major 1D symbologies, including EAN-13, EAN-8, UPC-A, UPC-E, Code 128, Code 39, Codabar, UCC/EAN 128, RSS, ITF, ITF-14, ITF6, Standard 25, Matrix 25, COOP 25, Industrial 25, Plessey, MSI Plessey, Code 11, Code 93, Code 49, Code 16K.</td></tr>
<tr><td>2D</td><td>All major 2D symbologies, including PDF417, QR Code, Data Matrix, AZTEC, CSC, Maxicode, Micro QR, Micro PDF417, GM, Code One.</td></tr>
<tr><td>Aiming</td><td>Green LED</td></tr>
<tr><td>Depth of Field Code 39 (5mil)</td><td>80 mm - 170 mm</td></tr>
<tr><td>Depth of Field DataMatrix (10mil)</td><td>50 mm - 170 mm</td></tr>
<tr><td>Depth of Field EAN 13 (13mil)</td><td>55 mm - 360 mm</td></tr>
<tr><td>Depth of Field PDF417 (6.67mil)</td><td>55 mm - 160 mm</td></tr>
<tr><td>Depth of Field QR (15mil)</td><td>40 mm - 210 mm</td></tr>
<tr><td>Field of View Horizontal</td><td>51°</td></tr>
<tr><td>Field of View Vertical</td><td>32°</td></tr>
<tr><td>Illumination</td><td>Red LED</td></tr>
<tr><td>Image Sensor</td><td>1280 x 800 CMOS</td></tr>
<tr><td>Minimal Print Contrast</td><td>30%</td></tr>
<tr><td>Scan Angle Pitch</td><td>±55°</td></tr>
<tr><td>Scan Angle Roll</td><td>360°</td></tr>
<tr><td>Scan Angle Skew</td><td>±55°</td></tr>
<tr><td>Scan Modes</td><td>Sense Mode, Continuous Mode</td></tr>
<tr><td>Current @ 5VDC Operating</td><td>306 mA (typical), 311.5 mA (max)</td></tr>
<tr><td>Current @ 5VDC Standby</td><td>173.9 mA</td></tr>
<tr><td>Dimensions</td><td>Scanner: 68(W) x 61.8(D) x 68.2(H) mm, Stand: 75(W) x 75(D) x 153.5(H) mm</td></tr>
<tr><td>Input Voltage</td><td>5 VDC ±5%</td></tr>
<tr><td>Interfaces</td><td>USB-CDC, USB-HID</td></tr>
<tr><td>Notifications</td><td>Beep, LED</td></tr>
<tr><td>Power Consumption</td><td>1530 mW (typical)</td></tr>
<tr><td>Weight</td><td>Scanner: 202 g, Stand: 324 g</td></tr>
<tr><td>Electro Static Discharge (ESD)</td><td>±14 kV (air discharge), ±8 kV (direct discharge)</td></tr>
<tr><td>Humidity</td><td>5% to 95% (non-condensing)</td></tr>
<tr><td>IP Rating</td><td>IP42</td></tr>
<tr><td>Operating Temperature</td><td>-20°C to 60°C (-4°F to 140°F)</td></tr>
<tr><td>Storage Temperature</td><td>-40°C to 70°C (-40°F to 158°F)</td></tr>
<tr><td>Configuration Tools</td><td>EasySet</td></tr>
<tr><td>Certifications Hardware</td><td>CE EMC Class B, FCC Part15 Class B, IEC 62471, RoHS</td></tr>
<tr><td>Warranty Standard</td><td>5 Years</td></tr>
<tr><td>Accessories Standard</td><td>USB cable, Desktop stand, Mounting plate</td></tr>
<tr><td>NLS-FR5080-B-20</td><td>FR50 Pearl 2D CMOS Mega Pixel Presentation scanner (black) with 280 cm direct straight USB cable, stand and mounting plate . Green LED Aimer, Red light and IR sensor.</td></tr>
<tr><td>Part Number</td><td>Description</td></tr>
</tbody>
</table>",,,,,,,,
https://www.newland-id.com/en/products/scan-engines/em1399-ld,scan-engines,Newland,,,EM1399-LD,EM1399-LD,https://www.newland-id.com/datasheets/223/em1399-ld.pdf,https://newlandemea.katanapim.com/content/images/thumbs/000/0000693_em1399-ld_1.png,The EM1399-LD demonstrates an unprecedented decoding capability on all mainstream 1D symbologies. The scan engine provides an optimal solution for battery-operated equipments and mobile devices.,"Part Number: Description
EM1399-LD: 1D CCD scan engine (0110 Chip), TTL232 interface with flexible cable
1D: All major 1D symbologies, including EAN-13, EAN-8, UPC-A, UPC-E, ISSN, ISBN, Codabar, Code 128, Code 93, ITF-6, ITF-14, Interleaved 2 of 5, Industrial 2 of 5, Standard 2 of 5, Matrix 2 of 5, GS1 Databar, Code 39, Code 11, MSI-Plessey, Plessey.",,,,"<table class=""Table_Products_Style"">
<thead>
<tr>
<th>Thông số kỹ thuật</th>
<th>Chi tiết</th>
</tr>
</thead>
<tbody>
<tr><td>Part Number</td><td>Description</td></tr>
<tr><td>EM1399-LD</td><td>1D CCD scan engine (0110 Chip), TTL232 interface with flexible cable</td></tr>
<tr><td>1D</td><td>All major 1D symbologies, including EAN-13, EAN-8, UPC-A, UPC-E, ISSN, ISBN, Codabar, Code 128, Code 93, ITF-6, ITF-14, Interleaved 2 of 5, Industrial 2 of 5, Standard 2 of 5, Matrix 2 of 5, GS1 Databar, Code 39, Code 11, MSI-Plessey, Plessey.</td></tr>
<tr><td>Aiming</td><td>Red LED (612nm-624nm)</td></tr>
<tr><td>Depth of Field Code 39 (5mil)</td><td>70 mm - 190 mm</td></tr>
<tr><td>Depth of Field EAN 13 (13mil)</td><td>50 mm - 450 mm</td></tr>
<tr><td>Illumination</td><td>Red LED (612nm-624nm)</td></tr>
<tr><td>Image Sensor</td><td>2500 linear imager</td></tr>
<tr><td>Minimal Print Contrast</td><td>20%</td></tr>
<tr><td>Scan Angle Pitch</td><td>±55°</td></tr>
<tr><td>Scan Angle Skew</td><td>±60°</td></tr>
<tr><td>Current @ 3.3VDC Operating</td><td>26 mA (typical), 76 mA (max)</td></tr>
<tr><td>Current @ 3.3VDC Standby</td><td>10.4 mA</td></tr>
<tr><td>Dimensions</td><td>21.5(W) × 15.3(D) × 11.9(H) mm</td></tr>
<tr><td>Input Voltage</td><td>3.3 VDC ±5%</td></tr>
<tr><td>Interfaces</td><td>USB, RS-232</td></tr>
<tr><td>Power Consumption</td><td>86 mW (typical)</td></tr>
<tr><td>Weight</td><td>5 g</td></tr>
<tr><td>Ambient Light</td><td>0 to 100,000 lux (natural light)</td></tr>
<tr><td>Humidity</td><td>5% to 95% (non-condensing)</td></tr>
<tr><td>Operating Temperature</td><td>-20°C to 55°C (-4°F to 131°F)</td></tr>
<tr><td>Storage Temperature</td><td>-40°C to 70°C (-40°F to 158°F)</td></tr>
<tr><td>Certifications Hardware</td><td>CE EMC Class B, FCC Part15 Class B</td></tr>
<tr><td>Warranty Standard</td><td>2 Years</td></tr>
<tr><td>Accessories Optional</td><td>USB cable, RS-232 cable, Adapter, Software development board</td></tr>
<tr><td>Accessories Standard</td><td>75mm flexible flat cable (FFC)</td></tr>
</tbody>
</table>",,,,,,,,
https://www.newland-id.com/en/products/mobile-computers/dc850-susu-1d,mobile-computers,Newland,,,DC850,DC850 Susu 1D,https://www.newland-id.com/datasheets/222/dc850-susu-1d.pdf,https://newlandemea.katanapim.com/content/images/thumbs/000/0000158_dc850_susu_1d_1.png,"The DC850 Susu 1D comes equipped with powerful, easy to use, inventory management software. With this combination of software and hardware, it is easy to efficiently manage your inventory flow.","Part Number: Description
DC850-3B: DC850 Susu Data Collector with 1D CCD engine. Incl. USB cable, battery, wrist strap and multi plug adapter. OS: Linux.
1D: All major 1D symbologies, including Code128, EAN EAN-13, EAN EAN-8, Code Code-39, UP UPC-A, UPC UPC-E, Codabar, ISBN/ISSN, Interleaved 2 of 5, Code 93.",,,,"<table class=""Table_Products_Style"">
<thead>
<tr>
<th>Thông số kỹ thuật</th>
<th>Chi tiết</th>
</tr>
</thead>
<tbody>
<tr><td>Part Number</td><td>Description</td></tr>
<tr><td>DC850-3B</td><td>DC850 Susu Data Collector with 1D CCD engine. Incl. USB cable, battery, wrist strap and multi plug adapter. OS: Linux.</td></tr>
<tr><td>1D</td><td>All major 1D symbologies, including Code128, EAN EAN-13, EAN EAN-8, Code Code-39, UP UPC-A, UPC UPC-E, Codabar, ISBN/ISSN, Interleaved 2 of 5, Code 93.</td></tr>
<tr><td>Current Operating System</td><td>Linux</td></tr>
<tr><td>Memory Flash</td><td>128MB</td></tr>
<tr><td>Memory RAM</td><td>32MB</td></tr>
<tr><td>Processor</td><td>1.0 GHz</td></tr>
<tr><td>Battery Type</td><td>3.7 V, 2300 mAh, Rechargeable lithium polymer battery</td></tr>
<tr><td>Dimensions</td><td>168.5(W) x 65(D) x 39.5(H) mm</td></tr>
<tr><td>Display/Touch Panel</td><td>Level 8 monochrome display with resolution 160x160</td></tr>
<tr><td>Expected Battery Life</td><td>26 hours</td></tr>
<tr><td>Interfaces</td><td>USB</td></tr>
<tr><td>Keypad</td><td>26 keys</td></tr>
<tr><td>Notifications</td><td>Speaker, Multi-color LEDs</td></tr>
<tr><td>Power Supply Input</td><td>AC 100 to 240 V (50 to 60 Hz)</td></tr>
<tr><td>Power Supply Output</td><td>DC5 V, 1.5 A</td></tr>
<tr><td>Weight</td><td>270 g (including battery)</td></tr>
<tr><td>Drop</td><td>1.2 m</td></tr>
<tr><td>Electro Static Discharge (ESD)</td><td>±8 kV (direct discharge), ±12 kV (air discharge)</td></tr>
<tr><td>Humidity</td><td>5% to 95% (non-condensing)</td></tr>
<tr><td>IP Rating</td><td>IP54</td></tr>
<tr><td>Operating Temperature</td><td>-10°C to 50°C (14°F to 122°F)</td></tr>
<tr><td>Storage Temperature</td><td>-20°C to 60°C (-4°F to 140°F)</td></tr>
<tr><td>Warranty Standard</td><td>2 Years</td></tr>
<tr><td>Accessories Optional</td><td>USB cable, Battery, Adapter</td></tr>
</tbody>
</table>",,,,,,,,
https://www.newland-id.com/en/products/general-purpose-handheld-scanners/hr12-anchoa,general-purpose-handheld-scanners,Newland,,,HR12,HR12 Anchoa,https://www.newland-id.com/datasheets/221/hr12-anchoa.pdf,https://newlandemea.katanapim.com/content/images/thumbs/000/0000320_hr12_anchoa_1.png,The HR12 Anchoa handheld scanner is a practical and user friendly entry level scanner at an extremely competitive price. The Anchoa incorporates Newland's 1D chip technology for excellent 1D barcode scanning performance at exceptionally low power consumption.,"1D: All major 1D symbologies, including EAN-13, EAN-8, UPC-A, UPC-E, ISSN, ISBN, Codabar, Code 128, Code 93, ITF-6,ITF-14, Interleaved 2 of 5, Industrial 2 of 5, Standard 2 of 5, Matrix 2 of 5,GS1 Databar, Code 39, Code 11, MSI-Plessey, Plessey.
Depth of Field Code 39 (5mil): 55 mm - 165 mm
Depth of Field EAN 13 (13mil): 50 mm - 655 mm",,,,"<table class=""Table_Products_Style"">
<thead>
<tr>
<th>Thông số kỹ thuật</th>
<th>Chi tiết</th>
</tr>
</thead>
<tbody>
<tr><td>1D</td><td>All major 1D symbologies, including EAN-13, EAN-8, UPC-A, UPC-E, ISSN, ISBN, Codabar, Code 128, Code 93, ITF-6,ITF-14, Interleaved 2 of 5, Industrial 2 of 5, Standard 2 of 5, Matrix 2 of 5,GS1 Databar, Code 39, Code 11, MSI-Plessey, Plessey.</td></tr>
<tr><td>Depth of Field Code 39 (5mil)</td><td>55 mm - 165 mm</td></tr>
<tr><td>Depth of Field EAN 13 (13mil)</td><td>50 mm - 655 mm</td></tr>
<tr><td>Field of View Horizontal</td><td>40°</td></tr>
<tr><td>Illumination</td><td>Red LED (610nm-640nm)</td></tr>
<tr><td>Image Sensor</td><td>1500 CCD</td></tr>
<tr><td>Minimal Print Contrast</td><td>30%</td></tr>
<tr><td>Scan Angle Pitch</td><td>±60°</td></tr>
<tr><td>Scan Angle Roll</td><td>30°</td></tr>
<tr><td>Scan Angle Skew</td><td>±60°</td></tr>
<tr><td>Scan Modes</td><td>Trigger Mode, Sense Mode, Continuous Mode</td></tr>
<tr><td>Scan Rate</td><td>300 scans per second</td></tr>
<tr><td>Processor</td><td>0110 Chip</td></tr>
<tr><td>Current @ 5VDC Operating</td><td>55±5 mA</td></tr>
<tr><td>Current @ 5VDC Standby</td><td>21 mA±2 mA</td></tr>
<tr><td>Dimensions</td><td>163(W) × 68.4(D) × 58.5(H) mm</td></tr>
<tr><td>Housing</td><td>PC, ABS</td></tr>
<tr><td>Input Voltage</td><td>5 VDC ±5%</td></tr>
<tr><td>Interfaces</td><td>USB</td></tr>
<tr><td>Notifications</td><td>Beep, LED</td></tr>
<tr><td>Weight</td><td>130 g (including USB cable)</td></tr>
<tr><td>Electro Static Discharge (ESD)</td><td>±8 kV (contact discharge), ±10 kV (air discharge)</td></tr>
<tr><td>Humidity</td><td>5% to 95% (non-condensing)</td></tr>
<tr><td>IP Rating</td><td>IP41</td></tr>
<tr><td>Operating Temperature</td><td>-20°C to 60°C (-4°F to 140°F)</td></tr>
<tr><td>Storage Temperature</td><td>-40°C to 85°C (-40°F to 185°F)</td></tr>
<tr><td>Certifications Hardware</td><td>CE EMC Class B, FCC Part15 Class B, RoHS</td></tr>
<tr><td>Warranty Standard</td><td>5 Years</td></tr>
<tr><td>NLS-HR1250-70</td><td>1D CCD Handheld Reader (black surface) with 2 meter direct USB cable.</td></tr>
<tr><td>Part Number</td><td>Description</td></tr>
</tbody>
</table>",,,,,,,,
https://www.newland-id.com/en/products/scan-engines/em1365-ld,scan-engines,Newland,,,EM1365-LD,EM1365-LD,https://www.newland-id.com/datasheets/220/em1365-ld.pdf,https://newlandemea.katanapim.com/content/images/thumbs/000/0000694_em1365_1.png,"The EM1365-LD OEM scan engine can be integrated into various OEM devices including kiosks, ticket validators and PDAs. Due to its lightweight, solid state build and low power consumption the engine is easy to integrate and ideal for portable scanning devices.","Part Number: Description
EM1365-LD: 1D CCD scan engine, UART/USB interface with flexible cable. Based on 0110 decoder Chip.
1D: All major 1D symbologies, including EAN-13, EAN-8, UPC-A, UPC-E, ISSN, ISBN, Codabar, Code 128, Code 93, ITF-6, ITF-14, Interleaved 2 of 5, Industrial 2 of 5, Standard 2 of 5, Matrix 2 of 5, GS1 Databar, Code 39, Code 11, MSI-Plessey, Plessey.",,,,"<table class=""Table_Products_Style"">
<thead>
<tr>
<th>Thông số kỹ thuật</th>
<th>Chi tiết</th>
</tr>
</thead>
<tbody>
<tr><td>Part Number</td><td>Description</td></tr>
<tr><td>EM1365-LD</td><td>1D CCD scan engine, UART/USB interface with flexible cable. Based on 0110 decoder Chip.</td></tr>
<tr><td>1D</td><td>All major 1D symbologies, including EAN-13, EAN-8, UPC-A, UPC-E, ISSN, ISBN, Codabar, Code 128, Code 93, ITF-6, ITF-14, Interleaved 2 of 5, Industrial 2 of 5, Standard 2 of 5, Matrix 2 of 5, GS1 Databar, Code 39, Code 11, MSI-Plessey, Plessey.</td></tr>
<tr><td>Depth of Field Code 39 (5mil)</td><td>70 mm - 155 mm</td></tr>
<tr><td>Depth of Field EAN 13 (13mil)</td><td>55 mm - 450 mm</td></tr>
<tr><td>Field of View Horizontal</td><td>40°</td></tr>
<tr><td>Illumination</td><td>LED (610nm-640nm)</td></tr>
<tr><td>Image Sensor</td><td>1500 CCD</td></tr>
<tr><td>Minimal Print Contrast</td><td>30%</td></tr>
<tr><td>Scan Angle Pitch</td><td>±60°</td></tr>
<tr><td>Scan Angle Roll</td><td>30°</td></tr>
<tr><td>Scan Angle Skew</td><td>±60°</td></tr>
<tr><td>Scan Modes</td><td>Trigger Mode, Sense Mode, Manual Mode, Continuous Mode</td></tr>
<tr><td>Scan Rate</td><td>300 scans per second</td></tr>
<tr><td>Processor</td><td>0110 Chip</td></tr>
<tr><td>Current @ 3.3VDC Operating</td><td>21.6 mA (typical), 53.9 mA (max)</td></tr>
<tr><td>Current @ 3.3VDC Standby</td><td>10.6 mA</td></tr>
<tr><td>Dimensions</td><td>28.3(W) × 22.0(D) × 11.8(H) mm</td></tr>
<tr><td>Housing</td><td>ABS</td></tr>
<tr><td>Input Voltage</td><td>3.3 VDC ±5%</td></tr>
<tr><td>Interfaces</td><td>USB, TTL-232</td></tr>
<tr><td>Power Consumption</td><td>71.1 mW (typical)</td></tr>
<tr><td>Power Supply Input</td><td>5  VDC (1.5 A)</td></tr>
<tr><td>Power Supply Output</td><td>AC100 to 240 V (50 to 60 Hz)</td></tr>
<tr><td>Weight</td><td>6 g</td></tr>
<tr><td>Ambient Light</td><td>0 to 100,000 lux</td></tr>
<tr><td>Humidity</td><td>5% to 95% (non-condensing)</td></tr>
<tr><td>Operating Temperature</td><td>-20°C to 55°C (-4°F to 131°F)</td></tr>
<tr><td>Storage Temperature</td><td>-40°C to 70°C (-40°F to 158°F)</td></tr>
<tr><td>Certifications Hardware</td><td>CE EMC Class B, FCC Part15 Class B, IEC 62471, RoHS</td></tr>
<tr><td>Warranty Standard</td><td>2 Years</td></tr>
<tr><td>Accessories Optional</td><td>USB cable, RS-232 cable, Adapter, Software development board</td></tr>
<tr><td>Accessories Standard</td><td>75mm flexible flat cable (FFC)</td></tr>
</tbody>
</table>",,,,,,,,
https://www.newland-id.com/en/products/general-purpose-handheld-scanners/bs80-piranha-ii-1d,general-purpose-handheld-scanners,Newland,,,BS80,BS80 Piranha II 1D,https://www.newland-id.com/datasheets/218/bs80-piranha-ii-1d.pdf,https://newlandemea.katanapim.com/content/images/thumbs/000/0000029_bs80-piranha-ii-2d.png,"The BS80 Piranha II is a snappy, small, and portable barcode scanner, providing the convenience of always having a scanner at your fingertips. Dimensions of 88 x 46 x 24.5 mm make it small enough to fit into your pocket and light enough to carry around all day. Despite its small size, the Piranha II maintains an excellent performance, seamlessly scanning major 1D barcodes.","1D: All major 1D symbologies, including Code 128, EAN-13, EAN-8, Code 39, UPC-A, UPC-E, Codabar, ISSN, Interleaved 2 of 5, ISBN, Code 93, UCC/EAN-128, GS1 Databar, etc.
Depth of Field Code 128 (10mil): 60 mm - 500 mm
Depth of Field Code 39 (5mil): 70 mm - 185 mm",,,,"<table class=""Table_Products_Style"">
<thead>
<tr>
<th>Thông số kỹ thuật</th>
<th>Chi tiết</th>
</tr>
</thead>
<tbody>
<tr><td>1D</td><td>All major 1D symbologies, including Code 128, EAN-13, EAN-8, Code 39, UPC-A, UPC-E, Codabar, ISSN, Interleaved 2 of 5, ISBN, Code 93, UCC/EAN-128, GS1 Databar, etc.</td></tr>
<tr><td>Depth of Field Code 128 (10mil)</td><td>60 mm - 500 mm</td></tr>
<tr><td>Depth of Field Code 39 (5mil)</td><td>70 mm - 185 mm</td></tr>
<tr><td>Depth of Field EAN 13 (13mil)</td><td>55 mm - 550 mm</td></tr>
<tr><td>Image Sensor</td><td>2500 linear imager</td></tr>
<tr><td>Minimal Print Contrast</td><td>25%</td></tr>
<tr><td>Scan Angle Pitch</td><td>±60°</td></tr>
<tr><td>Scan Angle Skew</td><td>±60°</td></tr>
<tr><td>Battery Type</td><td>3.7 V, 900 mA, Rechargeable Li-ion battery</td></tr>
<tr><td>Current @ 5VDC Operating</td><td>185 mA (Bluetooth is on)</td></tr>
<tr><td>Current @ 5VDC Standby</td><td>25 mA</td></tr>
<tr><td>Dimensions</td><td>88(W) × 46(D) × 24.5(H) mm</td></tr>
<tr><td>Expected Battery Life</td><td>6.5 hours of continuous operation (scan once per 6s)</td></tr>
<tr><td>Interfaces</td><td>USB-C</td></tr>
<tr><td>Notifications</td><td>Beep, LED, Vibration</td></tr>
<tr><td>Weight</td><td>67 g</td></tr>
<tr><td>Radio Technology</td><td>2.4 - 2.5 GHz ISM band, compatible with Bluetooth 4.0/3.0/2.1+EDR</td></tr>
<tr><td>Wireless Distance ( max.)</td><td>50 m (open space)</td></tr>
<tr><td>Charge Temperature</td><td>0°C to 45°C (32°F to 113°F)</td></tr>
<tr><td>Drop</td><td>1.2 m</td></tr>
<tr><td>Electro Static Discharge (ESD)</td><td>±12 kV (air discharge), ±4 kV (direct discharge)</td></tr>
<tr><td>Humidity</td><td>5% to 95% (non-condensing)</td></tr>
<tr><td>IP Rating</td><td>IP42</td></tr>
<tr><td>Operating Temperature</td><td>-20°C to 50°C (-4°F to 122°F)</td></tr>
<tr><td>Storage Temperature</td><td>-40°C to 70°C (-40°F to 158°F)</td></tr>
<tr><td>Configuration Tools</td><td>EasySet</td></tr>
<tr><td>Certifications Hardware</td><td>FCC, CE RED, IEC 60825, IEC 62471, RoHS, CE UK, TELEC</td></tr>
<tr><td>Comprehensive Service Contract</td><td>3 Years, 5 Years</td></tr>
<tr><td>Warranty Extension</td><td>+2 Years</td></tr>
<tr><td>Warranty Standard</td><td>3 Years</td></tr>
<tr><td>Accessories Optional</td><td>Multiplug adapter, Charging cradle, Fast charging power adapter</td></tr>
<tr><td>Accessories Standard</td><td>USB-C cable</td></tr>
<tr><td>NLS-BS8080-1D</td><td>BS80 Piranha II 1D Linear Imager Bluetooth scanner, reads 1D barcodes. Supports Apple iOS, Android & Windows devices. Compatible with Bluetooth 4.0/3.0/2.1+EDR up to 50 mtr. 1MB memory. USB-C cable included.</td></tr>
<tr><td>Part Number</td><td>Description</td></tr>
</tbody>
</table>",,,,,,,,
https://www.newland-id.com/en/products/industrial-fixed-mount-scanners/fm530,industrial-fixed-mount-scanners,Newland,,,FM530,FM530,https://www.newland-id.com/datasheets/217/fm530.pdf,https://newlandemea.katanapim.com/content/images/thumbs/000/0000385_FM530_1.png,"The FM530 boasts a scanning speed of 780 scans per second and can scan up to a distance of 350mm, making it a perfect choice for laboratory automation and in vitro diagnostics applications, where fast and accurate scanning is critical.","1D: All major 1D symbologies
Aiming: Green cross laser (515nm)
Beam Exit: Scan window with lateral beam exit",,,,"<table class=""Table_Products_Style"">
<thead>
<tr>
<th>Thông số kỹ thuật</th>
<th>Chi tiết</th>
</tr>
</thead>
<tbody>
<tr><td>1D</td><td>All major 1D symbologies</td></tr>
<tr><td>Aiming</td><td>Green cross laser (515nm)</td></tr>
<tr><td>Beam Exit</td><td>Scan window with lateral beam exit</td></tr>
<tr><td>Depth of Field</td><td>30 mm - 350 mm</td></tr>
<tr><td>Illumination</td><td>Red LED</td></tr>
<tr><td>Image Sensor</td><td>2500 CCD</td></tr>
<tr><td>Minimal Print Contrast</td><td>25%</td></tr>
<tr><td>Resolution</td><td>≥6mil</td></tr>
<tr><td>Scan Rate</td><td>780 scans per second</td></tr>
<tr><td>Current @ 24VDC Operating</td><td>156 mA RMS (typical); 288 mA (max)</td></tr>
<tr><td>Dimensions</td><td>90(W) × 110(D) × 29.8(H) mm</td></tr>
<tr><td>Housing</td><td>Metal</td></tr>
<tr><td>Input Voltage</td><td>9-30 VDC ±5%</td></tr>
<tr><td>Interfaces</td><td>RS-232</td></tr>
<tr><td>Notifications</td><td>Beep, LED</td></tr>
<tr><td>Power Consumption</td><td>9 W</td></tr>
<tr><td>Weight</td><td>500 g</td></tr>
<tr><td>Ambient Light</td><td>≤5000 lux</td></tr>
<tr><td>Humidity</td><td>5% to 95% (non-condensing)</td></tr>
<tr><td>IP Rating</td><td>IP65</td></tr>
<tr><td>Operating Temperature</td><td>0°C to 50°C (32°F to 122°F)</td></tr>
<tr><td>Storage Temperature</td><td>-40°C to 70°C (-40°F to 158°F)</td></tr>
<tr><td>Configuration Tools</td><td>EasySet</td></tr>
<tr><td>Certifications Hardware</td><td>FCC, RoHS 2.0, IEC 62471, CE, EN 50689, UL</td></tr>
<tr><td>Warranty Standard</td><td>2 Years</td></tr>
<tr><td>Part Number</td><td>Description</td></tr>
<tr><td>NLS-FM530 PRO-R20</td><td>1D fixed mount IVD scanner, IP65, 9-30vdc, RS232 (USB OTG diagnostics port) 2M cable with Pin to pin connector T125011-**-4**,780 S/S, 50? FOV, Lateral beam exit, 30-350mm read range, Green cross hair laser aimer.</td></tr>
</tbody>
</table>",,,,,,,,
https://www.newland-id.com/en/products/presentation-scanners/fr80-salmon,presentation-scanners,Newland,,,FR80,FR80 Salmon,https://www.newland-id.com/datasheets/216/fr80-salmon.pdf,https://newlandemea.katanapim.com/content/images/thumbs/000/0000098_fr80_salmon_1.png,"The point of sale (POS) system is the heart of any retailer. It’s the touch point with shoppers, who expect an increasingly fast and engaging experience. The FR80 Salmon drives transactions and loyalty by combining all the features you need for a plug-and-play manned or self-service counter.","1D: All major 1D symbologies, including EAN-13, EAN-8, UPC-A, UPC-E, Code 128, Code 39, Codabar, UCC/EAN 128, RSS, Interleaved 25, ITF 14, ITF 6, Standard 25, Matrix 25, COOP 25, Industrial 25, Plessey, MSI Plessey, Code 11, Code 93, Code 49, Code 16K.
2D: All major 2D symbologies, including PDF417, QR Code, Data Matrix, Micro PDF417, Micro QR.
Depth of Field EAN 13 (13mil): 0 mm - 140 mm",,,,"<table class=""Table_Products_Style"">
<thead>
<tr>
<th>Thông số kỹ thuật</th>
<th>Chi tiết</th>
</tr>
</thead>
<tbody>
<tr><td>1D</td><td>All major 1D symbologies, including EAN-13, EAN-8, UPC-A, UPC-E, Code 128, Code 39, Codabar, UCC/EAN 128, RSS, Interleaved 25, ITF 14, ITF 6, Standard 25, Matrix 25, COOP 25, Industrial 25, Plessey, MSI Plessey, Code 11, Code 93, Code 49, Code 16K.</td></tr>
<tr><td>2D</td><td>All major 2D symbologies, including PDF417, QR Code, Data Matrix, Micro PDF417, Micro QR.</td></tr>
<tr><td>Depth of Field EAN 13 (13mil)</td><td>0 mm - 140 mm</td></tr>
<tr><td>Field of View Horizontal</td><td>42.4°</td></tr>
<tr><td>Field of View Vertical</td><td>36°</td></tr>
<tr><td>Illumination</td><td>Red LED (614nm-624nm)</td></tr>
<tr><td>Image Sensor</td><td>1280 x 1088 CMOS</td></tr>
<tr><td>Minimal Print Contrast</td><td>>15%</td></tr>
<tr><td>Motion Tolerance</td><td>3.5 m/s</td></tr>
<tr><td>Scan Angle Pitch</td><td>±55°</td></tr>
<tr><td>Scan Angle Roll</td><td>360°</td></tr>
<tr><td>Scan Angle Skew</td><td>±50°</td></tr>
<tr><td>Scan Modes</td><td>Advanced Sense Mode</td></tr>
<tr><td>Current @ 5VDC Operating</td><td>400 mA (typical)</td></tr>
<tr><td>Current @ 5VDC Standby</td><td><100 mA</td></tr>
<tr><td>Dimensions</td><td>Without base: 151 (W) x 141.5 (H) x 97.5 (D) mm, With base: 151 (W) x 156.5 (H) x 108.5 (D) mm</td></tr>
<tr><td>Input Voltage</td><td>5 VDC ±5%</td></tr>
<tr><td>Interfaces</td><td>USB, RS-232</td></tr>
<tr><td>Notifications</td><td>Beep, LED</td></tr>
<tr><td>Power Consumption</td><td>2W (typical), 2.5W (max.)</td></tr>
<tr><td>Weight</td><td>Without base: 542 g, With base: 678 g</td></tr>
<tr><td>Electro Static Discharge (ESD)</td><td>±8 kV (direct discharge), ±15 kV (air discharge)</td></tr>
<tr><td>Humidity</td><td>5% to 95% (non-condensing)</td></tr>
<tr><td>IP Rating</td><td>IP52</td></tr>
<tr><td>Operating Temperature</td><td>-20°C to 50°C (-4°F to 122°F)</td></tr>
<tr><td>Storage Temperature</td><td>-40°C to 70°C (-40°F to 158°F)</td></tr>
<tr><td>Configuration Tools</td><td>EasySet</td></tr>
<tr><td>Warranty Standard</td><td>5 Years</td></tr>
<tr><td>Accessories Optional</td><td>USB cable, USB-C cable, Multiplug adapter, RS-232 cable</td></tr>
<tr><td>Accessories Standard</td><td>USB cable, Multiplug adapter</td></tr>
<tr><td>NLS-FR8080-20</td><td>FR80 Salmon 2D CMOS Mega Pixel Large window vertical desktop scanner with ""L"" mounting bracket, 3 mtr USB cable and multiplug adapter.</td></tr>
<tr><td>Part Number</td><td>Description</td></tr>
</tbody>
</table>",,,,,,,,
https://www.newland-id.com/en/products/industrial-fixed-mount-scanners/fm515-v,industrial-fixed-mount-scanners,Newland,,,FM515-V,FM515-V,https://www.newland-id.com/datasheets/215/fm515-v.pdf,https://newlandemea.katanapim.com/content/images/thumbs/000/0000045_fm515-v.png,"The FM515-V fixed-mount scanner blends perfectly into your laboratory layout. It ensures error-free scanning of 1D barcodes thanks to its wide scan angle and 180 mm decoding range. Available in both horizontal and vertical configurations, the FM515 Series allows you to choose what is best for your particular application.","1D: All major 1D symbologies
Beam Exit: Scan window with lateral beam exit
Depth of Field: 25 mm - 180 mm",,,,"<table class=""Table_Products_Style"">
<thead>
<tr>
<th>Thông số kỹ thuật</th>
<th>Chi tiết</th>
</tr>
</thead>
<tbody>
<tr><td>1D</td><td>All major 1D symbologies</td></tr>
<tr><td>Beam Exit</td><td>Scan window with lateral beam exit</td></tr>
<tr><td>Depth of Field</td><td>25 mm - 180 mm</td></tr>
<tr><td>Field of View Vertical</td><td>68˚</td></tr>
<tr><td>Illumination</td><td>Red LED (615nm)</td></tr>
<tr><td>Image Sensor</td><td>2500 CCD</td></tr>
<tr><td>Minimal Print Contrast</td><td>25%</td></tr>
<tr><td>Resolution</td><td>≥6mil</td></tr>
<tr><td>Scan Rate</td><td>780 scans per second</td></tr>
<tr><td>Current @ 24VDC Operating</td><td>150 mA RMS (typical); 250 mA (max)</td></tr>
<tr><td>Current @ 5VDC Operating</td><td>737 mA RMS (typical); 870 mA (max)</td></tr>
<tr><td>Dimensions</td><td>62.5(W) × 57(D) × 21.5(H) mm</td></tr>
<tr><td>Housing</td><td>Aluminium</td></tr>
<tr><td>Input Voltage</td><td>5-24 VDC ±5%</td></tr>
<tr><td>Interfaces</td><td>RS-232</td></tr>
<tr><td>Notifications</td><td>Status indicator</td></tr>
<tr><td>Power Consumption</td><td>< 4W</td></tr>
<tr><td>Weight</td><td>166 g</td></tr>
<tr><td>Ambient Light</td><td>≤5000 lux</td></tr>
<tr><td>Humidity</td><td>5% to 95% (non-condensing)</td></tr>
<tr><td>IP Rating</td><td>IP54</td></tr>
<tr><td>Operating Temperature</td><td>0°C to 50°C (32°F to 122°F)</td></tr>
<tr><td>Storage Temperature</td><td>-40°C to 70°C (-40°F to 158°F)</td></tr>
<tr><td>Configuration Tools</td><td>EasySet</td></tr>
<tr><td>Certifications Hardware</td><td>FCC, RoHS 2.0, IEC 62471, CE, UL</td></tr>
<tr><td>Warranty Standard</td><td>2 Years</td></tr>
<tr><td>Part Number</td><td>Description</td></tr>
<tr><td>NLS-FM515-V-AR-R20</td><td>1D fixed mount IVD scanner, IP54, 5-24vdc, RS232, 2M Scattered Wire cable,780 S/S, 68? FOV, Lateral beam exit, 25-180mm read range.</td></tr>
</tbody>
</table>",,,,,,,,
https://www.newland-id.com/en/products/mobile-computers/mt90-orca-pro,mobile-computers,Newland,,,MT90,MT90 Orca Pro,https://www.newland-id.com/datasheets/214/mt90-orca-pro.pdf,https://newlandemea.katanapim.com/content/images/thumbs/000/0000358_mt90_orca_pro_4.png,"Designed and built to go the extra mile, the MT90 Orca Pro offers the very best of our Orca series. As the flagship series’ Pro label, it sports high-end features, such as Android 10 OS, a Qualcomm processor and Android Enterprise Recommended (AER) status, ensuring top support and management. These features come in addition to everything you know and love from the Orca Series.","Part Number: Description
NLS-MT9084-AER-2WE: MT90 Orca Pro Mobile Computer with 5” Touch Screen, 2D CMOS Mega Pixel imager with Laser Aimer, BT, WiFi, 4G, GPS, NFC, Camera. Incl. USB cable, battery, rubber boot and multi plug adapter. OS: Android 10 GMS (AER)",,,,"<table class=""Table_Products_Style"">
<thead>
<tr>
<th>Thông số kỹ thuật</th>
<th>Chi tiết</th>
</tr>
</thead>
<tbody>
<tr><td>Part Number</td><td>Description</td></tr>
<tr><td>NLS-MT9084-AER-2WE</td><td>MT90 Orca Pro Mobile Computer with 5” Touch Screen, 2D CMOS Mega Pixel imager with Laser Aimer, BT, WiFi, 4G, GPS, NFC, Camera. Incl. USB cable, battery, rubber boot and multi plug adapter. OS: Android 10 GMS (AER)</td></tr>
</tbody>
</table>",,,,,,,,
https://www.newland-id.com/en/products/touch-panel-computers/nquire-350-skate,touch-panel-computers,Newland,,,NQuire 350 Skate,NQuire 350 Skate,https://www.newland-id.com/datasheets/213/nquire-350-skate.pdf,https://newlandemea.katanapim.com/content/images/thumbs/000/0000371_nquire_350_skate_1.png,"The NQuire 350 Skate packs upgraded features including Android 7.1 OS, 2D megapixel imager and Newland’s free MDM Ndevor. Its new black housing adds a contemporary feel that easily blends into your self service environment.","Part Number: Description
NLS-NQUIRE351PRW-7C: NQuire 351 Skate Customer information terminal with 4.3"" Touch Screen, 2D CMOS engine, BT, Wi-Fi, POE, NFC. Incl. wall mount bracket and multiplug adapter. OS: Android 7.1
1D: All major 1D symbologies",,,,"<table class=""Table_Products_Style"">
<thead>
<tr>
<th>Thông số kỹ thuật</th>
<th>Chi tiết</th>
</tr>
</thead>
<tbody>
<tr><td>Part Number</td><td>Description</td></tr>
<tr><td>NLS-NQUIRE351PRW-7C</td><td>NQuire 351 Skate Customer information terminal with 4.3"" Touch Screen, 2D CMOS engine, BT, Wi-Fi, POE, NFC. Incl. wall mount bracket and multiplug adapter. OS: Android 7.1</td></tr>
<tr><td>1D</td><td>All major 1D symbologies</td></tr>
<tr><td>2D</td><td>All major 2D symbologies</td></tr>
<tr><td>Aiming</td><td>Laser diode (625±10nm)</td></tr>
<tr><td>Illumination</td><td>White LED (625±10nm)</td></tr>
<tr><td>Image Sensor</td><td>1280 x 800 CMOS</td></tr>
<tr><td>Scan Modes</td><td>Sense Mode</td></tr>
<tr><td>Scan Rate</td><td>60 frames per second</td></tr>
<tr><td>Current Operating System</td><td>Android 7.1</td></tr>
<tr><td>Memory Flash</td><td>8GB</td></tr>
<tr><td>Memory RAM</td><td>2GB</td></tr>
<tr><td>Memory Storage Expansion (max.)</td><td>Micro SD up to 128GB</td></tr>
<tr><td>Processor</td><td>1.5 GHz octa-core</td></tr>
<tr><td>Audio</td><td>88dB (850Hz to 20KHz) dual-channel stereo sound</td></tr>
<tr><td>Dimensions</td><td>140(W) x 139.5(D) x 61(H) mm</td></tr>
<tr><td>Display/Touch Panel</td><td>4.3"" (480 x 272) TFT LCD Display, Capacitive touchscreen</td></tr>
<tr><td>Expansion Slot</td><td>Micro SD up to 128GB</td></tr>
<tr><td>Interfaces</td><td>USB 2.0, GPIO</td></tr>
<tr><td>Power Consumption</td><td>6 W</td></tr>
<tr><td>Power over Ethernet</td><td>802.3 af</td></tr>
<tr><td>Power Supply Input</td><td>AC 110 to 220 V (50 to 60 Hz)</td></tr>
<tr><td>Power Supply Output</td><td>DC12 V, 2 A</td></tr>
<tr><td>Touch Panel</td><td>Capacitive touchscreen</td></tr>
<tr><td>VESA standard</td><td>Complies with standard 75 braket, enabling easy mounting on shelves and walls</td></tr>
<tr><td>Weight</td><td>403 g</td></tr>
<tr><td>RFID</td><td>ISO/IEC 14443 A/B ISO/IEC 15693; MIFARE 1K/4K; MIFARE DESFire; Sony FeliCa</td></tr>
<tr><td>WLAN RADIO</td><td>IEEE 802.11a/b/g/n/ac</td></tr>
<tr><td>WPAN RADIO</td><td>Bluetooth 4.0 LE</td></tr>
<tr><td>Humidity</td><td>Operating: 5% to 90% (non-condensing), Storage: 5% to 95% (non-condensing)</td></tr>
<tr><td>Operating Temperature</td><td>-10°C to 50°C (14°F to 122°F)</td></tr>
<tr><td>Storage Temperature</td><td>-20°C to 60°C (-4°F to 140°F)</td></tr>
<tr><td>Configuration Tools</td><td>Ndevor</td></tr>
<tr><td>MDM (certified)</td><td>Ndevor, SOTI</td></tr>
<tr><td>Warranty Standard</td><td>2 Years</td></tr>
</tbody>
</table>",,,,,,,,
https://www.newland-id.com/en/products/scan-engines/em50s-10,scan-engines,Newland,,,EM50S-10,EM50S-10,https://www.newland-id.com/datasheets/212/em50s-10.pdf,https://newlandemea.katanapim.com/content/images/thumbs/000/0000428_em50s-10-1.png,"The EM50S offers you high-end performance in high-demand situations. This megapixel engine scans even the most complicated codes with convincing ease, including OCR, high-density, dual barcodes and DotCode. In dark or low-light conditions, it uses Automatic Exposure Control (AEC) to automatically adjust for high-contrast images. The result is a reliable engine no matter what you throw at it.","1D: All major 1D symbologies, including Code 11, Code 128, Code 39, GS1 128 (UCC/EAN-128), AMI 128, Codabar, ISBT 128, Code 93, UPC-A, UPC-E, Coupon, GS1 Composite, EAN-13, EAN-8, ISSN, ISBN, Interleaved 2 of 5, Matrix 2 of 5, ITF14, ITF6, Industrial 25, Standard 25, China Post 25, MSI Plessey, Plessey, GS1 Databar (RSS), Code 49, Code 16K.
2D: All major 2D symbologies, including PDF417, QR Code, Micro QR, Data Matrix, Aztec, MaxiCode, GM Code, Chinese Sensible Code, MicroPDF417, Code One
Aiming: Laser diode (650nm)",,,,"<table class=""Table_Products_Style"">
<thead>
<tr>
<th>Thông số kỹ thuật</th>
<th>Chi tiết</th>
</tr>
</thead>
<tbody>
<tr><td>1D</td><td>All major 1D symbologies, including Code 11, Code 128, Code 39, GS1 128 (UCC/EAN-128), AMI 128, Codabar, ISBT 128, Code 93, UPC-A, UPC-E, Coupon, GS1 Composite, EAN-13, EAN-8, ISSN, ISBN, Interleaved 2 of 5, Matrix 2 of 5, ITF14, ITF6, Industrial 25, Standard 25, China Post 25, MSI Plessey, Plessey, GS1 Databar (RSS), Code 49, Code 16K.</td></tr>
<tr><td>2D</td><td>All major 2D symbologies, including PDF417, QR Code, Micro QR, Data Matrix, Aztec, MaxiCode, GM Code, Chinese Sensible Code, MicroPDF417, Code One</td></tr>
<tr><td>Aiming</td><td>Laser diode (650nm)</td></tr>
<tr><td>Depth of Field Code 39 (5mil)</td><td>90 mm - 265 mm</td></tr>
<tr><td>Depth of Field DataMatrix (10mil)</td><td>65 mm - 215 mm</td></tr>
<tr><td>Depth of Field EAN 13 (13mil)</td><td>70 mm - 500 mm</td></tr>
<tr><td>Depth of Field PDF417 (6.67mil)</td><td>70 mm - 225 mm</td></tr>
<tr><td>Depth of Field QR (15mil)</td><td>40 mm - 295 mm</td></tr>
<tr><td>Field of View Horizontal</td><td>42°</td></tr>
<tr><td>Field of View Vertical</td><td>28°</td></tr>
<tr><td>Illumination</td><td>White LED</td></tr>
<tr><td>Image Sensor</td><td>1280 x 800 CMOS</td></tr>
<tr><td>Minimal Print Contrast</td><td>25%</td></tr>
<tr><td>Scan Angle Pitch</td><td>±60°</td></tr>
<tr><td>Scan Angle Roll</td><td>360°</td></tr>
<tr><td>Scan Angle Skew</td><td>±60°</td></tr>
<tr><td>Current @ 3.3VDC Operating</td><td>269 mA (RMS typical), 399 mA (RMS max)</td></tr>
<tr><td>Current @ 3.3VDC Standby</td><td>< 70 mA</td></tr>
<tr><td>Dimensions</td><td>21.7(W) x 14.7(D) x 11.9(H) mm</td></tr>
<tr><td>Input Voltage</td><td>3.3 VDC ±5%</td></tr>
<tr><td>Power Consumption</td><td>888 mW (typical)</td></tr>
<tr><td>Weight</td><td>3.9 g</td></tr>
<tr><td>Humidity</td><td>5% to 95% (non-condensing)</td></tr>
<tr><td>Operating Temperature</td><td>-20°C to 60°C (-4°F to 140°F)</td></tr>
<tr><td>Storage Temperature</td><td>-40°C to 70°C (-40°F to 158°F)</td></tr>
<tr><td>Configuration Tools</td><td>EasySet</td></tr>
<tr><td>Certifications Hardware</td><td>CE EMC Class B, FCC Part15 Class B, RoHS</td></tr>
<tr><td>Warranty Standard</td><td>2 Years</td></tr>
<tr><td>Accessories Optional</td><td>USB cable, RS-232 cable, Adapter, Software development board</td></tr>
<tr><td>Accessories Standard</td><td>75mm flexible flat cable (FFC)</td></tr>
<tr><td>Part Number</td><td>Description</td></tr>
<tr><td>NLS-EM50S-10</td><td>2D CMOS Area Imager, Superior, Megapixel CMOS 1280 x 800 , All-in-one, Processor, TTL-232/USB interface with FFC (flexible flat cable), white Illumination, Laser Aimer, small footprint</td></tr>
</tbody>
</table>",,,,,,,,
https://www.newland-id.com/en/products/mobile-computers/sd60-pegasus,mobile-computers,Newland,,,SD60,SD60 Pegasus,https://www.newland-id.com/datasheets/211/sd60-pegasus.pdf,https://newlandemea.katanapim.com/content/images/thumbs/000/0000160_sd60_pegasus_1.png,Get ready to lift your mobile scanning activities to a higher level with the SD60 Pegasus Android Mobile Computer. Its large 6 inch touch screen makes it simple to view data collection on the go.,"Part Number: Description
SD60-C: 6” Mobile computer 2Ghz 4GB/64GB, 2D CMOS imager with Laser Aimer, BT, WiFi, 4G, GPS, NFC, Camera (OS Android 8.1). Incl USB cable, charging cradle and multi plug adapter.
1D: Auspost, Bpo, Canpost, Codabar, Code11, Code128, Code32, Code39, Code93, Dutchpost, Ean13, Ean8, Ean128, Int25, Isbt, Iata25, Japost, Msi, Ocr, Planet, Postnet, Strt25, Tlc39, Trioptic, Upca, and Upce",,,,"<table class=""Table_Products_Style"">
<thead>
<tr>
<th>Thông số kỹ thuật</th>
<th>Chi tiết</th>
</tr>
</thead>
<tbody>
<tr><td>Part Number</td><td>Description</td></tr>
<tr><td>SD60-C</td><td>6” Mobile computer 2Ghz 4GB/64GB, 2D CMOS imager with Laser Aimer, BT, WiFi, 4G, GPS, NFC, Camera (OS Android 8.1). Incl USB cable, charging cradle and multi plug adapter.</td></tr>
<tr><td>1D</td><td>Auspost, Bpo, Canpost, Codabar, Code11, Code128, Code32, Code39, Code93, Dutchpost, Ean13, Ean8, Ean128, Int25, Isbt, Iata25, Japost, Msi, Ocr, Planet, Postnet, Strt25, Tlc39, Trioptic, Upca, and Upce</td></tr>
<tr><td>2D</td><td>Aztec, Codablock, Code49, Composite, Datamatrix, Maxicode, Micropdf, Pdf417, Qr, and Rss</td></tr>
<tr><td>Current Operating System</td><td>Android 8.1</td></tr>
<tr><td>Memory Flash</td><td>64GB</td></tr>
<tr><td>Memory RAM</td><td>4GB</td></tr>
<tr><td>Processor</td><td>2.0 GHz octa-core</td></tr>
<tr><td>Audio</td><td>Front dual stereo speakers, Volume 90db±3db (test distance 10cm)</td></tr>
<tr><td>Battery Type</td><td>6000 mAh</td></tr>
<tr><td>Buttons</td><td>Volume keys, function keys (1 left, 1 right), power key</td></tr>
<tr><td>Dimensions</td><td>160(W) x 80(D) x 15.8(H) mm</td></tr>
<tr><td>Display/Touch Panel</td><td>6.0” (2160 x 1080) IPS HD touch screen, 5 points capacitive touchscreen</td></tr>
<tr><td>Expansion Slot</td><td>Micro SD card slot</td></tr>
<tr><td>Expected Charge Time</td><td>PE fast charge, full charge time < 4h</td></tr>
<tr><td>Front camera</td><td>5 MP</td></tr>
<tr><td>Interfaces</td><td>USB-C</td></tr>
<tr><td>Keypad</td><td>5 keys</td></tr>
<tr><td>Notifications</td><td>LED, Vibration, Sound</td></tr>
<tr><td>Rear camera</td><td>13 MP, Auto focus, High brightness LED flash</td></tr>
<tr><td>Sensors</td><td>G-sensor, Proximity sensor, COMPASS, Ambient light sensor</td></tr>
<tr><td>SIM/TF</td><td>2 Nano SIM card slots</td></tr>
<tr><td>Touch Panel</td><td>5 points capacitive touchscreen</td></tr>
<tr><td>Weight</td><td>300 g (with battery)</td></tr>
<tr><td>GPS</td><td>GPS, BD, GLONASS</td></tr>
<tr><td>NFC</td><td>ISO14443A/B, 15015693, NFC Reading distance: 0 to 5cm</td></tr>
<tr><td>WLAN RADIO</td><td>IEEE 802.11 a/b/g/n 2.4G 5G dual frequency</td></tr>
<tr><td>WPAN RADIO</td><td>Bluetooth 4.1 BLE</td></tr>
<tr><td>WWAN RADIO</td><td>FDD-LTE B1/B3/B5/B7/B8, TDD-LTE B38/B39/B40/B41, TDSCDMA B34/B39, WCDMA B1/B2/B5/B8, GSM B2/B3/B5/B8, CDMA1x/CDMA2000 BC0/BC1</td></tr>
<tr><td>Drop</td><td>1.2 meters drop to concrete floor</td></tr>
<tr><td>Electro Static Discharge (ESD)</td><td>±8 kV (contact discharge), ±15 kV (air discharge)</td></tr>
<tr><td>Humidity</td><td>5% to 95%</td></tr>
<tr><td>IP Rating</td><td>IP65</td></tr>
<tr><td>Operating Temperature</td><td>-20°C to 55°C (-4°F to 131°F)</td></tr>
<tr><td>Storage Temperature</td><td>-30°C to 70°C (-22°F to 158°F)</td></tr>
<tr><td>Certifications Hardware</td><td>CCC, CTA, CE</td></tr>
<tr><td>Warranty Standard</td><td>2 Years</td></tr>
</tbody>
</table>",,,,,,,,
https://www.newland-id.com/en/products/general-purpose-handheld-scanners/bs80-piranha-ii-2d,general-purpose-handheld-scanners,Newland,,,Bs80,BS80 Piranha II 2D,https://www.newland-id.com/datasheets/210/bs80-piranha-ii-2d.pdf,https://newlandemea.katanapim.com/content/images/thumbs/000/0000029_bs80-piranha-ii-2d.png,"The BS80 Piranha II is a snappy, small and portable barcode scanner, providing the convenience of always having a scanner at your fingertips. Dimensions of 88 x 46 x 24.5 mm make it small enough to fit into your pocket and light enough to carry around all day. Despite its small size, the Piranha II maintains an excellent performance, seamlessly scanning major 1D and 2D barcodes.","1D: All major 1D symbologies, including Code 128, EAN-13, EAN-8, Code 39, UPC-A, UPC-E, Codabar, ISSN, Interleaved 2 of 5, ISBN, Code 93, UCC/EAN-128, GS1 Databar, etc.
2D: All major 2D symbologies, including PDF417, QR Code, Data Matrix, etc.
Depth of Field Code 128 (10mil): 38 mm - 411 mm",,,,"<table class=""Table_Products_Style"">
<thead>
<tr>
<th>Thông số kỹ thuật</th>
<th>Chi tiết</th>
</tr>
</thead>
<tbody>
<tr><td>1D</td><td>All major 1D symbologies, including Code 128, EAN-13, EAN-8, Code 39, UPC-A, UPC-E, Codabar, ISSN, Interleaved 2 of 5, ISBN, Code 93, UCC/EAN-128, GS1 Databar, etc.</td></tr>
<tr><td>2D</td><td>All major 2D symbologies, including PDF417, QR Code, Data Matrix, etc.</td></tr>
<tr><td>Depth of Field Code 128 (10mil)</td><td>38 mm - 411 mm</td></tr>
<tr><td>Depth of Field Code 39 (5mil)</td><td>65 mm - 260 mm</td></tr>
<tr><td>Depth of Field DataMatrix (10mil)</td><td>40 mm - 250 mm</td></tr>
<tr><td>Depth of Field EAN 13 (13mil)</td><td>50 mm - 540 mm</td></tr>
<tr><td>Depth of Field QR (15mil)</td><td>20 mm - 320 mm</td></tr>
<tr><td>Image Sensor</td><td>1280 x 800 CMOS</td></tr>
<tr><td>Minimal Print Contrast</td><td>20%</td></tr>
<tr><td>Resolution</td><td>≥5mil</td></tr>
<tr><td>Scan Angle Pitch</td><td>±60°</td></tr>
<tr><td>Scan Angle Roll</td><td>360°</td></tr>
<tr><td>Scan Angle Skew</td><td>±60°</td></tr>
<tr><td>Battery Type</td><td>3.7 V, 900 mA, Rechargeable Li-ion battery</td></tr>
<tr><td>Current @ 5VDC Operating</td><td>280 mA (Bluetooth is on)</td></tr>
<tr><td>Current @ 5VDC Standby</td><td>11 mA</td></tr>
<tr><td>Dimensions</td><td>88(W) × 46(D) × 24.5(H) mm</td></tr>
<tr><td>Expected Battery Life</td><td>5 hours of continuous operation (scan once per 6s)</td></tr>
<tr><td>Interfaces</td><td>USB-C</td></tr>
<tr><td>Notifications</td><td>Beep, LED, Vibration</td></tr>
<tr><td>Weight</td><td>63 g</td></tr>
<tr><td>Radio Technology</td><td>2.4 - 2.5 GHz ISM band, compatible with Bluetooth 4.0/3.0/2.1+EDR</td></tr>
<tr><td>Wireless Distance ( max.)</td><td>50 m (open space)</td></tr>
<tr><td>Charge Temperature</td><td>0°C to 45°C (32°F to 113°F)</td></tr>
<tr><td>Drop</td><td>1.2 m</td></tr>
<tr><td>Electro Static Discharge (ESD)</td><td>±12 kV (air discharge), ±4 kV (direct discharge)</td></tr>
<tr><td>Humidity</td><td>5% to 95% (non-condensing)</td></tr>
<tr><td>IP Rating</td><td>IP42</td></tr>
<tr><td>Operating Temperature</td><td>-20°C to 50°C (-4°F to 122°F)</td></tr>
<tr><td>Storage Temperature</td><td>-40°C to 70°C (-40°F to 158°F)</td></tr>
<tr><td>Configuration Tools</td><td>EasySet</td></tr>
<tr><td>Certifications Hardware</td><td>FCC, CE RED, IEC 60825, IEC 62471, RoHS, CE UK, TELEC</td></tr>
<tr><td>Comprehensive Service Contract</td><td>3 Years, 5 Years</td></tr>
<tr><td>Warranty Extension</td><td>+2 Years</td></tr>
<tr><td>Warranty Standard</td><td>3 Years</td></tr>
<tr><td>Accessories Optional</td><td>Charging cradle, Fast charging power adapter</td></tr>
<tr><td>Accessories Standard</td><td>USB-C cable</td></tr>
<tr><td>NLS-BS8080-2D</td><td>BS80 Piranha II 2D CMOS Bluetooth scanner, reads both 1D and 2D barcodes. Supports Apple iOS, Android & Windows devices. Compatible with Bluetooth 4.0/3.0/2.1+EDR up to 50 mtr. 1MB memory. USB-C cable included.</td></tr>
<tr><td>Part Number</td><td>Description</td></tr>
</tbody>
</table>",,,,,,,,
https://www.newland-id.com/en/products/mobile-computers/ht35-leo-ii,mobile-computers,Newland,,,HT35,HT35 Leo II,https://www.newland-id.com/datasheets/209/ht35-leo-ii.pdf,https://newlandemea.katanapim.com/content/images/thumbs/000/0000319_ht35_leo_ii_1.png,"Embodying the ‘less is more’ motto, the HT35 Leo II is a reliable mobile scanning solution that suits every type of budget. Its ergonomic design and keyboard fit right at home in your warehouse or as part of your logistical process.","Part Number: Description
SD-HT35-W4: HT35 Leo II 4” Mobile computer 2Ghz 3GB/32GB, 2D CMOS imager (CM60), BT, WiFi, 4G, GPS, NFC and Camera. Incl. USB cable, charging cradle (incl. SD-ADP004), Hand Strap, Pistol Grip and multiplug adapter (SD-ADP003). OS: Android 11
1D: All major 1D symbologies",,,,"<table class=""Table_Products_Style"">
<thead>
<tr>
<th>Thông số kỹ thuật</th>
<th>Chi tiết</th>
</tr>
</thead>
<tbody>
<tr><td>Part Number</td><td>Description</td></tr>
<tr><td>SD-HT35-W4</td><td>HT35 Leo II 4” Mobile computer 2Ghz 3GB/32GB, 2D CMOS imager (CM60), BT, WiFi, 4G, GPS, NFC and Camera. Incl. USB cable, charging cradle (incl. SD-ADP004), Hand Strap, Pistol Grip and multiplug adapter (SD-ADP003). OS: Android 11</td></tr>
<tr><td>1D</td><td>All major 1D symbologies</td></tr>
<tr><td>2D</td><td>All major 2D symbologies</td></tr>
<tr><td>Current Operating System</td><td>Android 11</td></tr>
<tr><td>Memory Flash</td><td>32GB</td></tr>
<tr><td>Memory RAM</td><td>3GB</td></tr>
<tr><td>Memory Storage Expansion (max.)</td><td>Micro SD card slot up to 256GB</td></tr>
<tr><td>Processor</td><td>2.2 GHz octa-core</td></tr>
<tr><td>Audio</td><td>Front dual stereo speakers, Volume 90db±3db (test distance 10cm)</td></tr>
<tr><td>Battery Type</td><td>7.4 V, 19.24 Wh</td></tr>
<tr><td>Buttons</td><td>Power, scan keys, volume +/-</td></tr>
<tr><td>Dimensions</td><td>196.4(W) x 74.8(D) x 26.8(H) mm</td></tr>
<tr><td>Display/Touch Panel</td><td>4"" (800 x 480), IPS highlight screen, 5 points capacitive touchscreen</td></tr>
<tr><td>Expansion Slot</td><td>Micro SD card slot up to 256GB</td></tr>
<tr><td>Expected Charge Time</td><td>PE fast charging, full charge time < 4h</td></tr>
<tr><td>Interfaces</td><td>Pogo pins, USB-C, OTG</td></tr>
<tr><td>Keypad</td><td>40 keys</td></tr>
<tr><td>Notifications</td><td>LED, Vibration, Sound</td></tr>
<tr><td>Sensors</td><td>Proximity sensor, Acceleration sensor, Light sensor</td></tr>
<tr><td>SIM/TF</td><td>Nano SIM card slot *2</td></tr>
<tr><td>Touch Panel</td><td>5 points capacitive touchscreen</td></tr>
<tr><td>Weight</td><td>350 g (including battery)</td></tr>
<tr><td>GPS</td><td>GPS, BD, GLONASS</td></tr>
<tr><td>WLAN RADIO</td><td>IEEE 802.11 a/b/g/n/ac 2.4G/5G dual band; supports fast roaming</td></tr>
<tr><td>WPAN RADIO</td><td>Bluetooth 5.0 BLE</td></tr>
<tr><td>WWAN RADIO</td><td>FDD LTE B1/B3/B5/B7/B8; TDD LTE B38/B39/B40/B41; WCDMA B1/B2/B5/B8; GSM B2/B3/B5/B8; CDMA1x/CDMA2000 BC0/BC1</td></tr>
<tr><td>Drop</td><td>1.5 meter drop to marble</td></tr>
<tr><td>Electro Static Discharge (ESD)</td><td>±8 kV (contact discharge), ±16 kV (air discharge)</td></tr>
<tr><td>Humidity</td><td>5% to 95% (non-condensing)</td></tr>
<tr><td>IP Rating</td><td>IP65</td></tr>
<tr><td>Operating Temperature</td><td>-20°C to 55°C (-4°F to 131°F)</td></tr>
<tr><td>Storage Temperature</td><td>-30°C to 70°C (-22°F to 158°F)</td></tr>
<tr><td>Certifications Hardware</td><td>FCC, CCC, CTA, CE</td></tr>
<tr><td>Warranty Standard</td><td>2 Years</td></tr>
</tbody>
</table>",,,,,,,,
https://www.newland-id.com/en/products/mobile-computers/sd60-pegasus-ii,mobile-computers,Newland,,,SD60,SD60 Pegasus II,https://www.newland-id.com/datasheets/208/sd60-pegasus-ii.pdf,https://newlandemea.katanapim.com/content/images/thumbs/000/0000160_sd60_pegasus_1.png,Get ready to lift your mobile scanning activities to a higher level with the SD60 Pegasus II Android Mobile Computer. Its large 6 inch touch screen makes it simple to view data collection on the go.,"Part Number: Description
SD60II-C: 6” Mobile computer 2Ghz 4GB/64GB, 2D CMOS imager with Laser Aimer, BT, WiFi, 4G, GPS, NFC, Camera (OS Android 11). Incl USB cable, charging cradle and multi plug adapter.
1D: Auspost, Bpo, Canpost, Codabar, Code11, Code128, Code32, Code39, Code93, Dutchpost, Ean13, Ean8, Ean128, Int25, Isbt, Iata25, Japost, Msi, Ocr, Planet, Postnet, Strt25, Tlc39, Trioptic, Upca, and Upce",,,,"<table class=""Table_Products_Style"">
<thead>
<tr>
<th>Thông số kỹ thuật</th>
<th>Chi tiết</th>
</tr>
</thead>
<tbody>
<tr><td>Part Number</td><td>Description</td></tr>
<tr><td>SD60II-C</td><td>6” Mobile computer 2Ghz 4GB/64GB, 2D CMOS imager with Laser Aimer, BT, WiFi, 4G, GPS, NFC, Camera (OS Android 11). Incl USB cable, charging cradle and multi plug adapter.</td></tr>
<tr><td>1D</td><td>Auspost, Bpo, Canpost, Codabar, Code11, Code128, Code32, Code39, Code93, Dutchpost, Ean13, Ean8, Ean128, Int25, Isbt, Iata25, Japost, Msi, Ocr, Planet, Postnet, Strt25, Tlc39, Trioptic, Upca, and Upce</td></tr>
<tr><td>2D</td><td>Aztec, Codablock, Code49, Composite, Datamatrix, Maxicode, Micropdf, Pdf417, Qr, and Rss</td></tr>
<tr><td>Current Operating System</td><td>Android 11</td></tr>
<tr><td>Memory Flash</td><td>64GB</td></tr>
<tr><td>Memory RAM</td><td>4GB</td></tr>
<tr><td>Processor</td><td>2.0 GHz octa-core</td></tr>
<tr><td>Audio</td><td>Front dual stereo speakers, Volume 90db±3db (test distance 10cm)</td></tr>
<tr><td>Battery Type</td><td>6000 mAh</td></tr>
<tr><td>Buttons</td><td>Volume keys, function keys (1 left, 1 right), power key</td></tr>
<tr><td>Dimensions</td><td>160(W) x 80(D) x 15.8(H) mm</td></tr>
<tr><td>Display/Touch Panel</td><td>6.0” (2160 x 1080) IPS HD touch screen, 5 points capacitive touchscreen</td></tr>
<tr><td>Expansion Slot</td><td>Micro SD card slot</td></tr>
<tr><td>Expected Charge Time</td><td>PE fast charge, full charge time < 4h</td></tr>
<tr><td>Front camera</td><td>5 MP</td></tr>
<tr><td>Interfaces</td><td>USB-C</td></tr>
<tr><td>Keypad</td><td>5 keys</td></tr>
<tr><td>Notifications</td><td>LED, Vibration, Sound</td></tr>
<tr><td>Rear camera</td><td>13 MP, Auto focus, High brightness LED flash</td></tr>
<tr><td>Sensors</td><td>G-sensor, Proximity sensor, COMPASS, Ambient light sensor</td></tr>
<tr><td>SIM/TF</td><td>2 Nano SIM card slots</td></tr>
<tr><td>Touch Panel</td><td>5 points capacitive touchscreen</td></tr>
<tr><td>Weight</td><td>300 g (with battery)</td></tr>
<tr><td>GPS</td><td>GPS, BD, GLONASS</td></tr>
<tr><td>NFC</td><td>ISO14443A/B, 15015693, NFC Reading distance: 0 to 5cm</td></tr>
<tr><td>WLAN RADIO</td><td>IEEE 802.11 a/b/g/n/ac 2.4G 5G dual frequency</td></tr>
<tr><td>WPAN RADIO</td><td>Bluetooth 5.0</td></tr>
<tr><td>WWAN RADIO</td><td>FDD-LTE B1/B3/B5/B7/B8, TDD-LTE B38/B39/B40/B41, TDSCDMA B34/B39, WCDMA B1/B2/B5/B8, GSM B2/B3/B5/B8, CDMA1x/CDMA2000 BC0/BC1</td></tr>
<tr><td>Drop</td><td>1.2 meters drop to concrete floor</td></tr>
<tr><td>Electro Static Discharge (ESD)</td><td>±8 kV (contact discharge), ±15 kV (air discharge)</td></tr>
<tr><td>Humidity</td><td>5% to 95%</td></tr>
<tr><td>IP Rating</td><td>IP65</td></tr>
<tr><td>Operating Temperature</td><td>-20°C to 55°C (-4°F to 131°F)</td></tr>
<tr><td>Storage Temperature</td><td>-30°C to 70°C (-22°F to 158°F)</td></tr>
<tr><td>Certifications Hardware</td><td>CCC, CTA, CE</td></tr>
<tr><td>Warranty Standard</td><td>2 Years</td></tr>
</tbody>
</table>",,,,,,,,
https://www.newland-id.com/en/products/industrial-fixed-mount-scanners/fm510-v,industrial-fixed-mount-scanners,Newland,,,FM510-V,FM510-V,https://www.newland-id.com/datasheets/207/fm510-v.pdf,https://newlandemea.katanapim.com/content/images/thumbs/000/0000050_fm510-v.png,"With its wide scan angle and close scanning range, the FM510-V can easily decode extended 1D barcodes, making it a perfect fixed-mount scanner for laboratory automation applications. Available in both horizontal and vertical configurations, it provides you with the versatility to tailor the device to your specific requirements.","1D: All major 1D symbologies
Beam Exit: Scan window with lateral beam exit
Depth of Field: 15 mm - 95 mm",,,,"<table class=""Table_Products_Style"">
<thead>
<tr>
<th>Thông số kỹ thuật</th>
<th>Chi tiết</th>
</tr>
</thead>
<tbody>
<tr><td>1D</td><td>All major 1D symbologies</td></tr>
<tr><td>Beam Exit</td><td>Scan window with lateral beam exit</td></tr>
<tr><td>Depth of Field</td><td>15 mm - 95 mm</td></tr>
<tr><td>Field of View Vertical</td><td>68˚</td></tr>
<tr><td>Illumination</td><td>Red LED (615nm)</td></tr>
<tr><td>Image Sensor</td><td>2500 CCD</td></tr>
<tr><td>Minimal Print Contrast</td><td>25%</td></tr>
<tr><td>Resolution</td><td>≥6mil</td></tr>
<tr><td>Scan Rate</td><td>780 scans per second</td></tr>
<tr><td>Current @ 24VDC Operating</td><td>117 mA RMS (typical); 250 mA (max)</td></tr>
<tr><td>Current @ 5VDC Operating</td><td>540 mA RMS (typical); 850 mA (max)</td></tr>
<tr><td>Dimensions</td><td>62.5(W) × 57(D) × 21.5(H) mm</td></tr>
<tr><td>Housing</td><td>Plastic</td></tr>
<tr><td>Input Voltage</td><td>5-24 VDC ±5%</td></tr>
<tr><td>Interfaces</td><td>RS-232</td></tr>
<tr><td>Notifications</td><td>LED</td></tr>
<tr><td>Power Consumption</td><td>< 3 W</td></tr>
<tr><td>Weight</td><td>120 g</td></tr>
<tr><td>Ambient Light</td><td>≤5000 lux</td></tr>
<tr><td>Humidity</td><td>5% to 95% (non-condensing)</td></tr>
<tr><td>IP Rating</td><td>IP54</td></tr>
<tr><td>Operating Temperature</td><td>0°C to 50°C (32°F to 122°F)</td></tr>
<tr><td>Storage Temperature</td><td>-40°C to 70°C (-40°F to 158°F)</td></tr>
<tr><td>Configuration Tools</td><td>EasySet</td></tr>
<tr><td>Certifications Hardware</td><td>FCC, IEC 62471, CE, UL, RoHS 2.1</td></tr>
<tr><td>Warranty Standard</td><td>2 Years</td></tr>
<tr><td>Part Number</td><td>Description</td></tr>
<tr><td>NLS-FM510-V-AR-R20</td><td>1D fixed mount IVD scanner, IP54, 5-24vdc, RS232, 2M Scattered Wire cable,780 S/S, 68? FOV, Lateral beam exit, 15-95 mm read range.</td></tr>
</tbody>
</table>",,,,,,,,
https://www.newland-id.com/en/products/wearables/wd3-badge-scanner,wearables,Newland,,,WD3 Badge Scanner,WD3 Badge Scanner,https://www.newland-id.com/datasheets/206/wd3-badge-scanner.pdf,https://newlandemea.katanapim.com/content/images/thumbs/000/0000102_wd3_badge_1.png,The WD3 is a feather-light badge scanner that packs high-performance in a compact yet sturdy design. You can use the scanner as a stand-alone device or wear it on a lanyard as a badge.,"1D: Code 11, Code 128, Code39, GS1-128, AIM 128, ISBT 128, Codabar, Code 93, UPC-A, UPC-E, Coupon, GS1 Composite, EAN-13, EAN-8, ISBN, ISSN, InterLeaved 2/5, Matrix 2/5, Industrial 2/5, ITF-14, ITF6, Standard 2/5, COOP 2/5, China Post 25, MSI Plessey, Plessey, GS1 Databar (RSS)
2D: PDF417, Micro PDF417, QR Code, Micro QR Code, Aztec, Data Matrix, Chinese Sensible Code, Maxicode, GM Code
Aiming: Laser (650nm)",,,,"<table class=""Table_Products_Style"">
<thead>
<tr>
<th>Thông số kỹ thuật</th>
<th>Chi tiết</th>
</tr>
</thead>
<tbody>
<tr><td>1D</td><td>Code 11, Code 128, Code39, GS1-128, AIM 128, ISBT 128, Codabar, Code 93, UPC-A, UPC-E, Coupon, GS1 Composite, EAN-13, EAN-8, ISBN, ISSN, InterLeaved 2/5, Matrix 2/5, Industrial 2/5, ITF-14, ITF6, Standard 2/5, COOP 2/5, China Post 25, MSI Plessey, Plessey, GS1 Databar (RSS)</td></tr>
<tr><td>2D</td><td>PDF417, Micro PDF417, QR Code, Micro QR Code, Aztec, Data Matrix, Chinese Sensible Code, Maxicode, GM Code</td></tr>
<tr><td>Aiming</td><td>Laser (650nm)</td></tr>
<tr><td>Depth of Field Code 39 (5mil)</td><td>120 mm - 330 mm</td></tr>
<tr><td>Depth of Field DataMatrix (10mil)</td><td>125 mm - 240 mm</td></tr>
<tr><td>Depth of Field EAN 13 (13mil)</td><td>65 mm - 550 mm</td></tr>
<tr><td>Depth of Field PDF417 (6.67mil)</td><td>120 mm - 240 mm</td></tr>
<tr><td>Depth of Field QR (15mil)</td><td>40 mm - 370 mm</td></tr>
<tr><td>Field of View Horizontal</td><td>40°</td></tr>
<tr><td>Field of View Vertical</td><td>25°</td></tr>
<tr><td>Illumination</td><td>White LED</td></tr>
<tr><td>Image Sensor</td><td>1280 x 800 CMOS</td></tr>
<tr><td>Minimal Print Contrast</td><td>>25%</td></tr>
<tr><td>Scan Angle Pitch</td><td>±55°</td></tr>
<tr><td>Scan Angle Roll</td><td>360°</td></tr>
<tr><td>Scan Angle Skew</td><td>±55°</td></tr>
<tr><td>Battery Type</td><td>300 mAh lithium-ion battery</td></tr>
<tr><td>Dimensions</td><td>110.8(W) x 62.3(D) x 10.6(H) mm</td></tr>
<tr><td>Expected Battery Life</td><td>Up to 8 hours (depending on the intensity of scanning applications)</td></tr>
<tr><td>Expected Charge Time</td><td>< 2 hours</td></tr>
<tr><td>Input Voltage</td><td>5 VDC ±5%</td></tr>
<tr><td>Interfaces</td><td>USB</td></tr>
<tr><td>Notifications</td><td>Beep, LED, Vibration</td></tr>
<tr><td>Weight</td><td>53 g</td></tr>
<tr><td>Communication Modes</td><td>Bluetooth HID, Bluetooth BLE</td></tr>
<tr><td>Radio Technology</td><td>Bluetooth 5.0</td></tr>
<tr><td>Wireless Distance ( max.)</td><td>30 m (in open space)</td></tr>
<tr><td>Charge Temperature</td><td>0°C to 45°C (32°F to 113°F)</td></tr>
<tr><td>Drop</td><td>1.2 m</td></tr>
<tr><td>Electro Static Discharge (ESD)</td><td>±6 kV (direct discharge), ±10 kV (air discharge)</td></tr>
<tr><td>Humidity</td><td>5% to 95% (non-condensing)</td></tr>
<tr><td>IP Rating</td><td>IP65</td></tr>
<tr><td>Operating Temperature</td><td>-20°C to 60°C (-4°F to 140°F)</td></tr>
<tr><td>Storage Temperature</td><td>-40°C to 70°C (-40°F to 158°F)</td></tr>
<tr><td>Configuration Tools</td><td>EasySet</td></tr>
<tr><td>Certifications Hardware</td><td>CE RED, IEC 62471, RoHS, SRRC, FCC IF</td></tr>
<tr><td>Warranty Standard</td><td>2 Years</td></tr>
<tr><td>Accessories Optional</td><td>Bluetooth BLE USB dongle</td></tr>
<tr><td>Accessories Standard</td><td>USB-C cable, Neck lanyard, Retractable belt clip</td></tr>
<tr><td>WD3-BS30</td><td>Wireless data collector. Flat design with 2D reader and BT 5.0. Includes neck lanyard, retractable belt clip and USB-C cable.</td></tr>
<tr><td>Part Number</td><td>Description</td></tr>
</tbody>
</table>",,,,,,,,
https://www.newland-id.com/en/products/mobile-computers/mt37-baiji,mobile-computers,Newland,,,MT37,MT37 Baiji,https://www.newland-id.com/datasheets/205/mt37-baiji.pdf,https://newlandemea.katanapim.com/content/images/thumbs/000/0000162_mt37_black_1.png,"Equipped with Newland’s 6th generation decoder chip, the MT37 Baiji can scan even damaged or poor quality barcodes with ease and speed. The special pre-licensed DCAPP software allows you to customize the MT37 Baiji to any required solution.","1D: All major 1D symbologies
2D: All major 2D symbologies
Aiming: Red LED diode",,,,"<table class=""Table_Products_Style"">
<thead>
<tr>
<th>Thông số kỹ thuật</th>
<th>Chi tiết</th>
</tr>
</thead>
<tbody>
<tr><td>1D</td><td>All major 1D symbologies</td></tr>
<tr><td>2D</td><td>All major 2D symbologies</td></tr>
<tr><td>Aiming</td><td>Red LED diode</td></tr>
<tr><td>Illumination</td><td>White LED (625±10nm)</td></tr>
<tr><td>Image Sensor</td><td>640 x 480 CMOS</td></tr>
<tr><td>Scan Modes</td><td>Trigger Mode</td></tr>
<tr><td>Scan Rate</td><td>60 frames per second</td></tr>
<tr><td>Current Operating System</td><td>Android 8.1 Go</td></tr>
<tr><td>Memory Flash</td><td>8GB</td></tr>
<tr><td>Memory RAM</td><td>1GB</td></tr>
<tr><td>Processor</td><td>1.8 GHz quad-core</td></tr>
<tr><td>Audio</td><td>Speaker, Microphone</td></tr>
<tr><td>Battery Type</td><td>3.8 V, 3300 mAh, non-removable</td></tr>
<tr><td>Dimensions</td><td>158(W) × 59(D) × 18.3(H) mm</td></tr>
<tr><td>Display/Touch Panel</td><td>2.8” (320 × 240), brightness: 250 nits, Capacitive touchscreen</td></tr>
<tr><td>Interfaces</td><td>USB-C</td></tr>
<tr><td>Keypad</td><td>24 keys</td></tr>
<tr><td>Notifications</td><td>Speaker, Vibration, Multi-color LEDs</td></tr>
<tr><td>SIM/TF</td><td>SIM-card</td></tr>
<tr><td>Weight</td><td>155 g (including battery)</td></tr>
<tr><td>RFID</td><td>13.56MHz RFID ISO14443A/B, MIFARE, FeliCa, NFC Forum Tags, ISO15693</td></tr>
<tr><td>WLAN RADIO</td><td>IEEE 802.11 a/b/g/n/ac, 2.4GHz and 5GHz</td></tr>
<tr><td>WPAN RADIO</td><td>Bluetooth 5.0 BLE</td></tr>
<tr><td>WWAN RADIO</td><td>2G: GSM: 850/900/1800/1900 MHz 3G: WCDMA: B1/B2/B5/B8; TD-SCDMA: B34/B39 4G: FDD-LTE: B1/B2/B3/B5/B8; TDD-LTE: B34/B38/B39/B40/B41</td></tr>
<tr><td>Drop</td><td>1.2m drops to concrete</td></tr>
<tr><td>Electro Static Discharge (ESD)</td><td>±8 kV (direct discharge), ±12 kV (air discharge)</td></tr>
<tr><td>Humidity</td><td>5% to 95% (non-condensing)</td></tr>
<tr><td>Operating Temperature</td><td>-20°C to 50°C (-4°F to 122°F)</td></tr>
<tr><td>Storage Temperature</td><td>-30°C to 60°C (-22°F to 140°F)</td></tr>
<tr><td>Android Roadmap</td><td>https://www.newland-id.com/en/support/android-roadmap-for-newland-devices/</td></tr>
<tr><td>Configuration Tools</td><td>Ndevor</td></tr>
<tr><td>Data Collection Software</td><td>Newland DCAPP by Kalipso</td></tr>
<tr><td>MDM (certified)</td><td>Ndevor</td></tr>
<tr><td>Comprehensive Service Contract</td><td>3 Years, 5 Years</td></tr>
<tr><td>Warranty Extension</td><td>+1 Year, +3 Years</td></tr>
<tr><td>Warranty Standard</td><td>2 Years</td></tr>
<tr><td>Accessories Optional</td><td>USB-C cable, Fast charging power adapter, Cig-plug adapter, Neck lanyard, Mounting strap for holster, Metal clip for holster, Rotating clip for holster</td></tr>
<tr><td>Accessories Standard</td><td>USB-C cable, Wrist strap</td></tr>
<tr><td>NLS-MT3752-W4</td><td>MT37 Baiji Mobile Computer with 2.8"" Touch Screen, 2D CMOS VGA imager with red LED Aimer (CM30), 1GB/8GB, BT, WiFi, 4G, GPS and NFC. Incl. wrist strap, USB-C cable and prelicensed Newland DCApp. OS: Android 8.1 Go GMS.</td></tr>
<tr><td>Part Number</td><td>Description</td></tr>
</tbody>
</table>",,,,,,,,
https://www.newland-id.com/en/products/peripherals/nls-ex232-01,peripherals,Newland,,,EX232,EX232 Remora,https://www.newland-id.com/datasheets/204/ex232-remora.pdf,https://newlandemea.katanapim.com/content/images/thumbs/000/0000074_ex232-remora-1.png,The EX232 Remora is a converter that enables Ethernet connectivity and power to our scanners with RS232 ports. Its compact case features rail-mount support for easy and cost-effective installation.,"Peripheral Basic Function: Bi-directional transparent data transmission between RS232/485/422 and Ethernet
Peripheral Type: Serial server
Dimensions: 88.7(W) × 72.5(D) × 24.2(H) mm",,,,"<table class=""Table_Products_Style"">
<thead>
<tr>
<th>Thông số kỹ thuật</th>
<th>Chi tiết</th>
</tr>
</thead>
<tbody>
<tr><td>Peripheral Basic Function</td><td>Bi-directional transparent data transmission between RS232/485/422 and Ethernet</td></tr>
<tr><td>Peripheral Type</td><td>Serial server</td></tr>
<tr><td>Dimensions</td><td>88.7(W) × 72.5(D) × 24.2(H) mm</td></tr>
<tr><td>Interfaces</td><td>RS-232, Ethernet, RS-485, RS-422</td></tr>
<tr><td>Isolation Protection</td><td>Power isolation, signal isolation</td></tr>
<tr><td>Power over Ethernet</td><td>Port or screw terminal</td></tr>
<tr><td>Power Supply Input</td><td>6 to 31 VDC, Outer diameter: 5.5mm, Inner diameter: 2.1mm</td></tr>
<tr><td>Humidity</td><td>5% to 95% (non-condensing)</td></tr>
<tr><td>Operating Temperature</td><td>-20°C to 60°C (-4°F to 140°F)</td></tr>
<tr><td>Communication Interface</td><td>Newland RS232 scanners: Powered via Pin 9 on DB9 connector. No additional need for an external scanner power supply. Baud : 300 ~ 115200 bps; Data bits : 5 ~ 9 bits; Flow control N/A</td></tr>
<tr><td>Ethernet</td><td>PoE network port, IEEE 802.3af standard. 10/100M auto-negotiation RJ45 connector, 2 KV surge protection</td></tr>
<tr><td>Software Protocols</td><td>ETHERNET, IP, TCP, UDP, HTTP, ARP, ICMP, DHCP, DNS. Web browser, device management Windows tool</td></tr>
<tr><td>Warranty Standard</td><td>1 Year</td></tr>
<tr><td>Part Number</td><td>Description</td></tr>
<tr><td>NLS-EX232-01</td><td>NLS-EX232-01 Remora Serial Port to Ethernet module with POE. Compatible with all RS232 versions of HR, FM, FR and NVH products.</td></tr>
</tbody>
</table>",,,,,,,,
https://www.newland-id.com/en/products/scan-engines/em3080-w-v2,scan-engines,Newland,,,EM3080-W,EM3080-W V2,https://www.newland-id.com/datasheets/203/em3080-w-v2.pdf,https://newlandemea.katanapim.com/content/images/thumbs/000/0000430_em3080-w-1.png,"The EM3080-W V2 is an exceptionally compact, no-frills scan engine. It offers great value, packing a CMOS sensor and chip-based engine into its small housing. That size, combined with low power consumption, makes it perfectly suited for portable 1D and 2D scanning devices.","1D: Code 128, EAN-13, EAN-8, Code 39, UPC-A, UPC-E, Codabar, Interleaved 2 of 5, ITF-6, ITF-14, ISBN, ISSN, Code 93, UCC/EAN-128, GSl Databar, Matrix 2 of 5, Code 11, Industrial 2 of 5, Standard 2 of 5, AIM128, Plessey, MSI-Plessey
2D: PDF4 l 7, QR Code, Micro QR, Data Matrix, Aztec
Depth of Field EAN 13 (13mil): 40 mm - 110 mm",,,,"<table class=""Table_Products_Style"">
<thead>
<tr>
<th>Thông số kỹ thuật</th>
<th>Chi tiết</th>
</tr>
</thead>
<tbody>
<tr><td>1D</td><td>Code 128, EAN-13, EAN-8, Code 39, UPC-A, UPC-E, Codabar, Interleaved 2 of 5, ITF-6, ITF-14, ISBN, ISSN, Code 93, UCC/EAN-128, GSl Databar, Matrix 2 of 5, Code 11, Industrial 2 of 5, Standard 2 of 5, AIM128, Plessey, MSI-Plessey</td></tr>
<tr><td>2D</td><td>PDF4 l 7, QR Code, Micro QR, Data Matrix, Aztec</td></tr>
<tr><td>Depth of Field EAN 13 (13mil)</td><td>40 mm - 110 mm</td></tr>
<tr><td>Depth of Field QR (15mil)</td><td>30 mm - 70 mm</td></tr>
<tr><td>Field of View Horizontal</td><td>69.5°</td></tr>
<tr><td>Field of View Vertical</td><td>54.8°</td></tr>
<tr><td>Illumination</td><td>White LED</td></tr>
<tr><td>Image Sensor</td><td>640 x 480 CMOS</td></tr>
<tr><td>Minimal Print Contrast</td><td>25%</td></tr>
<tr><td>Scan Angle Pitch</td><td>±45°</td></tr>
<tr><td>Scan Angle Roll</td><td>360°</td></tr>
<tr><td>Scan Angle Skew</td><td>±45°</td></tr>
<tr><td>Scan Modes</td><td>Trigger Mode, Sense Mode, Manual Mode, Continuous Mode</td></tr>
<tr><td>Scan Rate</td><td>30 frames per second</td></tr>
<tr><td>Decoder</td><td>ASIC (0610)</td></tr>
<tr><td>Current @ 3.3VDC Operating</td><td>55.1 mA (typical), 105 mA (max)</td></tr>
<tr><td>Current @ 3.3VDC Sleep</td><td>1 mA</td></tr>
<tr><td>Current @ 3.3VDC Standby</td><td>9,0 mA</td></tr>
<tr><td>Dimensions</td><td>15.5(W) × 13.9(D) × 9.7(H) mm</td></tr>
<tr><td>Housing</td><td>PPA</td></tr>
<tr><td>Input Voltage</td><td>3.3 VDC ±5%</td></tr>
<tr><td>Interfaces</td><td>USB, TTL-232</td></tr>
<tr><td>Power Consumption</td><td>181.8 mW (Typical)</td></tr>
<tr><td>Weight</td><td>2.2±0.2 g</td></tr>
<tr><td>Ambient Light</td><td>0 to 100,000 lux (natural light)</td></tr>
<tr><td>Humidity</td><td>5% to 95% (non-condensing)</td></tr>
<tr><td>Operating Temperature</td><td>-20°C to 50°C (-4°F to 122°F)</td></tr>
<tr><td>Storage Temperature</td><td>-40°C to 70°C (-40°F to 158°F)</td></tr>
<tr><td>Configuration Tools</td><td>EasySet</td></tr>
<tr><td>Certifications Hardware</td><td>CE EMC Class B, FCC Part15 Class B, RoHS</td></tr>
<tr><td>Warranty Standard</td><td>2 Years</td></tr>
<tr><td>Accessories Optional</td><td>Software development board</td></tr>
<tr><td>Accessories Standard</td><td>100mm flexible flat cable (FFC)</td></tr>
<tr><td>Part Number</td><td>Description</td></tr>
<tr><td>NLS-EM3080-W V2</td><td>2D CMOS Area Imager, Standard, CMOS 640 x 480 , All-in-one, Newland Decoderchip 0610, TTL-232/USB interface with FFC (flexible flat cable), very small footprint and no aimer</td></tr>
</tbody>
</table>",,,,,,,,
https://www.newland-id.com/en/products/industrial-handheld-scanners/nvh220-lophius-bluetooth,industrial-handheld-scanners,Newland,,,NVH220,NVH220 Lophius Bluetooth,https://www.newland-id.com/datasheets/202/nvh220-lophius-bluetooth.pdf,https://newlandemea.katanapim.com/content/images/thumbs/000/0000065_nvh220_4.png,"With its comfortable, ergonomic design and dual-core processor with a 1D, 2D, and DPM barcode reader, the NVH220 Lophius Bluetooth is a reliable solution to streamline your barcode scanning operations. Equipped with advanced technology, AI function, and auto-learning technology, it effortlessly decodes various barcodes commonly found in industrial applications. As a cordless Bluetooth scanner, there is even more freedom to move about in industrial environments.","Part Number: Description
NLS-NVH220-BT: Bluetooth wireless Handheld scanner. industry. 2D. megapixel imager. Red/White /blue LEDs. multi-interface (RS232.USB). vibration. protection class: IP64 drop: 1.8m. incl.: docking station and USB cable.
1D: All major 1D symbologies",,,,"<table class=""Table_Products_Style"">
<thead>
<tr>
<th>Thông số kỹ thuật</th>
<th>Chi tiết</th>
</tr>
</thead>
<tbody>
<tr><td>Part Number</td><td>Description</td></tr>
<tr><td>NLS-NVH220-BT</td><td>Bluetooth wireless Handheld scanner. industry. 2D. megapixel imager. Red/White /blue LEDs. multi-interface (RS232.USB). vibration. protection class: IP64 drop: 1.8m. incl.: docking station and USB cable.</td></tr>
<tr><td>1D</td><td>All major 1D symbologies</td></tr>
<tr><td>2D</td><td>All major 2D symbologies</td></tr>
<tr><td>Aiming</td><td>LED (532nm)</td></tr>
<tr><td>Depth of Field Code 39 (20mil)</td><td>35 mm - 210 mm</td></tr>
<tr><td>Depth of Field DataMatrix (10mil)</td><td>0 mm - 125 mm</td></tr>
<tr><td>Depth of Field EAN 13 (13mil)</td><td>25 mm - 160 mm</td></tr>
<tr><td>Depth of Field QR (20mil)</td><td>20 mm - 180 mm</td></tr>
<tr><td>Field of View Horizontal</td><td>41˚</td></tr>
<tr><td>Field of View Vertical</td><td>31˚</td></tr>
<tr><td>Illumination</td><td>Diffuse: ring of blue LEDs, Direct: white & red light LEDs</td></tr>
<tr><td>Image Sensor</td><td>1280 x 960 CMOS</td></tr>
<tr><td>Minimal Print Contrast</td><td>20%</td></tr>
<tr><td>Motion Tolerance</td><td>2 m/s</td></tr>
<tr><td>Resolution</td><td>≥3mil</td></tr>
<tr><td>Scan Angle Pitch</td><td>50°</td></tr>
<tr><td>Scan Angle Roll</td><td>360°</td></tr>
<tr><td>Scan Angle Skew</td><td>50°</td></tr>
<tr><td>Battery Type</td><td>3500 mAh</td></tr>
<tr><td>Current @ 5VDC Operating</td><td>562  mA</td></tr>
<tr><td>Current @ 5VDC Sleep</td><td>43 mA</td></tr>
<tr><td>Current @ 5VDC Standby</td><td>116  mA</td></tr>
<tr><td>Dimensions</td><td>Scanner: 68.0(W) × 105.0(D) × 169.0(H) mm, Cradle: 103(W) × 127(D) × 83(H) mm</td></tr>
<tr><td>Expected Battery Life</td><td>≥23 hours of continuous operation, up to 60,000 scans per charge</td></tr>
<tr><td>Expected Charge Time</td><td>2 hours</td></tr>
<tr><td>Input Voltage</td><td>5 VDC ±5%</td></tr>
<tr><td>Interfaces</td><td>USB, RS-232</td></tr>
<tr><td>Notifications</td><td>LED, Vibration, Buzzer</td></tr>
<tr><td>Power Consumption</td><td>2246 mW (typical)</td></tr>
<tr><td>Weight</td><td>Scanner: 220 g, Cradle: 230 g</td></tr>
<tr><td>Radio Technology</td><td>2.4 to 2.2835 GHz ISM Band, Bluetooth 5.0 BLE</td></tr>
<tr><td>Wireless Distance ( max.)</td><td>150 m (line of sight)</td></tr>
<tr><td>Ambient Light</td><td>0 to 100,000 lux (natural light)</td></tr>
<tr><td>Drop</td><td>1.8 m</td></tr>
<tr><td>Electro Static Discharge (ESD)</td><td>±8 kV (direct discharge), ±16 kV (air discharge)</td></tr>
<tr><td>Humidity</td><td>5% to 95% (non-condensing)</td></tr>
<tr><td>IP Rating</td><td>IP64</td></tr>
<tr><td>IP Rating with Cradle</td><td>IP42</td></tr>
<tr><td>Operating Temperature</td><td>-20°C to 50°C (-4°F to 122°F)</td></tr>
<tr><td>Storage Temperature</td><td>-40°C to 70°C (-40°F to 158°F)</td></tr>
<tr><td>Configuration Tools</td><td>NSet</td></tr>
<tr><td>Certifications Hardware</td><td>FCC, RoHS, CE, IEC 63471</td></tr>
<tr><td>Warranty Standard</td><td>3 Years</td></tr>
<tr><td>Accessories Optional</td><td>USB cable, USB-C cable, Multiplug adapter, RS-232 cable, Wall mount clip</td></tr>
<tr><td>Accessories Standard</td><td>USB cable, Stand/Docking station</td></tr>
</tbody>
</table>",,,,,,,,
https://www.newland-id.com/en/products/industrial-fixed-mount-scanners/fm510-h,industrial-fixed-mount-scanners,Newland,,,FM510-H,FM510-H,https://www.newland-id.com/datasheets/201/fm510-h.pdf,https://newlandemea.katanapim.com/content/images/thumbs/000/0000054_fm510-h.png,"With its wide scan angle and close decoding range, the FM510-H can easily scan extended 1D barcodes, making it a perfect choice for laboratory automation applications. Available in both horizontal and vertical configurations, the FM510 Series provide you with the versatility to tailor the device to your specific requirements.","1D: All major 1D symbologies
Beam Exit: Scan window with front beam exit
Depth of Field: 25 mm - 105 mm",,,,"<table class=""Table_Products_Style"">
<thead>
<tr>
<th>Thông số kỹ thuật</th>
<th>Chi tiết</th>
</tr>
</thead>
<tbody>
<tr><td>1D</td><td>All major 1D symbologies</td></tr>
<tr><td>Beam Exit</td><td>Scan window with front beam exit</td></tr>
<tr><td>Depth of Field</td><td>25 mm - 105 mm</td></tr>
<tr><td>Field of View Horizontal</td><td>68˚</td></tr>
<tr><td>Illumination</td><td>Red LED (615nm)</td></tr>
<tr><td>Image Sensor</td><td>2500 CCD</td></tr>
<tr><td>Minimal Print Contrast</td><td>25%</td></tr>
<tr><td>Resolution</td><td>≥6mil</td></tr>
<tr><td>Scan Rate</td><td>780 scans per second</td></tr>
<tr><td>Current @ 24VDC Operating</td><td>117 mA RMS (typical); 250 mA (max)</td></tr>
<tr><td>Current @ 5VDC Operating</td><td>540 mA RMS (typical), 850 mA (max)</td></tr>
<tr><td>Dimensions</td><td>62.5(W) × 50.5(D) × 21.5(H) mm</td></tr>
<tr><td>Housing</td><td>Plastic</td></tr>
<tr><td>Input Voltage</td><td>5-24 VDC ±5%</td></tr>
<tr><td>Interfaces</td><td>RS-232</td></tr>
<tr><td>Notifications</td><td>LED</td></tr>
<tr><td>Power Consumption</td><td>< 3 W</td></tr>
<tr><td>Weight</td><td>120 g</td></tr>
<tr><td>Ambient Light</td><td>≤5000 lux</td></tr>
<tr><td>Humidity</td><td>5% to 95% (non-condensing)</td></tr>
<tr><td>IP Rating</td><td>IP54</td></tr>
<tr><td>Operating Temperature</td><td>0°C to 50°C (32°F to 122°F)</td></tr>
<tr><td>Storage Temperature</td><td>-40°C to 70°C (-40°F to 158°F)</td></tr>
<tr><td>Configuration Tools</td><td>EasySet</td></tr>
<tr><td>Certifications Hardware</td><td>FCC, RoHS 2.0, IEC 62471, CE, UL</td></tr>
<tr><td>Warranty Standard</td><td>2 Years</td></tr>
<tr><td>Part Number</td><td>Description</td></tr>
<tr><td>NLS-FM510-H-AR-R20</td><td>1D fixed mount IVD scanner, IP54, 5-24vdc, RS232, 2M Scattered Wire cable,780 S/S, 68? FOV, Front beam exit, 25-105 mm read range.</td></tr>
</tbody>
</table>",,,,,,,,
https://www.newland-id.com/en/products/wearables/wd1-ii-watch-scanner,wearables,Newland,,,WD1 II Watch Scanner,WD1 II Watch Scanner,https://www.newland-id.com/datasheets/200/wd1-ii-watch-scanner.pdf,https://newlandemea.katanapim.com/content/images/thumbs/000/0000333_wd1_ii_watch_scanner_1.png,"The WD1 II Watch Scanner ensures that data storage and processing are more mobile than ever with our Android-based smartwatch. While the design and weight are similar to a consumer smartwatch, the WD1 II is specifically designed for harsh working environments. With a 2.8” capacitive touch, Android 13 GMS, a 3.300 mAh battery, WiFi and 4G, it’s the perfect companion.","Current Operating System: Android 13, GMS
Memory Flash: 32GB
Memory RAM: 3GB",,,,"<table class=""Table_Products_Style"">
<thead>
<tr>
<th>Thông số kỹ thuật</th>
<th>Chi tiết</th>
</tr>
</thead>
<tbody>
<tr><td>Current Operating System</td><td>Android 13, GMS</td></tr>
<tr><td>Memory Flash</td><td>32GB</td></tr>
<tr><td>Memory RAM</td><td>3GB</td></tr>
<tr><td>Processor</td><td>2.0 GHz octa-core, 64-bit</td></tr>
<tr><td>Audio</td><td>Speaker, Dual microphone, Noise reduction</td></tr>
<tr><td>Battery Type</td><td>Lithium-ion polymer battery: 3.8 V, 3300 mAh (non-removable)</td></tr>
<tr><td>Buttons</td><td>Power key/lock screen key, user-defined key</td></tr>
<tr><td>Dimensions</td><td>Dial plate: 77mm × 56mm;  Dial plate thickness: 17.8mm</td></tr>
<tr><td>Display/Touch Panel</td><td>2.8” (640 × 480), brightness: 460 nits, Capacitive touchscreen, Gorilla glass</td></tr>
<tr><td>Interfaces</td><td>USB-C, 2 pogo pins</td></tr>
<tr><td>Keypad</td><td>2 keys</td></tr>
<tr><td>Notifications</td><td>LED, Speaker, Vibration</td></tr>
<tr><td>Rear camera</td><td>13 MP, LED flash, Auto focus, Torch mode, Barcode scanning</td></tr>
<tr><td>Sensors</td><td>Angular Velocity sensor, Geomagnetic sensor, Acceleration sensor, Air pressure sensor</td></tr>
<tr><td>SIM/TF</td><td>Nano SIM*1</td></tr>
<tr><td>Weight</td><td>146 g</td></tr>
<tr><td>GPS</td><td>Beidou, GLONASS, Galileo, GPS (AGPS)</td></tr>
<tr><td>WLAN RADIO</td><td>IEEE 802.11 a/b/g/n/ac, 2.4GHz and 5GHz</td></tr>
<tr><td>WPAN RADIO</td><td>Bluetooth 5.0</td></tr>
<tr><td>WWAN RADIO</td><td>2G: GSM: 900/1800MHz    3G: WCDMA: (B1,B8) 4G: TD-LTE: (B34,B38,B40); FDD-LTE: (B1, B3, B7, B8, B20,B28 a&b)</td></tr>
<tr><td>Drop</td><td>1.2m drops to concrete (for six sides, one drop per side)</td></tr>
<tr><td>Electro Static Discharge (ESD)</td><td>±6 kV (direct discharge), ±10 kV (air discharge)</td></tr>
<tr><td>Humidity</td><td>5% to 95% (non-condensing)</td></tr>
<tr><td>IP Rating</td><td>IP67</td></tr>
<tr><td>Operating Temperature</td><td>-20°C to 55°C (-4°F to 131°F)</td></tr>
<tr><td>Storage Temperature</td><td>-30°C to 70°C (-22°F to 158°F)</td></tr>
<tr><td>Android Roadmap</td><td>https://www.newland-id.com/en/support/android-roadmap-for-newland-devices/</td></tr>
<tr><td>Configuration Tools</td><td>Ndevor</td></tr>
<tr><td>MDM (certified)</td><td>Ndevor, SOTI</td></tr>
<tr><td>Terminal Emulation (compatible)</td><td>StayLinked, Ivanti Velocity</td></tr>
<tr><td>Comprehensive Service Contract</td><td>3 Years, 5 Years</td></tr>
<tr><td>Warranty Extension</td><td>+1 Year, +3 Years</td></tr>
<tr><td>Warranty Standard</td><td>2 Years</td></tr>
<tr><td>Accessories Optional</td><td>Multiplug adapter, Charging cradle, Fast charging power adapter, Screen protector, Arm sleeve, Silicone watch strap, Velcro watch strap</td></tr>
<tr><td>Accessories Standard</td><td>USB-C cable, Multiplug adapter, Wrist holster</td></tr>
<tr><td>NLS-WD1-W4-V2</td><td>WD1-V2 Wearable Watch Device with 2.8"" Touch Screen, 3GB/32GB, BT, WiFi, 4G, GPS and Camera. Incl. wrist band, USB-C cable and MultiPower adapter. OS: Android 13.0 GMS.</td></tr>
<tr><td>Part Number</td><td>Description</td></tr>
</tbody>
</table>",,,,,,,,
https://www.newland-id.com/en/products/industrial-handheld-scanners/nvh220-lophius-corded,industrial-handheld-scanners,Newland,,,NVH220,NVH220 Lophius Corded,https://www.newland-id.com/datasheets/199/nvh220-lophius-corded.pdf,https://newlandemea.katanapim.com/content/images/thumbs/000/0000067_nvh220_1.png,"With its comfortable, ergonomic design and dual-core processor with a 1D, 2D, and DPM barcode reader, the NVH220 Lophius is a reliable solution to streamline your barcode scanning operations. Equipped with advanced technology, AI function, and auto-learning technology, it effortlessly decodes various barcodes commonly found in industrial applications. The plug-and-play functionality makes configuration into industrial environments a breeze.","Part Number: Description
NLS-NVH220-HD: Handheld scanner. industry. 2D. megapixel imager. Red/White /blue LEDs. multi-interface (RS232.USB). vibration. protection class: IP64 drop: 1.8m. incl.: 2m straight rugged USB cable.
1D: EAN-13, EAN-8, UPC-A, UPC-E, ISSN, ISBN, Codabar, Code128, Code93, Code11, COOP25, GS1-128 (UCC/EAN-128), ITF-6, ITF-14, AIM128, ISBT128, Interleaved 2 of 5, Industrial 2 of 5, Standard 2 of 5, Matrix 2 of 5, MSI Plessey, Code 39, Plessey, Deutsche 14, Deutsche 12",,,,"<table class=""Table_Products_Style"">
<thead>
<tr>
<th>Thông số kỹ thuật</th>
<th>Chi tiết</th>
</tr>
</thead>
<tbody>
<tr><td>Part Number</td><td>Description</td></tr>
<tr><td>NLS-NVH220-HD</td><td>Handheld scanner. industry. 2D. megapixel imager. Red/White /blue LEDs. multi-interface (RS232.USB). vibration. protection class: IP64 drop: 1.8m. incl.: 2m straight rugged USB cable.</td></tr>
<tr><td>1D</td><td>EAN-13, EAN-8, UPC-A, UPC-E, ISSN, ISBN, Codabar, Code128, Code93, Code11, COOP25, GS1-128 (UCC/EAN-128), ITF-6, ITF-14, AIM128, ISBT128, Interleaved 2 of 5, Industrial 2 of 5, Standard 2 of 5, Matrix 2 of 5, MSI Plessey, Code 39, Plessey, Deutsche 14, Deutsche 12</td></tr>
<tr><td>2D</td><td>QR Code, PDF417, Micro QR, Data Matrix, Aztec</td></tr>
<tr><td>Aiming</td><td>LED (532nm)</td></tr>
<tr><td>Depth of Field Code 39 (20mil)</td><td>35 mm - 210 mm</td></tr>
<tr><td>Depth of Field DataMatrix (10mil)</td><td>0 mm - 125 mm</td></tr>
<tr><td>Depth of Field EAN 13 (13mil)</td><td>25 mm - 160 mm</td></tr>
<tr><td>Depth of Field QR (20mil)</td><td>20 mm - 180 mm</td></tr>
<tr><td>Field of View Horizontal</td><td>41˚</td></tr>
<tr><td>Field of View Vertical</td><td>31˚</td></tr>
<tr><td>Illumination</td><td>Diffuse: ring of blue LEDs, Direct: white & red light LEDs</td></tr>
<tr><td>Image Sensor</td><td>1280 x 960 CMOS</td></tr>
<tr><td>Minimal Print Contrast</td><td>20%</td></tr>
<tr><td>Motion Tolerance</td><td>2 m/s</td></tr>
<tr><td>Resolution</td><td>≥3mil</td></tr>
<tr><td>Scan Angle Pitch</td><td>50°</td></tr>
<tr><td>Scan Angle Roll</td><td>360°</td></tr>
<tr><td>Scan Angle Skew</td><td>50°</td></tr>
<tr><td>Current @ 5VDC Operating</td><td>450  mA (typical), 475  mA (max)</td></tr>
<tr><td>Dimensions</td><td>67(W) × 86(D) × 170(H) mm</td></tr>
<tr><td>Input Voltage</td><td>5 VDC ±5%</td></tr>
<tr><td>Interfaces</td><td>USB, RS-232</td></tr>
<tr><td>Notifications</td><td>Beep, LED, Vibration</td></tr>
<tr><td>Power Consumption</td><td>2250 mW (typical)</td></tr>
<tr><td>Weight</td><td>245 g</td></tr>
<tr><td>Drop</td><td>1.8 m</td></tr>
<tr><td>Electro Static Discharge (ESD)</td><td>±8 kV (direct discharge), ±16 kV (air discharge)</td></tr>
<tr><td>Humidity</td><td>5% to 95% (non-condensing)</td></tr>
<tr><td>IP Rating</td><td>IP64</td></tr>
<tr><td>Operating Temperature</td><td>-20°C to 50°C (-4°F to 122°F)</td></tr>
<tr><td>Storage Temperature</td><td>-40°C to 70°C (-40°F to 158°F)</td></tr>
<tr><td>Configuration Tools</td><td>NSet</td></tr>
<tr><td>Certifications Hardware</td><td>FCC, RoHS, CE, IEC 63471</td></tr>
<tr><td>Warranty Standard</td><td>5 Years</td></tr>
<tr><td>Accessories Optional</td><td>USB cable, USB-C cable, Multiplug adapter, RS-232 cable, Wall mount clip</td></tr>
<tr><td>Accessories Standard</td><td>USB cable</td></tr>
</tbody>
</table>",,,,,,,,
https://www.newland-id.com/en/products/mobile-computers/mt65-beluga-lite,mobile-computers,Newland,,,MT65,MT65 Beluga Lite,https://www.newland-id.com/datasheets/198/mt65-beluga-lite.pdf,https://newlandemea.katanapim.com/content/images/thumbs/000/0000166_mt65_beluga_1.png,"Combining an Android 8 GMS operating system with Bluetooth, 4G, and Dual-band Wi-Fi, MT65 Beluga Lite ensures fast communication and high performance. With its IP65 and ability to withstand 1.2m drops to concrete, MT65 Beluga Lite can operate even in tough environments. In response to market needs, we maintain a streamlined version of the MT65 Beluga Lite featuring a keypad to assist entry-level Android applications.","Part Number: Description
NLS-MT6552L-W4: MT6552L(ite) Beluga Mobile Computer with 4"" touchscreen, 2D CMOS imager with red LED Aimer (CM30), 2+16, BT, WiFi, 4G, GPS, Camera. Incl. USB cable, battery and multi plug adapter. OS: Android 8.1 GMS.
1D: All major 1D symbologies",,,,"<table class=""Table_Products_Style"">
<thead>
<tr>
<th>Thông số kỹ thuật</th>
<th>Chi tiết</th>
</tr>
</thead>
<tbody>
<tr><td>Part Number</td><td>Description</td></tr>
<tr><td>NLS-MT6552L-W4</td><td>MT6552L(ite) Beluga Mobile Computer with 4"" touchscreen, 2D CMOS imager with red LED Aimer (CM30), 2+16, BT, WiFi, 4G, GPS, Camera. Incl. USB cable, battery and multi plug adapter. OS: Android 8.1 GMS.</td></tr>
<tr><td>1D</td><td>All major 1D symbologies</td></tr>
<tr><td>2D</td><td>All major 2D symbologies</td></tr>
<tr><td>Aiming</td><td>LED</td></tr>
<tr><td>Illumination</td><td>White LED (625±10nm)</td></tr>
<tr><td>Image Sensor</td><td>640 x 480 CMOS</td></tr>
<tr><td>Current Operating System</td><td>Android 8.1, GMS</td></tr>
<tr><td>Memory Flash</td><td>16GB</td></tr>
<tr><td>Memory RAM</td><td>2GB</td></tr>
<tr><td>Memory Storage Expansion (max.)</td><td>Micro SD card (max. 128GB)</td></tr>
<tr><td>Processor</td><td>1.5 GHz quad-core</td></tr>
<tr><td>Battery Type</td><td>3.7 V, 3800 mAh</td></tr>
<tr><td>Dimensions</td><td>166(W) x 73(D) x 26(H) mm</td></tr>
<tr><td>Display/Touch Panel</td><td>4” WVGA (800 × 480), Capacitive touchscreen</td></tr>
<tr><td>Expansion Slot</td><td>Micro SD card (max. 128GB)</td></tr>
<tr><td>Expected Battery Life</td><td>10 hours</td></tr>
<tr><td>Expected Charge Time</td><td>4.5-5 hours (charge via AC adapter)</td></tr>
<tr><td>Interfaces</td><td>Micro USB 2.0</td></tr>
<tr><td>Keypad</td><td>30 keys</td></tr>
<tr><td>Notifications</td><td>Speaker, Vibration, Multi-color LEDs</td></tr>
<tr><td>Power Supply Input</td><td>AC 100 to 240 V (50 to 60 Hz)</td></tr>
<tr><td>Power Supply Output</td><td>DC5 V, 2.0 A</td></tr>
<tr><td>Rear camera</td><td>LED flash, Auto focus, 8 MP</td></tr>
<tr><td>Touch Panel</td><td>Capacitive touchscreen</td></tr>
<tr><td>Weight</td><td>330 g (including battery)</td></tr>
<tr><td>GPS</td><td>GLONASS, GPS (AGPS)</td></tr>
<tr><td>WLAN RADIO</td><td>IEEE 802.11 a/b/g/n, 2.4GHz and 5GHz</td></tr>
<tr><td>WPAN RADIO</td><td>Bluetooth 4.2 LE, backward compatible</td></tr>
<tr><td>WWAN RADIO</td><td>TD-LTE (B38, B39, B40, B41) FDD-LTE (B1, B2, B3, B5, B7, B8, B20, B28 a&b)</td></tr>
<tr><td>Drop</td><td>1.2 m</td></tr>
<tr><td>Electro Static Discharge (ESD)</td><td>±8 kV (direct discharge), ±15 kV (air discharge)</td></tr>
<tr><td>Humidity</td><td>5% to 95% (non-condensing)</td></tr>
<tr><td>IP Rating</td><td>IP65</td></tr>
<tr><td>Operating Temperature</td><td>-20°C to 50°C (-4°F to 122°F)</td></tr>
<tr><td>Storage Temperature</td><td>-30°C to 70°C (-22°F to 158°F)</td></tr>
<tr><td>Configuration Tools</td><td>Ndevor</td></tr>
<tr><td>MDM (certified)</td><td>Ndevor, SOTI, Airwatch</td></tr>
<tr><td>Terminal Emulation (compatible)</td><td>StayLinked, Ivanti Velocity</td></tr>
<tr><td>Certifications Hardware</td><td>FCC ID, IEC 62471, RoHS, EN 60950</td></tr>
<tr><td>Warranty Standard</td><td>2 Years</td></tr>
<tr><td>Accessories Optional</td><td>USB cable, 4-slot battery charger, Charging cradle, Pistol grip, Battery, Adapter, Screen protector</td></tr>
<tr><td>Accessories Standard</td><td>USB cable, Hand strap, Battery, AC adapter</td></tr>
</tbody>
</table>",,,,,,,,
https://www.newland-id.com/en/products/general-purpose-handheld-scanners/hr33-marlin-bluetooth,general-purpose-handheld-scanners,Newland,,,HR33 Marlin Bluetooth,HR33 Marlin Bluetooth,https://www.newland-id.com/datasheets/197/hr33-marlin-bluetooth.pdf,https://newlandemea.katanapim.com/content/images/thumbs/000/0000308_hr33_marlin_bt_1.png,"The legacy continues with the latest HR33 Marlin Bluetooth, which offers effortless barcode capture thanks to Newland EMEA decoding technology. Cutting-edge scanning and decoding are showcased in a design that represents premium quality to become Newland’s best wireless handheld 2D barcode reader so far. The HR33 Marlin Bluetooth, with its easily replaceable battery, is the ideal choice for uninterrupted barcode scanning.","1D: Code 11, Code 128, Code39, GS1-128(UCC/ENA-128), AIM 128, ISBT 128,Codabar, Code 93, UPC-A, UPC-E, Coupon, GS1 Composite, EAN-13, EAN-8, ISSN, ISBN, Interleaved 2 of 5, Matrix 2 of 5, Industrial 2 of 5, ITF-6, ITF-14, Standard 2 of 5,China Post 25, MSI-Plessey, Plessey, GS1Databar(RSS), Code 49, Code 16K.
2D: PDF417,QR Code, Micro QR, Data Matrix, Aztec, Maxi Code, Chinese Sensible Code, GM Code, Micro PDF417, Code One, Dotcode
Aiming: Laser",,,,"<table class=""Table_Products_Style"">
<thead>
<tr>
<th>Thông số kỹ thuật</th>
<th>Chi tiết</th>
</tr>
</thead>
<tbody>
<tr><td>1D</td><td>Code 11, Code 128, Code39, GS1-128(UCC/ENA-128), AIM 128, ISBT 128,Codabar, Code 93, UPC-A, UPC-E, Coupon, GS1 Composite, EAN-13, EAN-8, ISSN, ISBN, Interleaved 2 of 5, Matrix 2 of 5, Industrial 2 of 5, ITF-6, ITF-14, Standard 2 of 5,China Post 25, MSI-Plessey, Plessey, GS1Databar(RSS), Code 49, Code 16K.</td></tr>
<tr><td>2D</td><td>PDF417,QR Code, Micro QR, Data Matrix, Aztec, Maxi Code, Chinese Sensible Code, GM Code, Micro PDF417, Code One, Dotcode</td></tr>
<tr><td>Aiming</td><td>Laser</td></tr>
<tr><td>Depth of Field Code 39 (5mil)</td><td>50 mm - 230 mm</td></tr>
<tr><td>Depth of Field DataMatrix (10mil)</td><td>30 mm - 245 mm</td></tr>
<tr><td>Depth of Field EAN 13 (13mil)</td><td>40 mm - 535 mm</td></tr>
<tr><td>Depth of Field PDF417 (6.7mil)</td><td>45 mm - 215 mm</td></tr>
<tr><td>Field of View Horizontal</td><td>48˚</td></tr>
<tr><td>Field of View Vertical</td><td>30˚</td></tr>
<tr><td>Illumination</td><td>White LED</td></tr>
<tr><td>Image Sensor</td><td>1280 x 800 CMOS</td></tr>
<tr><td>Minimal Print Contrast</td><td>15%</td></tr>
<tr><td>OCR</td><td>Passport OCR, Chinese ID Card, China Travel Permit OCR</td></tr>
<tr><td>Resolution</td><td>≥3mil</td></tr>
<tr><td>Scan Angle Pitch</td><td>±60°</td></tr>
<tr><td>Scan Angle Roll</td><td>360˚</td></tr>
<tr><td>Scan Angle Skew</td><td>±65°</td></tr>
<tr><td>Memory Flash</td><td>≥16,384 code entries (above 60 bytes)</td></tr>
<tr><td>Battery Type</td><td>2600 mAh lithium-ion battery</td></tr>
<tr><td>Dimensions</td><td>Scanner: 117,5(W) x 87,5(D) x144(H) mm, Cradle: 140(W) x 90(D) x144,5(H) mm</td></tr>
<tr><td>Expected Battery Life</td><td>≥15 hours of continuous operation (scan once per 6 seconds)</td></tr>
<tr><td>Expected Charge Time</td><td>≤6 hours (with power adapter)</td></tr>
<tr><td>Input Voltage</td><td>5 VDC ±5%</td></tr>
<tr><td>Interfaces</td><td>USB-A, HID-POS, USB-CDC, USB-KBW</td></tr>
<tr><td>Notifications</td><td>Beep, LED, Vibration</td></tr>
<tr><td>Weight</td><td>Scanner: 210 g, Cradle: 340,5 g</td></tr>
<tr><td>Communication Modes</td><td>Synchronous, Asynchronous, Batch</td></tr>
<tr><td>Radio Technology</td><td>Bluetooth 5.0</td></tr>
<tr><td>Wireless Distance ( max.)</td><td>≥100 m (in open space)</td></tr>
<tr><td>Charge Temperature</td><td>0°C to 45°C (32°F to 113°F)</td></tr>
<tr><td>Drop</td><td>1.5 m</td></tr>
<tr><td>Drop with Cradle</td><td>1.2 m</td></tr>
<tr><td>Electro Static Discharge (ESD)</td><td>±8 kV (contact discharge), ±15 kV (air discharge)</td></tr>
<tr><td>Humidity</td><td>5% to 95% (non-condensing)</td></tr>
<tr><td>IP Rating</td><td>IP52</td></tr>
<tr><td>Operating Temperature</td><td>-10°C to 50°C (14°F to 122°F)</td></tr>
<tr><td>Storage Temperature</td><td>-40°C to 70°C (-40°F to 158°F)</td></tr>
<tr><td>Configuration Tools</td><td>EasySet</td></tr>
<tr><td>Certifications Hardware</td><td>FCC ID, RoHS 2.0, CE RED, IEC 60825, IEC 62471</td></tr>
<tr><td>Comprehensive Service Contract</td><td>3 Years, 5 Years</td></tr>
<tr><td>Warranty Standard</td><td>5 Years</td></tr>
<tr><td>Accessories Optional</td><td>4-slot battery charger, 2,600 mAh battery, Wall mount clip</td></tr>
<tr><td>Accessories Standard</td><td>USB cable, Stand/Docking station</td></tr>
<tr><td>NLS-HR3300-BT</td><td>HR33 Marlin 2D CMOS Mega Pixel Wireless Bluetooth Handheld Reader with Stand/Docking Station(NLS-HCD2000), USB cable (130cm fixed to stand).</td></tr>
<tr><td>Part Number</td><td>Description</td></tr>
</tbody>
</table>",,,,,,,,
https://www.newland-id.com/en/products/mobile-computers/sd55l-lynx-ii,mobile-computers,Newland,,,SD55L,SD55L Lynx II,https://www.newland-id.com/datasheets/196/sd55l-lynx-ii.pdf,https://newlandemea.katanapim.com/content/images/thumbs/000/0000167_sd55_lynx_1.png,"With its capacitive touchscreen and Android 11 operating system, the SD55L Lynx II is everything you’ve asked for in a mobile computer, and more. The device's rugged exterior supports and protects it from the inevitable bumps and drops.","Part Number: Description
SD55LII-8332-C: 5,5” Mobile Computer 2Ghz 3GB/32GB, 2D CMOS imager (N1), BT, WiFi, 3G/4G, GPS, NFC and Camera (OS Android 11). Incl. USB cable, charging cradle and multiplug adapter (Lynx II).
1D: Auspost, Bpo, Canpost, Codabar, Code11, Code128, Code32, Code39, Code93, Dutchpost, Ean13, Ean8, Ean128, Int25, Isbt, Iata25, Japost, Msi, Ocr, Planet, Postnet, Strt25, Tlc39, Trioptic, Upca, and Upce",,,,"<table class=""Table_Products_Style"">
<thead>
<tr>
<th>Thông số kỹ thuật</th>
<th>Chi tiết</th>
</tr>
</thead>
<tbody>
<tr><td>Part Number</td><td>Description</td></tr>
<tr><td>SD55LII-8332-C</td><td>5,5” Mobile Computer 2Ghz 3GB/32GB, 2D CMOS imager (N1), BT, WiFi, 3G/4G, GPS, NFC and Camera (OS Android 11). Incl. USB cable, charging cradle and multiplug adapter (Lynx II).</td></tr>
<tr><td>1D</td><td>Auspost, Bpo, Canpost, Codabar, Code11, Code128, Code32, Code39, Code93, Dutchpost, Ean13, Ean8, Ean128, Int25, Isbt, Iata25, Japost, Msi, Ocr, Planet, Postnet, Strt25, Tlc39, Trioptic, Upca, and Upce</td></tr>
<tr><td>2D</td><td>Aztec, Codablock, Code49, Composite, Datamatrix, Maxicode, Micropdf, Pdf417, Qr, and Rss</td></tr>
<tr><td>Current Operating System</td><td>Android 11</td></tr>
<tr><td>Memory Flash</td><td>32GB</td></tr>
<tr><td>Memory RAM</td><td>3GB</td></tr>
<tr><td>Processor</td><td>2.0 GHz octa-core</td></tr>
<tr><td>Audio</td><td>Front dual stereo speakers, Volume 90db±3db (test distance 10cm)</td></tr>
<tr><td>Battery Type</td><td>4500 mAh</td></tr>
<tr><td>Buttons</td><td>Volume keys, function keys (1 left, 1 right), power key</td></tr>
<tr><td>Dimensions</td><td>150(W) x 72.5(D) x 15(H) mm</td></tr>
<tr><td>Display/Touch Panel</td><td>5.5"" (1440 x 720), IPS highlight screen, 5 points capacitive touchscreen</td></tr>
<tr><td>Expansion Slot</td><td>Micro SD card slot</td></tr>
<tr><td>Expected Charge Time</td><td>PE fast charging, full charge time < 4h</td></tr>
<tr><td>Front camera</td><td>5 MP, High brightness LED flash, Full focus</td></tr>
<tr><td>Interfaces</td><td>USB-C</td></tr>
<tr><td>Keypad</td><td>5 keys</td></tr>
<tr><td>Notifications</td><td>LED, Vibration, Sound</td></tr>
<tr><td>Rear camera</td><td>13 MP, Auto focus</td></tr>
<tr><td>Sensors</td><td>G-sensor, Proximity sensor, COMPASS, Ambient light sensor</td></tr>
<tr><td>SIM/TF</td><td>2 Nano SIM card slots</td></tr>
<tr><td>Touch Panel</td><td>5 points capacitive touchscreen</td></tr>
<tr><td>Weight</td><td>240 g (with battery)</td></tr>
<tr><td>GPS</td><td>GPS, BD, GLONASS</td></tr>
<tr><td>NFC</td><td>ISO14443A/B, ISO15693, NFC reading distance: 0 to 5cm</td></tr>
<tr><td>WLAN RADIO</td><td>IEEE 802.11 a/b/g/n/ac 2.4G 5G dual frequency</td></tr>
<tr><td>WPAN RADIO</td><td>Bluetooth 5.0</td></tr>
<tr><td>WWAN RADIO</td><td>FDD-LTE B1/B3/B5/B7/B8, TDD-LTE B38/B39/B40/B41, TDSCDMA B34/B39, WCDMA B1/B2/B5/B8, GSM B2/B3/B5/B8, CDMA1x/CDMA2000 BC0/BC1</td></tr>
<tr><td>Drop</td><td>1.5 meters drop to concrete</td></tr>
<tr><td>Electro Static Discharge (ESD)</td><td>±8 kV (contact discharge), ±15 kV (air discharge)</td></tr>
<tr><td>Humidity</td><td>5% to 95%</td></tr>
<tr><td>IP Rating</td><td>IP65</td></tr>
<tr><td>Operating Temperature</td><td>-20°C to 55°C (-4°F to 131°F)</td></tr>
<tr><td>Storage Temperature</td><td>-30°C to 70°C (-22°F to 158°F)</td></tr>
<tr><td>Certifications Hardware</td><td>RoHS, CCC, CTA, CE</td></tr>
<tr><td>Warranty Standard</td><td>2 Years</td></tr>
</tbody>
</table>",,,,,,,,
https://www.newland-id.com/en/products/mobile-computers/mt93-megattera-pro-straight-shooter,mobile-computers,Newland,Máy tính di động,,MT93 Megattera Pro Straight Shooter,MT93 Megattera Pro Straight Shooter,https://www.newland-id.com/datasheets/195/mt93-megattera-pro-straight-shooter.pdf,https://newlandemea.katanapim.com/content/images/thumbs/000/0000168_mt93_megattera_pro-straight-shooter_1-aer.png,"Running on Android 13 OS, the MT93 Megattera Pro Straight Shooter combines a user-friendly interface with a rugged yet slim exterior. The straight shooter scan engine reduces fatigue that can arise from high-volume scanning. The device's powerful octa-core processor guarantees smooth performance throughout a full work shift, while the WiFi 6E and 4G guarantee steady, fast, and secure connectivity even in busy multi-user environments.","1D: All major 1D symbologies
2D: All major 2D symbologies
Aiming: Laser diode",,,,"<table class=""Table_Products_Style"">
<thead>
<tr>
<th>Thông số kỹ thuật</th>
<th>Chi tiết</th>
</tr>
</thead>
<tbody>
<tr><td>1D</td><td>All major 1D symbologies</td></tr>
<tr><td>2D</td><td>All major 2D symbologies</td></tr>
<tr><td>Aiming</td><td>Laser diode</td></tr>
<tr><td>Depth of Field Code 39 (5mil)</td><td>110 mm - 290 mm</td></tr>
<tr><td>Depth of Field DataMatrix (10mil)</td><td>110 mm - 260 mm</td></tr>
<tr><td>Depth of Field EAN 13 (13mil)</td><td>70 mm - 610 mm</td></tr>
<tr><td>Depth of Field PDF417 (6.7mil)</td><td>110 mm - 230 mm</td></tr>
<tr><td>Depth of Field QR (15mil)</td><td>55 mm - 410 mm</td></tr>
<tr><td>Illumination</td><td>White LED (625±10nm)</td></tr>
<tr><td>Image Sensor</td><td>1280 x 800 CMOS</td></tr>
<tr><td>Scan Modes</td><td>Trigger Mode</td></tr>
<tr><td>Scan Rate</td><td>60 frames per second</td></tr>
<tr><td>Current Operating System</td><td>Android 13, GMS, Android Enterprise Recommended (AER)</td></tr>
<tr><td>Memory Flash</td><td>128GB</td></tr>
<tr><td>Memory RAM</td><td>6GB</td></tr>
<tr><td>Processor</td><td>2.2 GHz octa-core, 64-bit (MT8781), 2*A76@2.2 GHz, 6*A55@2.0 GHz</td></tr>
<tr><td>Battery Type</td><td>3.85 V, 5000 mAh</td></tr>
<tr><td>Buttons</td><td>Virtual on-screen buttons: Menu, Home, Back; Physical buttons: Left and right Scan keys, Volume +/-, Power</td></tr>
<tr><td>Dimensions</td><td>159(W) × 74(D) × 15.9(H) mm</td></tr>
<tr><td>Display/Touch Panel</td><td>5.5” (1440 x 720), brightness: 380 nits, Multi-point capacitive touchscreen, Gorilla glass</td></tr>
<tr><td>Expansion Slot</td><td>Micro SD Card (max 256GB), 2 PIN contacts support Pistol grip</td></tr>
<tr><td>Front camera</td><td>5 MP</td></tr>
<tr><td>Interfaces</td><td>USB-C</td></tr>
<tr><td>Keypad</td><td>5 keys, 3 Virtual keys</td></tr>
<tr><td>Microphone</td><td>Supports noise reduction, Dual microphones</td></tr>
<tr><td>Notifications</td><td>Speaker, Vibration, Multi-color LEDs</td></tr>
<tr><td>Power Supply Input</td><td>AC 100 to 240 V (50 to 60 Hz), 18w fast charge</td></tr>
<tr><td>Power Supply Output</td><td>DC5 V/7 V/9 V, 2 A</td></tr>
<tr><td>Rear camera</td><td>13 MP, LED flash, Auto focus</td></tr>
<tr><td>Sensors</td><td>Gravity Sensor, Electronic compass, Light & proximity sensor, Gyroscope</td></tr>
<tr><td>SIM/TF</td><td>Nano Sim, eSIM + TF</td></tr>
<tr><td>Weight</td><td>277 g (including battery)</td></tr>
<tr><td>GPS</td><td>GLONASS, GPS (AGPS)</td></tr>
<tr><td>NFC</td><td>13.56MHz RFID: ISO14443A/B, MIFARE, FeliCa, NFCForumTags, ISO15693</td></tr>
<tr><td>WLAN RADIO</td><td>WIFI 6E 802.11 a/b/g/n/ac/ax/k/v/r, support 2.4GHz, 5GHz and 6GHz triple frequency</td></tr>
<tr><td>WPAN RADIO</td><td>Bluetooth 5.2 BLE backward compatibility</td></tr>
<tr><td>WWAN RADIO</td><td>2G: 850/900/1800/1900MHz; 3G: WCDMA (B1, B2, B5, B8), CDMA: 1X EVDO (BC0); 4G: TDD-LTE (B34, B38, B39, B40, B41), FDD-LTE (B1, B2, B3, B5, B7, B8, B20, B28 a&b)</td></tr>
<tr><td>Drop</td><td>1.5m drops to concrete (for six sides, one drop per side)</td></tr>
<tr><td>Electro Static Discharge (ESD)</td><td>±8 kV (direct discharge), ±15 kV (air discharge)</td></tr>
<tr><td>Humidity</td><td>5% to 95% (non-condensing)</td></tr>
<tr><td>IP Rating</td><td>IP67</td></tr>
<tr><td>Operating Temperature</td><td>-20°C to 55°C (-4°F to 131°F)</td></tr>
<tr><td>Storage Temperature</td><td>-40°C to 70°C (-40°F to 158°F)</td></tr>
<tr><td>Android Roadmap</td><td>https://www.newland-id.com/en/support/android-roadmap-for-newland-devices/</td></tr>
<tr><td>Configuration Tools</td><td>Ndevor</td></tr>
<tr><td>MDM (certified)</td><td>Ndevor</td></tr>
<tr><td>Comprehensive Service Contract</td><td>3 Years, 5 Years</td></tr>
<tr><td>Warranty Extension</td><td>+1 Year, +3 Years</td></tr>
<tr><td>Warranty Standard</td><td>2 Years</td></tr>
<tr><td>Accessories Optional</td><td>USB-C cable, Multiplug adapter, 4-slot battery charger, Charging cradle, Fast charging power adapter, Pistol grip, Protective case, Battery, Screen protector, Cig-plug adapter, Holster, Protection flap for holster, Belt, Neck lanyard, Mounting strap for holster, Metal clip for holster, Rotating clip for holster, Wrist holster, Hand strap, Car cradle, Heavy duty suction for car cradle, Power cable for car cradle</td></tr>
<tr><td>Accessories Standard</td><td>Hand strap, USB-C cable, Battery, Screen protector, Multiplug adapter, Protective case</td></tr>
<tr><td>NLS-MT9356-W4-SS-XE</td><td>MT9356 Megattera Pro Mobile Computer with 5.5"" touchscreen, Straight Shooter 2D CMOS Mega Pixel imager with Laser Aimer (CM66), 6GB/128GB, BT, WiFi6E, 4G, ESim, GPS, NFC and Camera. Incl. protective case, USB-C cable, battery, screen protector, hand strap, and multiplug adapter. OS: Android 13 GMS AER.</td></tr>
<tr><td>Part Number</td><td>Description</td></tr>
</tbody>
</table>",,,,,,,,
https://www.newland-id.com/en/products/mobile-computers/m10,mobile-computers,Newland,,,M10,M10,https://www.newland-id.com/datasheets/194/m10.pdf,https://newlandemea.katanapim.com/content/images/thumbs/000/0000169_m10_1.png,"Designed to bridge the gap between a rugged PDA and a sleek & stylish smartphone, the M10 Pilot Pro offers businesses a high quality Android mobile computer. At 5.7”, it’s one of the largest durable touchscreens on the market. It features edge to edge screen protection by a metal housing that’s designed to withstand high drops and offer reliable performance in all weathers. The M10 features a white anti-microbial casing that makes it perfect for healthcare applications.","Part Number: Description
CL-M1055-W4: M10 Pilot Pro Healthcare Mobile Computer (white) with 5.7"" Touch Screen, 2D CMOS imager, BT, WiFi (dual band), 4G, NFC, GPS and Camera. Incl. Protective case, wrist strap, USB cable and multiplug adapter. OS: Android 11 GMS AER.
1D: All major 1D symbologies",,,,"<table class=""Table_Products_Style"">
<thead>
<tr>
<th>Thông số kỹ thuật</th>
<th>Chi tiết</th>
</tr>
</thead>
<tbody>
<tr><td>Part Number</td><td>Description</td></tr>
<tr><td>CL-M1055-W4</td><td>M10 Pilot Pro Healthcare Mobile Computer (white) with 5.7"" Touch Screen, 2D CMOS imager, BT, WiFi (dual band), 4G, NFC, GPS and Camera. Incl. Protective case, wrist strap, USB cable and multiplug adapter. OS: Android 11 GMS AER.</td></tr>
<tr><td>1D</td><td>All major 1D symbologies</td></tr>
<tr><td>2D</td><td>All major 2D symbologies</td></tr>
<tr><td>Current Operating System</td><td>Android 11, GMS, Android Enterprise Recommended (AER)</td></tr>
<tr><td>Memory Flash</td><td>64GB</td></tr>
<tr><td>Memory RAM</td><td>4GB</td></tr>
<tr><td>Memory Storage Expansion (max.)</td><td>TF card (max 128GB) slot</td></tr>
<tr><td>Processor</td><td>2.0 GHz octa-core, 64-bit</td></tr>
<tr><td>Audio Jack</td><td>Type-C earphone</td></tr>
<tr><td>Battery Type</td><td>3.8 V, 4800 mAh</td></tr>
<tr><td>Dimensions</td><td>157(W) x 76.3(D) x 12.6(H) mm</td></tr>
<tr><td>Display/Touch Panel</td><td>5.7"" (1440 x 720) 18:9, 420 Nits, Capacitive touchscreen, Gorilla glass</td></tr>
<tr><td>Expansion Slot</td><td>TF card slot (max. 128GB); Nano+Nano or Nano+ TF</td></tr>
<tr><td>Front camera</td><td>2 MP, Fixed focus</td></tr>
<tr><td>Interfaces</td><td>USB-C, OTG</td></tr>
<tr><td>Keypad</td><td>5 keys</td></tr>
<tr><td>Notifications</td><td>Speaker, Vibration, Multi-color LEDs</td></tr>
<tr><td>Power Supply Input</td><td>AC 100 to 220 V (50 to 60 Hz)</td></tr>
<tr><td>Power Supply Output</td><td>Quick Charger (Output: DC5 V/7 V/9 V, 1.67  A)</td></tr>
<tr><td>Rear camera</td><td>13 MP, LED flash, Auto focus</td></tr>
<tr><td>Sensors</td><td>Magnetic sensor, Light & proximity sensor, Gyroscope</td></tr>
<tr><td>SIM/TF</td><td>Nano+Nano or Nano+ TF</td></tr>
<tr><td>Touch Panel</td><td>Capacitive touchscreen, Gorilla glass</td></tr>
<tr><td>Weight</td><td>231 g (including battery)</td></tr>
<tr><td>Antimicrobial housing</td><td>Escherichia coli, Staphylococcus aureus</td></tr>
<tr><td>GPS</td><td>Beidou, GLONASS, Galileo, GPS (AGPS)</td></tr>
<tr><td>RFID</td><td>13.56MHz RFID: 15O14443NB, 15015693, 15018000-3, Ml FARE, Felica RF, Kovio, NFC Forum Type 1-4 tags</td></tr>
<tr><td>WLAN RADIO</td><td>IEEE 802.11 a/b/g/n/ac, 2.4GHz and 5GHz</td></tr>
<tr><td>WPAN RADIO</td><td>Bluetooth 5.0</td></tr>
<tr><td>WWAN RADIO</td><td>2G: GSM/GPRS/EDGE (850/900/1800/1900MHz); 3G: WCDMA (B1, B2, B5, B8); CDMA 1X/EV-D0 (BC0); TDSCDMA(B34, Band39); 4G: TD-LTE (B34, B38, B39, B40, B41); FDD-LTE (B1,B2,B3,B5,B7,B8,B20,B28)</td></tr>
<tr><td>Drop</td><td>1.5m drops to concrete (BG/T 2423.8-1995 PART2), 1.22m drops to concrete MIL-STD-81 0G</td></tr>
<tr><td>Electro Static Discharge (ESD)</td><td>±8 kV (direct discharge), ±12 kV (air discharge)</td></tr>
<tr><td>Humidity</td><td>5% to 95% (non-condensing)</td></tr>
<tr><td>IP Rating</td><td>IP67</td></tr>
<tr><td>Operating Temperature</td><td>-20°C to 50°C (-4°F to 122°F)</td></tr>
<tr><td>Storage Temperature</td><td>-30°C to 60°C (-22°F to 140°F)</td></tr>
<tr><td>MDM (certified)</td><td>Ndevor, SOTI, Airwatch, VMWare Workspace ONE UEM</td></tr>
<tr><td>Warranty Standard</td><td>2 Years</td></tr>
<tr><td>Accessories Optional</td><td>USB-C cable, 4-slot battery charger, Charging cradle, Protective case, Adapter</td></tr>
</tbody>
</table>",,,,,,,,
https://www.newland-id.com/en/products/scan-engines/em3088-w,scan-engines,Newland,,,EM3088-W,EM3088-W,https://www.newland-id.com/datasheets/193/em3088-w.pdf,https://newlandemea.katanapim.com/content/images/thumbs/000/0000432_em3088-w-1.png,"The EM3088-W is a high-end scan engine with a snappy megapixel imager. With an impressive motion tolerance and ultra-wide scan angle, the EM3088-W is the go-to engine for the accurate detection of fast-moving barcodes.","1D: Code 128, EAN-13, EAN-8, Code 39, UPC-A, UPC-E, Codabar, Interleaved 2 of 5, ITF-6, ITF-14, ISBN, ISSN, Code 93, UCC/EAN-128, GSl Databar, Matrix 2 of 5, Code 11, Industrial 2 of 5, Standard 2 of 5, AIM128, Plessey, MSI-Plessey
2D: PDF417, QR Code, Micro QR, Data Matrix, Aztec
Depth of Field Code 39 (5mil): 35 mm - 65 mm",,,,"<table class=""Table_Products_Style"">
<thead>
<tr>
<th>Thông số kỹ thuật</th>
<th>Chi tiết</th>
</tr>
</thead>
<tbody>
<tr><td>1D</td><td>Code 128, EAN-13, EAN-8, Code 39, UPC-A, UPC-E, Codabar, Interleaved 2 of 5, ITF-6, ITF-14, ISBN, ISSN, Code 93, UCC/EAN-128, GSl Databar, Matrix 2 of 5, Code 11, Industrial 2 of 5, Standard 2 of 5, AIM128, Plessey, MSI-Plessey</td></tr>
<tr><td>2D</td><td>PDF417, QR Code, Micro QR, Data Matrix, Aztec</td></tr>
<tr><td>Depth of Field Code 39 (5mil)</td><td>35 mm - 65 mm</td></tr>
<tr><td>Depth of Field DataMatrix (10mil)</td><td>23 mm - 65 mm</td></tr>
<tr><td>Depth of Field EAN 13 (13mil)</td><td>30 mm - 85 mm</td></tr>
<tr><td>Depth of Field PDF417 (6.7mil)</td><td>30 mm - 55 mm</td></tr>
<tr><td>Depth of Field QR (15mil)</td><td>20 mm - 80 mm</td></tr>
<tr><td>Field of View Diagonal</td><td>109°</td></tr>
<tr><td>Field of View Horizontal</td><td>99°</td></tr>
<tr><td>Field of View Vertical</td><td>72.4°</td></tr>
<tr><td>Illumination</td><td>White LED</td></tr>
<tr><td>Image Sensor</td><td>1280 x 800 CMOS</td></tr>
<tr><td>Minimal Print Contrast</td><td>25%</td></tr>
<tr><td>Resolution</td><td>≥3mil (Code 39)</td></tr>
<tr><td>Scan Angle Pitch</td><td>±50°</td></tr>
<tr><td>Scan Angle Roll</td><td>360°</td></tr>
<tr><td>Scan Angle Skew</td><td>±50°</td></tr>
<tr><td>Current @ 3.3VDC Operating</td><td>423 mA (max)</td></tr>
<tr><td>Current @ 3.3VDC Standby</td><td>44 mA</td></tr>
<tr><td>Dimensions</td><td>21.7(W) × 14.5(D) × 12(H) mm</td></tr>
<tr><td>Input Voltage</td><td>3.3 VDC ±5%</td></tr>
<tr><td>Interfaces</td><td>USB, TTL-232</td></tr>
<tr><td>Power Consumption</td><td>181.8 mW (Typical)</td></tr>
<tr><td>Weight</td><td>3 g</td></tr>
<tr><td>Humidity</td><td>5% to 95% (non-condensing)</td></tr>
<tr><td>Operating Temperature</td><td>-20°C to 60°C (-4°F to 140°F)</td></tr>
<tr><td>Storage Temperature</td><td>-40°C to 70°C (-40°F to 158°F)</td></tr>
<tr><td>Configuration Tools</td><td>EasySet</td></tr>
<tr><td>Certifications Hardware</td><td>CE EMC Class B, FCC Part15 Class B, IEC 62471, RoHS</td></tr>
<tr><td>Warranty Standard</td><td>2 Years</td></tr>
<tr><td>Part Number</td><td>Description</td></tr>
<tr><td>NLS-EM3088-W</td><td>2D CMOS Area Imager, Superior, Megapixel CMOS 1280 x 800 , All in one, Processor, Ultra Wide FOV (H:99°/V:72,4°), TTL 232/USB interface with FFC (flexible flat cable), white Illumination, Laser Aimer, small footprint</td></tr>
</tbody>
</table>",,,,,,,,
https://www.newland-id.com/en/products/scan-engines/em20-80-v2,scan-engines,Newland,,,EM20-80,EM20-80 V2,https://www.newland-id.com/datasheets/192/em20-80-v2.pdf,https://newlandemea.katanapim.com/content/images/thumbs/000/0000339_em20-80_v2_1.png,"Designed for user-facing applications, the EM20-80 packs intuitive features to enhance the scanning experience. Its soft white illumination enables the user to scan without experiencing light flickers or glares.","1D: All major 1D symbologies, including EAN-8, EAN-13, UPC-E, UPC-A, Code 128, UCC/EAN128, I2Of5, ITF-14, ITF-6, Matrix 25, CodaBar, Code 39, Code 93, ISSN, ISBN, Industrial 25, Standard 25, Plessey, Code11, MSI-Plessey, UCC/EAN Composite, GS1 Databar, Code 49, Code 16K.
2D: All major 2D symbologies, including PDF 417, QR Code, Micro QR, Data Matrix, Aztec, Maxicode, Chinese Sensible Code, GM Code, Micro PDF417 Code, Code One.
Depth of Field DataMatrix (10mil): 35 mm - 50 mm",,,,"<table class=""Table_Products_Style"">
<thead>
<tr>
<th>Thông số kỹ thuật</th>
<th>Chi tiết</th>
</tr>
</thead>
<tbody>
<tr><td>1D</td><td>All major 1D symbologies, including EAN-8, EAN-13, UPC-E, UPC-A, Code 128, UCC/EAN128, I2Of5, ITF-14, ITF-6, Matrix 25, CodaBar, Code 39, Code 93, ISSN, ISBN, Industrial 25, Standard 25, Plessey, Code11, MSI-Plessey, UCC/EAN Composite, GS1 Databar, Code 49, Code 16K.</td></tr>
<tr><td>2D</td><td>All major 2D symbologies, including PDF 417, QR Code, Micro QR, Data Matrix, Aztec, Maxicode, Chinese Sensible Code, GM Code, Micro PDF417 Code, Code One.</td></tr>
<tr><td>Depth of Field DataMatrix (10mil)</td><td>35 mm - 50 mm</td></tr>
<tr><td>Depth of Field EAN 13 (13mil)</td><td>25 mm - 110 mm</td></tr>
<tr><td>Depth of Field PDF417 (6.67mil)</td><td>35 mm - 45 mm</td></tr>
<tr><td>Depth of Field QR (15mil)</td><td>0 mm - 90 mm</td></tr>
<tr><td>Field of View Horizontal</td><td>68°</td></tr>
<tr><td>Field of View Vertical</td><td>51°</td></tr>
<tr><td>Illumination</td><td>White LED</td></tr>
<tr><td>Image Sensor</td><td>640 x 480 CMOS</td></tr>
<tr><td>Minimal Print Contrast</td><td>30%</td></tr>
<tr><td>Scan Angle Pitch</td><td>±40°</td></tr>
<tr><td>Scan Angle Roll</td><td>360°</td></tr>
<tr><td>Scan Angle Skew</td><td>±45°</td></tr>
<tr><td>Current @ 3.3VDC Operating</td><td>141 mA</td></tr>
<tr><td>Current @ 3.3VDC Standby</td><td>93 mA</td></tr>
<tr><td>Current @ 5VDC Standby</td><td>51  mA</td></tr>
<tr><td>Dimensions</td><td>61.5(W) x 65.5(D) x 31.9(H) mm</td></tr>
<tr><td>Input Voltage</td><td>12-pin FPC connector: 3.3-5 VDC ±5%, 4-pin box connector: 3.3-5 VDC ±5%</td></tr>
<tr><td>Interfaces</td><td>USB, RS-232, TTL-232</td></tr>
<tr><td>Notifications</td><td>Beep, Green LED</td></tr>
<tr><td>Power Consumption</td><td>3.3 VDC: 466 mW, 5 VDC: 755 mW (typical)</td></tr>
<tr><td>Weight</td><td>33 g</td></tr>
<tr><td>Ambient Light</td><td>0 to 100,000 lux (natural light)</td></tr>
<tr><td>Humidity</td><td>5% to 95% (non-condensing)</td></tr>
<tr><td>Operating Temperature</td><td>-40°C to 60°C (-40˚F to 140˚F)</td></tr>
<tr><td>Storage Temperature</td><td>-40°C to 75°C (-40°F to 167°F)</td></tr>
<tr><td>Configuration Tools</td><td>EasySet</td></tr>
<tr><td>Certifications Hardware</td><td>CE EMC Class B, FCC Part15 Class B</td></tr>
<tr><td>Warranty Standard</td><td>2 Years</td></tr>
<tr><td>Accessories Optional</td><td>USB cable, RS-232 cable, Adapter</td></tr>
<tr><td>Accessories Standard</td><td>180mm flexible flat cable (FFC), Software development board</td></tr>
<tr><td>Part Number</td><td>Description</td></tr>
<tr><td>NLS-EM20-80V2</td><td>2D CMOS Area Imager, customer facing scanner, CMOS 640 x 480 , All-in-one, TTL-232/USB interface with FFC (flexible flat cable), 4-PIN connector for USB/RS232 direct connection to host, Buzzer</td></tr>
</tbody>
</table>",,,,,,,,
https://www.newland-id.com/en/products/mobile-computers/fg60-neptune,mobile-computers,Newland,,,FG60,FG60 Neptune,https://www.newland-id.com/datasheets/191/fg60-neptune.pdf,https://newlandemea.katanapim.com/content/images/thumbs/000/0000170_fg60_1.png,"Say hello to our first 5G Mobile computer. With its capacitive touchscreen and Android 11 GMS operating system, the FG60 Neptune is everything you’ve asked for in a mobile computer. The device's touchscreen with IP67 sealing supports and protects it from inevitable bumps and drops.","Part Number: Description
FG60-L: 6” Mobile computer 2.2Ghz 4GB/64GB, 2D CMOS imager with Laser Aimer, BT, WiFi, 5G, GPS, NFC, Camera. Incl USB cable and multi plug adapter (Neptune) OS: Android 11 GM
1D: All major 1D symbologies",,,,"<table class=""Table_Products_Style"">
<thead>
<tr>
<th>Thông số kỹ thuật</th>
<th>Chi tiết</th>
</tr>
</thead>
<tbody>
<tr><td>Part Number</td><td>Description</td></tr>
<tr><td>FG60-L</td><td>6” Mobile computer 2.2Ghz 4GB/64GB, 2D CMOS imager with Laser Aimer, BT, WiFi, 5G, GPS, NFC, Camera. Incl USB cable and multi plug adapter (Neptune) OS: Android 11 GM</td></tr>
<tr><td>1D</td><td>All major 1D symbologies</td></tr>
<tr><td>2D</td><td>All major 2D symbologies</td></tr>
<tr><td>Current Operating System</td><td>Android 11, GMS</td></tr>
<tr><td>Memory Flash</td><td>64GB</td></tr>
<tr><td>Memory RAM</td><td>4GB</td></tr>
<tr><td>Processor</td><td>2.2 GHz octa-core</td></tr>
<tr><td>Audio</td><td>Volume 90db±3db (test distance 10cm), Bottom stereo speaker</td></tr>
<tr><td>Battery Type</td><td>3.85 V, 5000 mAh, Swappable</td></tr>
<tr><td>Buttons</td><td>Volume+, Volume-, Shortcut key, Power key</td></tr>
<tr><td>Dimensions</td><td>163(W) x 79(D) x 18(H) mm</td></tr>
<tr><td>Display/Touch Panel</td><td>6"" (1080 x 2340), 5 points capacitive touchscreen</td></tr>
<tr><td>Expansion Slot</td><td>1 SD card</td></tr>
<tr><td>Expected Charge Time</td><td>Supports fast charging, full charge time</td></tr>
<tr><td>Front camera</td><td>8 MP, Full focus</td></tr>
<tr><td>Interfaces</td><td>USB-C</td></tr>
<tr><td>Keypad</td><td>4 keys</td></tr>
<tr><td>Notifications</td><td>LED, Vibration, Sound</td></tr>
<tr><td>Rear camera</td><td>13 MP, High brightness LED flash</td></tr>
<tr><td>Sensors</td><td>G-sensor, Acceleration sensor, Light sensor</td></tr>
<tr><td>SIM/TF</td><td>2 Micro SIM card</td></tr>
<tr><td>Top-mounted Camera</td><td>13 MP, High brightness LED flash</td></tr>
<tr><td>Touch Panel</td><td>5 points capacitive touchscreen</td></tr>
<tr><td>Weight</td><td>277 g</td></tr>
<tr><td>GPS</td><td>GPS, BD, GLONASS</td></tr>
<tr><td>NFC</td><td>ISO14443A/B , ISO15693 , NFC Reading distance: 0 to 5cm</td></tr>
<tr><td>WLAN RADIO</td><td>IEEE 802.11 a/b/g/n/ac, 2.4GHz and 5GHz</td></tr>
<tr><td>WPAN RADIO</td><td>Bluetooth 5.1 BLE</td></tr>
<tr><td>WWAN RADIO</td><td>FDD-LTE B1/B3/B5/B7/B8 TDD-LTE B34/B38/B39/ B40/B41 WCDMA B1/B2/B5/B8 GSM B2/B3/B5/B8 CDMA 1 x/CDMA2000 BC0/BC1 NR N1/N3/N28A/N41/N77/N78</td></tr>
<tr><td>Drop</td><td>1.8 m drop to concrete</td></tr>
<tr><td>Electro Static Discharge (ESD)</td><td>±8 kV (contact discharge), ±15 kV (air discharge)</td></tr>
<tr><td>Humidity</td><td>5% to 95%</td></tr>
<tr><td>IP Rating</td><td>IP67</td></tr>
<tr><td>Operating Temperature</td><td>-20°C to 55°C (-4°F to 131°F)</td></tr>
<tr><td>Storage Temperature</td><td>-30°C to 70°C (-22°F to 158°F)</td></tr>
<tr><td>Certifications Hardware</td><td>RoHS, CE, MIL-STD-810G</td></tr>
<tr><td>Warranty Standard</td><td>2 Years</td></tr>
</tbody>
</table>",,,,,,,,
https://www.newland-id.com/en/products/mobile-computers/mt95-kambur-pro,mobile-computers,Newland,,,MT95,MT95 Kambur Pro,https://www.newland-id.com/datasheets/190/mt95-kambur-pro.pdf,https://newlandemea.katanapim.com/content/images/thumbs/000/0000171_mt95_kambur_pro_1.png,"Equipped with the latest 5G technology, the MT95 Kambur Pro adds high speed and low latency, ensuring fast and efficient data transfer at all times. With the octa-core processor, Android 11 GMS, and high battery capacity, the MT95 Kambur Pro provides unparalleled performance and prolonged usage time.","Part Number: Description
NLS-MT9555-W5: MT95 Kambur Pro Mobile Computer with 6.1"" touchscreen, 2D CMOS Mega Pixel imager with Laser Aimer (DE5L), 6GB/128GB, BT, WiFi, 5G, GPS, NFC and Camera. Incl. USB-C cable, battery, screen protector, hand strap, and multiplug adapter.
1D: All major 1D symbologies",,,,"<table class=""Table_Products_Style"">
<thead>
<tr>
<th>Thông số kỹ thuật</th>
<th>Chi tiết</th>
</tr>
</thead>
<tbody>
<tr><td>Part Number</td><td>Description</td></tr>
<tr><td>NLS-MT9555-W5</td><td>MT95 Kambur Pro Mobile Computer with 6.1"" touchscreen, 2D CMOS Mega Pixel imager with Laser Aimer (DE5L), 6GB/128GB, BT, WiFi, 5G, GPS, NFC and Camera. Incl. USB-C cable, battery, screen protector, hand strap, and multiplug adapter.</td></tr>
<tr><td>1D</td><td>All major 1D symbologies</td></tr>
<tr><td>2D</td><td>All major 2D symbologies</td></tr>
<tr><td>Aiming</td><td>Laser diode</td></tr>
<tr><td>Depth of Field Code 39 (5mil)</td><td>120 mm - 280 mm</td></tr>
<tr><td>Depth of Field DataMatrix (10mil)</td><td>110 mm - 260 mm</td></tr>
<tr><td>Depth of Field EAN 13 (13mil)</td><td>70 mm - 600 mm</td></tr>
<tr><td>Depth of Field PDF417 (6.7mil)</td><td>110 mm - 230 mm</td></tr>
<tr><td>Depth of Field QR (15mil)</td><td>55 mm - 400 mm</td></tr>
<tr><td>Illumination</td><td>White LED (625±10nm)</td></tr>
<tr><td>Image Sensor</td><td>1280 x 800 CMOS</td></tr>
<tr><td>Scan Modes</td><td>Trigger Mode</td></tr>
<tr><td>Scan Rate</td><td>60 frames per second</td></tr>
<tr><td>Current Operating System</td><td>Android 11, GMS</td></tr>
<tr><td>Memory Flash</td><td>128GB</td></tr>
<tr><td>Memory RAM</td><td>6GB</td></tr>
<tr><td>Processor</td><td>2.2 GHz octa-core, 64-bit</td></tr>
<tr><td>AC Adapter</td><td>18 W fast charging supported</td></tr>
<tr><td>Battery Type</td><td>3.85 V, 6000 mAh, Smart battery</td></tr>
<tr><td>Dimensions</td><td>165(W) × 78.5(D) × 15.5(H) mm</td></tr>
<tr><td>Display/Touch Panel</td><td>6.1” (1560 x 720), 500 Nits, Gorilla glass</td></tr>
<tr><td>Front camera</td><td>8 MP, Fixed focus</td></tr>
<tr><td>Interfaces</td><td>USB-C, OTG</td></tr>
<tr><td>Keypad</td><td>5 keys</td></tr>
<tr><td>Notifications</td><td>Speaker, Vibration, Multi-color LEDs</td></tr>
<tr><td>Rear camera</td><td>13 MP, LED flash, Auto focus</td></tr>
<tr><td>Sensors</td><td>G-sensor, Magnetic sensor, Light & proximity sensor, Acceleration sensor</td></tr>
<tr><td>SIM/TF</td><td>2 Nano SIM card slots</td></tr>
<tr><td>Touch Panel</td><td>Gorilla glass</td></tr>
<tr><td>Weight</td><td>287 g (including battery)</td></tr>
<tr><td>GPS</td><td>GLONASS, Galileo, GPS (AGPS)</td></tr>
<tr><td>RFID</td><td>13.56MHz ISO14443A/B, ISO15693, ISO18000-3, MIFARE, FeliCa RF, Kovio, NFC Forum Type 1-4 Tags</td></tr>
<tr><td>WLAN RADIO</td><td>built-in 802.11 a/b/g/n/ac, support 2.4G and 5G dual frequency</td></tr>
<tr><td>WPAN RADIO</td><td>Bluetooth 5.2 BLE</td></tr>
<tr><td>WWAN RADIO</td><td>2G: GSM (B2, B3, B5, B8); 3G: WCDMA (B1, B2, B5, B8); CDMA: 1X EVDO (BC0); 4G: TDD-LTE (B34, B38, B39, B40, B41) FDD-LTE (B1, B2, B3, B5, B7, B8, B20, B28 a&b); 5G: NR (N1/3/8/28/38/41/77/78/79)</td></tr>
<tr><td>Drop</td><td>1.5 m</td></tr>
<tr><td>Electro Static Discharge (ESD)</td><td>±8 kV (direct discharge), ±15 kV (air discharge)</td></tr>
<tr><td>Humidity</td><td>5% to 95% (non-condensing)</td></tr>
<tr><td>IP Rating</td><td>IP67</td></tr>
<tr><td>Operating Temperature</td><td>-20°C to 50°C (-4°F to 122°F)</td></tr>
<tr><td>Storage Temperature</td><td>-30°C to 60°C (-22°F to 140°F)</td></tr>
<tr><td>Configuration Tools</td><td>Ndevor</td></tr>
<tr><td>MDM (certified)</td><td>Ndevor</td></tr>
<tr><td>Warranty Standard</td><td>2 Years</td></tr>
<tr><td>Accessories Optional</td><td>USB-C cable, 4-slot battery charger, Charging cradle, Pistol grip, Protective case, Adapter, Screen protector, Holster, Hand strap</td></tr>
<tr><td>Accessories Standard</td><td>USB cable, Hand strap, Battery, AC adapter</td></tr>
</tbody>
</table>",,,,,,,,
https://www.newland-id.com/en/products/industrial-handheld-scanners/hr42-halibut-hd-bluetooth,industrial-handheld-scanners,Newland,,,HR42,HR42 Halibut HD Bluetooth,https://www.newland-id.com/datasheets/189/hr42-halibut-hd-bluetooth.pdf,https://newlandemea.katanapim.com/content/images/thumbs/000/0000072_hr42_halibut_bt_2.png,"The HR42 BT Halibut is part of Newland’s Pro series and is capable of reading high density barcodes, postal and DPM with ease. With a 1.8M drop rating, this cordless solution is ready to withstand tough environments.","Part Number: Description
NLS-HR4280-BT-C(U): 2D CMOS Bluetooth Wireless Handheld Reader Mega Pixel, High Density (Blue surface) with Docking Station, USB cable and multi plug adapter.
1D: All major 1D symbologies, including 	EAN-13, EAN-8, UPC-A, UPC-E, ISSN, ISBN, Codabar, Code 128, Code93, ITF-6, ITF-14, Interleaved 2 of 5, Industrial 2 of 5, Standard 2 of 5, Matrix 2 of 5, GS1 Databar, Code 39, Code 11, MSI-Plessey, Plessey.",,,,"<table class=""Table_Products_Style"">
<thead>
<tr>
<th>Thông số kỹ thuật</th>
<th>Chi tiết</th>
</tr>
</thead>
<tbody>
<tr><td>Part Number</td><td>Description</td></tr>
<tr><td>NLS-HR4280-BT-C(U)</td><td>2D CMOS Bluetooth Wireless Handheld Reader Mega Pixel, High Density (Blue surface) with Docking Station, USB cable and multi plug adapter.</td></tr>
<tr><td>1D</td><td>All major 1D symbologies, including 	EAN-13, EAN-8, UPC-A, UPC-E, ISSN, ISBN, Codabar, Code 128, Code93, ITF-6, ITF-14, Interleaved 2 of 5, Industrial 2 of 5, Standard 2 of 5, Matrix 2 of 5, GS1 Databar, Code 39, Code 11, MSI-Plessey, Plessey.</td></tr>
<tr><td>2D</td><td>All major 2D symbologies, including PDF417, QR Code, Data Matrix, Aztec, Maxicode.</td></tr>
<tr><td>Aiming</td><td>Laser diode (650nm)</td></tr>
<tr><td>Depth of Field Code 39 (5mil)</td><td>50 mm - 100 mm</td></tr>
<tr><td>Depth of Field DataMatrix (10mil)</td><td>40 mm - 110 mm</td></tr>
<tr><td>Depth of Field EAN 13 (13mil)</td><td>25 mm - 155 mm</td></tr>
<tr><td>Depth of Field PDF417 (6.67mil)</td><td>40 mm - 105 mm</td></tr>
<tr><td>Depth of Field QR (15mil)</td><td>35 mm - 155 mm</td></tr>
<tr><td>Field of View Horizontal</td><td>40.5°</td></tr>
<tr><td>Field of View Vertical</td><td>30.4°</td></tr>
<tr><td>Illumination</td><td>White LED</td></tr>
<tr><td>Image Sensor</td><td>1280 x 960 CMOS</td></tr>
<tr><td>Minimal Print Contrast</td><td>25%</td></tr>
<tr><td>Motion Tolerance</td><td>2 m/s</td></tr>
<tr><td>Scan Angle Pitch</td><td>±50°</td></tr>
<tr><td>Scan Angle Roll</td><td>360°</td></tr>
<tr><td>Scan Angle Skew</td><td>±50°</td></tr>
<tr><td>Scan Modes</td><td>Manual Batch, Automatic Batch</td></tr>
<tr><td>Memory Flash</td><td>900KB</td></tr>
<tr><td>Battery Type</td><td>3200 mAh lithium-ion battery</td></tr>
<tr><td>Dimensions</td><td>Scanner: 115.0(W) x 74.0(D) x 161.0(H) mm, Cradle: 195.0(W) x82.5(D) x47.2(H) mm</td></tr>
<tr><td>Expected Battery Life</td><td>≥ 14 hours of continuous operation, up to 30,000 scans per charge</td></tr>
<tr><td>Expected Charge Time</td><td>4 hours</td></tr>
<tr><td>Interfaces</td><td>USB, RS-232</td></tr>
<tr><td>Notifications</td><td>Beep, LED</td></tr>
<tr><td>Power Consumption</td><td>2160 mW (typical)</td></tr>
<tr><td>Weight</td><td>Scanner: 230 g, Cradle: 146 g</td></tr>
<tr><td>Communication Modes</td><td>Manual batch, Automatic batch</td></tr>
<tr><td>Radio Technology</td><td>2.4 to 2.2835 GHz ISM Band, Bluetooth 5.0, BLE</td></tr>
<tr><td>Wireless Distance ( max.)</td><td>30 m (in open space)</td></tr>
<tr><td>Drop</td><td>1.8 m</td></tr>
<tr><td>Electro Static Discharge (ESD)</td><td>±8 kV (direct discharge), ±16 kV (air discharge)</td></tr>
<tr><td>Humidity</td><td>5% to 95% (non-condensing)</td></tr>
<tr><td>IP Rating</td><td>IP42</td></tr>
<tr><td>Operating Temperature</td><td>-20°C to 50°C (-4°F to 122°F)</td></tr>
<tr><td>Storage Temperature</td><td>-40°C to 70°C (-40°F to 158°F)</td></tr>
<tr><td>Configuration Tools</td><td>NSet</td></tr>
<tr><td>Certifications Hardware</td><td>CE EMC Class B, FCC Part15 Class B</td></tr>
<tr><td>Warranty Standard</td><td>3 Years</td></tr>
</tbody>
</table>",,,,,,,,
https://www.newland-id.com/en/products/touch-panel-computers/sd100-orion-ii,touch-panel-computers,Newland,,,SD100,SD100 Orion II,https://www.newland-id.com/datasheets/188/sd100-orion-ii.pdf,https://newlandemea.katanapim.com/content/images/thumbs/000/0000118_-3.png,Say hello to our first 5G Android tablet for all your 1D and 2D scanning needs. This 10.1-inch robust tablet makes for the ultimate scanning companion from the shop to the stock floor.,"Part Number: Description
SD100(8464M) 5G: 10"" Tablet 2.2Ghz 4GB/64GB, 2D CMOS imager with Laser Aimer, BT, WiFi, 5G, GPS, NFC, Camera. Incl USB cable and multi plug adapter (Orion II) OS: Android 11 GMS (AER)
1D: All major 1D symbologies",,,,"<table class=""Table_Products_Style"">
<thead>
<tr>
<th>Thông số kỹ thuật</th>
<th>Chi tiết</th>
</tr>
</thead>
<tbody>
<tr><td>Part Number</td><td>Description</td></tr>
<tr><td>SD100(8464M) 5G</td><td>10"" Tablet 2.2Ghz 4GB/64GB, 2D CMOS imager with Laser Aimer, BT, WiFi, 5G, GPS, NFC, Camera. Incl USB cable and multi plug adapter (Orion II) OS: Android 11 GMS (AER)</td></tr>
<tr><td>1D</td><td>All major 1D symbologies</td></tr>
<tr><td>2D</td><td>All major 2D symbologies</td></tr>
<tr><td>Current Operating System</td><td>Android 11, GMS, Android Enterprise Recommended (AER)</td></tr>
<tr><td>Memory Flash</td><td>64GB</td></tr>
<tr><td>Memory RAM</td><td>4GB</td></tr>
<tr><td>Processor</td><td>2.0 GHz octa-core</td></tr>
<tr><td>Audio</td><td>Front dual stereo speakers, Volume 90db±3db (test distance 10cm)</td></tr>
<tr><td>Audio Jack</td><td>3.5mm earphone jack</td></tr>
<tr><td>Battery Type</td><td>9000 mAh</td></tr>
<tr><td>Dimensions</td><td>254(W) x 176(D) x 17.4(H) mm</td></tr>
<tr><td>Display/Touch Panel</td><td>10” (1200 x 1920) IPS highlight screen, 5 points capacitive touchscreen</td></tr>
<tr><td>Expansion Slot</td><td>2 Micro SIM card slots, 1 SD card slot</td></tr>
<tr><td>Expected Battery Life</td><td>Typical working time not less than 10 hours</td></tr>
<tr><td>Expected Charge Time</td><td>Fast charging, full charging time <4 hours</td></tr>
<tr><td>Front camera</td><td>5 MP</td></tr>
<tr><td>Interfaces</td><td>USB-C</td></tr>
<tr><td>Keypad</td><td>12 keys</td></tr>
<tr><td>Notifications</td><td>LED, Vibration, Sound</td></tr>
<tr><td>Pogo Pin</td><td>20 Pogo Pins contact</td></tr>
<tr><td>Rear camera</td><td>13 MP, Auto focus, High brightness LED flash</td></tr>
<tr><td>Sensors</td><td>G-sensor, Proximity sensor, Ambient light sensor</td></tr>
<tr><td>Touch Panel</td><td>5 points capacitive touchscreen</td></tr>
<tr><td>Weight</td><td>800 g (with battery)</td></tr>
<tr><td>GPS</td><td>GPS, BD, GLONASS</td></tr>
<tr><td>NFC</td><td>ISO14443A/B , ISO15693 , NFC Reading distance: 0~5cm</td></tr>
<tr><td>WLAN RADIO</td><td>IEEE 802.11 a/b/g/n/ac 2.4G 5G dual frequency</td></tr>
<tr><td>WPAN RADIO</td><td>Bluetooth 5.1 BLE</td></tr>
<tr><td>WWAN RADIO</td><td>FDD-LTE B1/B3/B5/B7/B8, TDD-LTE B38/B39/B40/B41, TDSCDMA B34/B39, WCDMA B1/B2/B5/B8, GSM B2/B3/B5/B8, CDMA 1 x/CDMA2000 BC0/BC1</td></tr>
<tr><td>Drop</td><td>1 meter drop to concrete</td></tr>
<tr><td>Electro Static Discharge (ESD)</td><td>±8 kV (contact discharge), ±15 kV (air discharge)</td></tr>
<tr><td>Humidity</td><td>5% to 95% (non-condensing)</td></tr>
<tr><td>IP Rating</td><td>IP65</td></tr>
<tr><td>Operating Temperature</td><td>-20°C to 55°C (-4°F to 131°F)</td></tr>
<tr><td>Storage Temperature</td><td>-30°C to 70°C (-22°F to 158°F)</td></tr>
<tr><td>Certifications Hardware</td><td>CCC, CE</td></tr>
<tr><td>Warranty Standard</td><td>2 Years</td></tr>
</tbody>
</table>",,,,,,,,
https://www.newland-id.com/en/products/touch-panel-computers/sd100-orion-ii-md,touch-panel-computers,Newland,,,SD100,SD100 Orion II MD,https://www.newland-id.com/datasheets/187/sd100-orion-ii-md.pdf,https://newlandemea.katanapim.com/content/images/thumbs/000/0000121_sd100_orion_ii_md_3.png,"Say hello to our first 5G Android tablet for all your 1D and 2D scanning needs. Specifically designed for healthcare professionals, the SD100 Orion II MD follows the IEC60601-1 standard to ensure safe and hygienic access to patient data at a glance.","Part Number: Description
SD100(8464M)MD 5G: 10"" Healthcare Tablet 2.2Ghz 4GB/64GB, 2D CMOS imager with Laser Aimer, BT, WiFi, 5G, GPS, NFC, Camera. Incl USB cable and multi plug adapter (Orion II) OS: Android 11 GMS (AER)
1D: All major 1D symbologies",,,,"<table class=""Table_Products_Style"">
<thead>
<tr>
<th>Thông số kỹ thuật</th>
<th>Chi tiết</th>
</tr>
</thead>
<tbody>
<tr><td>Part Number</td><td>Description</td></tr>
<tr><td>SD100(8464M)MD 5G</td><td>10"" Healthcare Tablet 2.2Ghz 4GB/64GB, 2D CMOS imager with Laser Aimer, BT, WiFi, 5G, GPS, NFC, Camera. Incl USB cable and multi plug adapter (Orion II) OS: Android 11 GMS (AER)</td></tr>
<tr><td>1D</td><td>All major 1D symbologies</td></tr>
<tr><td>2D</td><td>All major 2D symbologies</td></tr>
<tr><td>Current Operating System</td><td>Android 11, GMS, Android Enterprise Recommended (AER)</td></tr>
<tr><td>Memory Flash</td><td>64GB</td></tr>
<tr><td>Memory RAM</td><td>4GB</td></tr>
<tr><td>Processor</td><td>2.0 GHz octa-core</td></tr>
<tr><td>Audio</td><td>Front dual stereo speakers, Volume 90db±3db (test distance 10cm)</td></tr>
<tr><td>Audio Jack</td><td>3.5mm earphone jack</td></tr>
<tr><td>Battery Type</td><td>9000 mAh</td></tr>
<tr><td>Dimensions</td><td>254(W) x 176(D) x 17.4(H) mm</td></tr>
<tr><td>Display/Touch Panel</td><td>10” (1200 x 1920) IPS highlight screen, 5 points capacitive touchscreen</td></tr>
<tr><td>Expansion Slot</td><td>2 Micro SIM card slots, 1 SD card slot</td></tr>
<tr><td>Expected Battery Life</td><td>Typical working time not less than 10 hours</td></tr>
<tr><td>Expected Charge Time</td><td>Fast charging, full charging time <4 hours</td></tr>
<tr><td>Front camera</td><td>5 MP</td></tr>
<tr><td>Interfaces</td><td>USB-C</td></tr>
<tr><td>Keypad</td><td>12 keys</td></tr>
<tr><td>Notifications</td><td>LED, Vibration, Sound</td></tr>
<tr><td>Pogo Pin</td><td>20 Pogo Pins contact</td></tr>
<tr><td>Rear camera</td><td>13 MP, Auto focus, High brightness LED flash</td></tr>
<tr><td>Sensors</td><td>G-sensor, Proximity sensor, COMPASS, Ambient light sensor</td></tr>
<tr><td>Touch Panel</td><td>5 points capacitive touchscreen</td></tr>
<tr><td>Weight</td><td>800 g (with battery)</td></tr>
<tr><td>GPS</td><td>GPS, BD, GLONASS</td></tr>
<tr><td>NFC</td><td>ISO14443A/B , ISO15693 , NFC Reading distance: 0~5cm; UHF ISO18000-6C, Euro frequency (865MHz - 867MHz), Antenna: 1.5dBi ceramic antenna, Power: 5dBm~30dBm adjustable, 1dbm step, Working range: Indoor >12m, Outdoor >6m, Inventory speed: >200 tags/sec</td></tr>
<tr><td>WLAN RADIO</td><td>IEEE 802.11 a/b/g/n/ac 2.4G 5G dual frequency</td></tr>
<tr><td>WPAN RADIO</td><td>Bluetooth 5.1 BLE</td></tr>
<tr><td>WWAN RADIO</td><td>FDD-LTE B1/B3/B5/B7/B8, TDD-LTE B38/B39/B40/B41, TDSCDMA B34/B39, WCDMA B1/B2/B5/B8, GSM B2/B3/B5/B8, CDMA 1 x/CDMA2000 BC0/BC1</td></tr>
<tr><td>Drop</td><td>1 meter drop to cement floor</td></tr>
<tr><td>Electro Static Discharge (ESD)</td><td>±8 kV (contact discharge), ±15 kV (air discharge)</td></tr>
<tr><td>Humidity</td><td>5% to 95%</td></tr>
<tr><td>IP Rating</td><td>IP65</td></tr>
<tr><td>Operating Temperature</td><td>-20°C to 55°C (-4°F to 131°F)</td></tr>
<tr><td>Storage Temperature</td><td>-30°C to 70°C (-22°F to 158°F)</td></tr>
<tr><td>Certifications Hardware</td><td>CCC, CE</td></tr>
<tr><td>Warranty Standard</td><td>2 Years</td></tr>
</tbody>
</table>",,,,,,,,
https://www.newland-id.com/en/products/scan-engines/em3396v2,scan-engines,Newland,,,EM3396V2,EM3396V2,https://www.newland-id.com/datasheets/186/em3396v2.pdf,https://newlandemea.katanapim.com/content/images/thumbs/000/0000434_em3396-1.png,"The EM3396 scan engine with bright laser aimer presents a convincing allround solution for a wide range of barcodes. Its CMOS sensor ensures successful reads on damaged or dense barcodes, even in low light situations.","1D: All major 1D symbologies, including Code 128, EAN-13, EAN-8, Code 39, UPC-A, UPC-E, Codabar, Interleaved 2 of 5, ITF-6, ITF-14, ISBN, Code 93, UCC/EAN-128, GS1 Databar, Matrix 2 of 5, Code 11, Industrial 2 of 5, Standard 2 of 5, Plessey, MSI-Plessey.
2D: All major 2D symbologies, including PDF417, Data Matrix (ECC200, ECC000, 050, 080, 100, 140), QR Code, Aztec, Chinese Sensible Code.
Aiming: Laser diode (650nm)",,,,"<table class=""Table_Products_Style"">
<thead>
<tr>
<th>Thông số kỹ thuật</th>
<th>Chi tiết</th>
</tr>
</thead>
<tbody>
<tr><td>1D</td><td>All major 1D symbologies, including Code 128, EAN-13, EAN-8, Code 39, UPC-A, UPC-E, Codabar, Interleaved 2 of 5, ITF-6, ITF-14, ISBN, Code 93, UCC/EAN-128, GS1 Databar, Matrix 2 of 5, Code 11, Industrial 2 of 5, Standard 2 of 5, Plessey, MSI-Plessey.</td></tr>
<tr><td>2D</td><td>All major 2D symbologies, including PDF417, Data Matrix (ECC200, ECC000, 050, 080, 100, 140), QR Code, Aztec, Chinese Sensible Code.</td></tr>
<tr><td>Aiming</td><td>Laser diode (650nm)</td></tr>
<tr><td>Depth of Field Code 39 (5mil)</td><td>55 mm - 165 mm</td></tr>
<tr><td>Depth of Field DataMatrix (10mil)</td><td>55 mm - 130 mm</td></tr>
<tr><td>Depth of Field EAN 13 (13mil)</td><td>60 mm - 290 mm</td></tr>
<tr><td>Depth of Field PDF417 (6.67mil)</td><td>55 mm - 135 mm</td></tr>
<tr><td>Depth of Field QR (15mil)</td><td>45 mm - 175 mm</td></tr>
<tr><td>Field of View Horizontal</td><td>36°</td></tr>
<tr><td>Field of View Vertical</td><td>23°</td></tr>
<tr><td>Illumination</td><td>White LED (625±10nm)</td></tr>
<tr><td>Image Sensor</td><td>752 x 480 CMOS</td></tr>
<tr><td>Minimal Print Contrast</td><td>20%</td></tr>
<tr><td>Scan Angle Pitch</td><td>±55°</td></tr>
<tr><td>Scan Angle Roll</td><td>360°</td></tr>
<tr><td>Scan Angle Skew</td><td>±55°</td></tr>
<tr><td>Decoder</td><td>ASIC (0610)</td></tr>
<tr><td>Current @ 3.3VDC Operating</td><td>116 mA (typical), 195 mA (max)</td></tr>
<tr><td>Current @ 3.3VDC Sleep</td><td>< 0,1 mA</td></tr>
<tr><td>Current @ 3.3VDC Standby</td><td>9,1 mA</td></tr>
<tr><td>Dimensions</td><td>21.5(W) × 15.3(D) × 11.8(H) mm</td></tr>
<tr><td>Input Voltage</td><td>3.3 VDC ±5%</td></tr>
<tr><td>Interfaces</td><td>USB, RS-232</td></tr>
<tr><td>Power Consumption</td><td>383 mW</td></tr>
<tr><td>Weight</td><td>5 g</td></tr>
<tr><td>Ambient Light</td><td>0 to 100,000 lux</td></tr>
<tr><td>Humidity</td><td>5% to 95% (non-condensing)</td></tr>
<tr><td>Operating Temperature</td><td>-20°C to 55°C (-4°F to 131°F)</td></tr>
<tr><td>Storage Temperature</td><td>-40°C to 70°C (-40°F to 158°F)</td></tr>
<tr><td>Configuration Tools</td><td>EasySet</td></tr>
<tr><td>Certifications Hardware</td><td>CE EMC Class B, FCC Part15 Class B</td></tr>
<tr><td>Warranty Standard</td><td>2 Years</td></tr>
<tr><td>Accessories Optional</td><td>RS-232 cable, Adapter, Software development board</td></tr>
<tr><td>Accessories Standard</td><td>75mm flexible flat cable (FFC)</td></tr>
<tr><td>Part Number</td><td>Description</td></tr>
<tr><td>NLS-EM3396V2</td><td>2D CMOS Area Imager, Standard, CMOS 640 x 480 , All-in-one, Newland Decoderchip 0610, TTL-232/USB interface with FFC (flexible flat cable), Laser Aimer, extra MCU, small footprint</td></tr>
</tbody>
</table>",,,,,,,,
https://www.newland-id.com/en/products/mobile-computers/mt90-orca-ii,mobile-computers,Newland,,,MT90,MT90 Orca II,https://www.newland-id.com/datasheets/185/mt90-orca-ii.pdf,https://newlandemea.katanapim.com/content/images/thumbs/000/0000416_mt90_orca_II_1.png,The MT90 Orca II Mobile Computer is designed with an optimal form factor for a full touchscreen mobile computer with barcode scanner. Its consumer-style design and Android operating system makes the experience similar to picking up a personal mobile phone. This makes for an intuitive use and a limited need for staff training.,"Part Number: Description
NLS-MT9052-GL-2WE: MT9052 Orca II Mobile Computer 2GB/16GB with 5” Touch Screen, 2D CMOS Mega Pixel imager with Laser Aimer (CM6x), BT, WiFi, 4G, GPS, Camera. OS: Android 8.1 GMS Incl. USB cable, battery, rubber boot and multi plug adapter
1D: All major 1D symbologies",,,,"<table class=""Table_Products_Style"">
<thead>
<tr>
<th>Thông số kỹ thuật</th>
<th>Chi tiết</th>
</tr>
</thead>
<tbody>
<tr><td>Part Number</td><td>Description</td></tr>
<tr><td>NLS-MT9052-GL-2WE</td><td>MT9052 Orca II Mobile Computer 2GB/16GB with 5” Touch Screen, 2D CMOS Mega Pixel imager with Laser Aimer (CM6x), BT, WiFi, 4G, GPS, Camera. OS: Android 8.1 GMS Incl. USB cable, battery, rubber boot and multi plug adapter</td></tr>
<tr><td>1D</td><td>All major 1D symbologies</td></tr>
<tr><td>2D</td><td>All major 2D symbologies</td></tr>
<tr><td>Aiming</td><td>Laser diode</td></tr>
<tr><td>Illumination</td><td>White LED (625±10nm)</td></tr>
<tr><td>Image Sensor</td><td>1280 x 800 CMOS</td></tr>
<tr><td>Current Operating System</td><td>Android 8.1, GMS</td></tr>
<tr><td>Memory Flash</td><td>16GB</td></tr>
<tr><td>Memory RAM</td><td>2GB</td></tr>
<tr><td>Memory Storage Expansion (max.)</td><td>Micro SD card (max. 32GB)</td></tr>
<tr><td>Processor</td><td>1.5 GHz quad-core, 64-bit</td></tr>
<tr><td>Audio</td><td>Speaker, Microphone</td></tr>
<tr><td>Audio Jack</td><td>3.5mm earphone jack</td></tr>
<tr><td>Battery Type</td><td>3.8 V, 4500 mAh</td></tr>
<tr><td>Buttons</td><td>Side Keys Volume+, Volume-, Left Scan Key, Right Scan Key, Power Button, Function Key, Keypad (4 Keys)</td></tr>
<tr><td>Dimensions</td><td>155(W) × 78.5(D) × 20.5(H) mm</td></tr>
<tr><td>Display/Touch Panel</td><td>5” full colour (1280 × 720), Capacitive touchscreen</td></tr>
<tr><td>Expansion Slot</td><td>Micro SD card (max. 32GB)</td></tr>
<tr><td>Expected Battery Life</td><td>10 hours</td></tr>
<tr><td>Expected Charge Time</td><td>5 hours (charge via AC adapter)</td></tr>
<tr><td>Interfaces</td><td>Micro USB, Pogo pins, OTG</td></tr>
<tr><td>Keypad</td><td>10 keys</td></tr>
<tr><td>Notifications</td><td>Speaker, Vibration, Multi-color LEDs</td></tr>
<tr><td>Power Supply Input</td><td>AC 100 to 240 V (50 to 60 Hz)</td></tr>
<tr><td>Power Supply Output</td><td>DC5 V, 2 A</td></tr>
<tr><td>Rear camera</td><td>LED flash, Auto focus, 8 MP</td></tr>
<tr><td>SIM/TF</td><td>Dual SIM: 1 SIM card, 1 Micro SIM Card</td></tr>
<tr><td>Touch Panel</td><td>Capacitive touchscreen</td></tr>
<tr><td>Weight</td><td>265 g (including battery)</td></tr>
<tr><td>GPS</td><td>GLONASS, GPS (AGPS)</td></tr>
<tr><td>WLAN RADIO</td><td>IEEE 802.11 a/b/g/n, 2.4GHz and 5GHz</td></tr>
<tr><td>WPAN RADIO</td><td>Bluetooth 4.2 LE, backward compatible</td></tr>
<tr><td>WWAN RADIO</td><td>2G: GSM (850/900/1800/1900MHz) 3G: WCDMA (B1, B2, B5, B8),TD-SCDMA (B34, B39), CDMA 1x/EVDO (BC0) 4G: TDD-LTE (B38, B39, B40, B41(100m)), FDD-LTE (B1, B2, B3, B5, B7, B8, B2, B28a&b)</td></tr>
<tr><td>Drop</td><td>1.5 m</td></tr>
<tr><td>Drop with Rubber Boot</td><td>1.8 m</td></tr>
<tr><td>Electro Static Discharge (ESD)</td><td>±8 kV (direct discharge), ±15 kV (air discharge)</td></tr>
<tr><td>Humidity</td><td>5% to 95% (non-condensing)</td></tr>
<tr><td>IP Rating</td><td>IP65</td></tr>
<tr><td>Operating Temperature</td><td>-20°C to 55°C (-4°F to 131°F)</td></tr>
<tr><td>Storage Temperature</td><td>-40°C to 70°C (-40°F to 158°F)</td></tr>
<tr><td>Configuration Tools</td><td>Ndevor</td></tr>
<tr><td>MDM (certified)</td><td>Ndevor, SOTI, Airwatch</td></tr>
<tr><td>Terminal Emulation (compatible)</td><td>StayLinked, Ivanti Velocity</td></tr>
<tr><td>Certifications Hardware</td><td>FCC ID, CE RED, RoHS, Laser safety (Class II), EN 62471</td></tr>
<tr><td>Warranty Standard</td><td>2 Years</td></tr>
<tr><td>Accessories Optional</td><td>4-slot battery charger, Charging cradle, Pistol grip, Battery, Wrist holster, Hand strap</td></tr>
<tr><td>Accessories Standard</td><td>USB cable, Rubber boot, Battery, AC adapter</td></tr>
</tbody>
</table>",,,,,,,,
https://www.newland-id.com/en/products/touch-panel-computers/sd100md-orion-plus,touch-panel-computers,Newland,,,SD100MD,SD100MD Orion Plus,https://www.newland-id.com/datasheets/183/sd100md-orion-plus.pdf,https://newlandemea.katanapim.com/content/images/thumbs/000/0000314_sd100md_orion_plus_1.png,"Say hello to our first 5G Android tablet for all your 1D and 2D scanning needs. Specifically designed for healthcare professionals, the SD100 Orion II MD Plus follows the EC60601-01 standard to ensure safe and hygienic access to patient data at a glance.","Part Number: Description
SD-SD100MD-PLUS: SD100 5G Plus 10"" Healthcare Tablet 2.2Ghz 4GB/64GB, 2D CMOS Mega Pixel imager with Laser Aimer (CM6x), BT, WiFi, 5G, GPS, NFC and Camera. Incl USB cable and multiplug adapter (Orion III). OS: Android 11 GMS (AER).
1D: All major 1D symbologies",,,,"<table class=""Table_Products_Style"">
<thead>
<tr>
<th>Thông số kỹ thuật</th>
<th>Chi tiết</th>
</tr>
</thead>
<tbody>
<tr><td>Part Number</td><td>Description</td></tr>
<tr><td>SD-SD100MD-PLUS</td><td>SD100 5G Plus 10"" Healthcare Tablet 2.2Ghz 4GB/64GB, 2D CMOS Mega Pixel imager with Laser Aimer (CM6x), BT, WiFi, 5G, GPS, NFC and Camera. Incl USB cable and multiplug adapter (Orion III). OS: Android 11 GMS (AER).</td></tr>
<tr><td>1D</td><td>All major 1D symbologies</td></tr>
<tr><td>2D</td><td>All major 2D symbologies</td></tr>
<tr><td>Current Operating System</td><td>Android 11, GMS, Android Enterprise Recommended (AER)</td></tr>
<tr><td>Memory Flash</td><td>64GB</td></tr>
<tr><td>Memory RAM</td><td>4GB</td></tr>
<tr><td>Processor</td><td>2.0 GHz octa-core</td></tr>
<tr><td>Audio</td><td>Front dual stereo speakers, Volume 90db±3db (test distance 10cm)</td></tr>
<tr><td>Audio Jack</td><td>3.5mm earphone jack</td></tr>
<tr><td>Battery Type</td><td>9000 mAh</td></tr>
<tr><td>Dimensions</td><td>254(W) x 176(D) x 17.4(H) mm</td></tr>
<tr><td>Display/Touch Panel</td><td>10” (1200 x 1920) IPS highlight screen, 5 points capacitive touchscreen</td></tr>
<tr><td>Expected Battery Life</td><td>Typical working time not less than 10 hours</td></tr>
<tr><td>Expected Charge Time</td><td>Fast charging, full charging time <4 hours</td></tr>
<tr><td>Front camera</td><td>5 MP</td></tr>
<tr><td>Interfaces</td><td>USB-C</td></tr>
<tr><td>Keypad</td><td>12 keys</td></tr>
<tr><td>Notifications</td><td>LED, Vibration, Sound</td></tr>
<tr><td>Pogo Pin</td><td>20 Pogo Pins contact</td></tr>
<tr><td>Rear camera</td><td>13 MP, Auto focus, High brightness LED flash</td></tr>
<tr><td>Sensors</td><td>G-sensor, Proximity sensor, COMPASS, Ambient light sensor</td></tr>
<tr><td>SIM/TF</td><td>2 Micro SIM card slots, 1 SD card slot</td></tr>
<tr><td>Touch Panel</td><td>5 points capacitive touchscreen</td></tr>
<tr><td>Weight</td><td>800 g (with battery)</td></tr>
<tr><td>GPS</td><td>GPS, BD, GLONASS</td></tr>
<tr><td>NFC</td><td>ISO14443A/B , ISO15693 , NFC Reading distance: 0~5cm; UHF ISO18000-6C, Euro frequency (865MHz - 867MHz), Antenna: 1.5dBi ceramic antenna, Power: 5dBm~30dBm adjustable, 1dbm step, Working range: Indoor >12m, Outdoor >6m, Inventory speed: >200 tags/sec</td></tr>
<tr><td>WLAN RADIO</td><td>IEEE 802.11 a/b/g/n/ac 2.4G 5G dual frequency</td></tr>
<tr><td>WPAN RADIO</td><td>Bluetooth 5.1 BLE</td></tr>
<tr><td>WWAN RADIO</td><td>FDD-LTE B1/B3/B5/B7/B8, TDD-LTE B38/B39/B40/B41, TDSCDMA B34/B39, WCDMA B1/B2/B5/B8, GSM B2/B3/B5/B8, CDMA 1 x/CDMA2000 BC0/BC1</td></tr>
<tr><td>Drop</td><td>1 meter drop to cement floor</td></tr>
<tr><td>Electro Static Discharge (ESD)</td><td>±8 kV (contact discharge), ±15 kV (air discharge)</td></tr>
<tr><td>Humidity</td><td>5% to 95%</td></tr>
<tr><td>IP Rating</td><td>IP65</td></tr>
<tr><td>Operating Temperature</td><td>-20°C to 55°C (-4°F to 131°F)</td></tr>
<tr><td>Storage Temperature</td><td>-30°C to 70°C (-22°F to 158°F)</td></tr>
<tr><td>Certifications Hardware</td><td>CCC, CE</td></tr>
<tr><td>Warranty Standard</td><td>2 Years</td></tr>
<tr><td>Accessories Optional</td><td>Charging cradle, Car cradle</td></tr>
<tr><td>Accessories Standard</td><td>Hand strap</td></tr>
</tbody>
</table>",,,,,,,,
https://www.newland-id.com/en/products/general-purpose-handheld-scanners/hr15-wahoo-bt-sd,general-purpose-handheld-scanners,Newland,,,HR15 Wahoo BT SD,HR15 Wahoo BT SD,https://www.newland-id.com/datasheets/182/hr15-wahoo-bt-sd.pdf,https://newlandemea.katanapim.com/content/images/thumbs/000/0000032_hr15-wahoo-bt-sd.png,"Adopting the latest Bluetooth 5.0 technology, the HR15 Wahoo BT SD is able to maintain a strong, anti-interference connection to transmit data. This versatile wireless scanner fits right at home in tight workspaces and the outer corners of your stock floors. The detachable dongle seamlessly transforms the upright charging cradle into a communication cradle.","1D: All major 1D symbologies, including EAN-13, EAN-8, UPC-A, UPC-E, ISSN, ISBN, Codabar, Code 128, Code 93, ITF-6, ITF-14, Interleaved 2 of 5, Industrial 25, Standard 25, Matrix 2 of 5, GS1 Databar, Code 39, Code 11, MSI-Plessey, Plessey.
Depth of Field Code 39 (5mil): 90 mm - 160 mm
Depth of Field EAN 13 (13mil): 55 mm - 550 mm",,,,"<table class=""Table_Products_Style"">
<thead>
<tr>
<th>Thông số kỹ thuật</th>
<th>Chi tiết</th>
</tr>
</thead>
<tbody>
<tr><td>1D</td><td>All major 1D symbologies, including EAN-13, EAN-8, UPC-A, UPC-E, ISSN, ISBN, Codabar, Code 128, Code 93, ITF-6, ITF-14, Interleaved 2 of 5, Industrial 25, Standard 25, Matrix 2 of 5, GS1 Databar, Code 39, Code 11, MSI-Plessey, Plessey.</td></tr>
<tr><td>Depth of Field Code 39 (5mil)</td><td>90 mm - 160 mm</td></tr>
<tr><td>Depth of Field EAN 13 (13mil)</td><td>55 mm - 550 mm</td></tr>
<tr><td>Illumination</td><td>Red LED (622nm-628nm)</td></tr>
<tr><td>Image Sensor</td><td>2500 CCD</td></tr>
<tr><td>Minimal Print Contrast</td><td>>25%</td></tr>
<tr><td>Scan Angle Pitch</td><td>±60°</td></tr>
<tr><td>Scan Angle Skew</td><td>±60°</td></tr>
<tr><td>Memory Flash</td><td>≥15000 pieces Code 128 (20 byte of each code 128)</td></tr>
<tr><td>Battery Type</td><td>2400 mAh lithium-ion battery</td></tr>
<tr><td>Dimensions</td><td>113.5(W) x 73.3(D) x 159(H) mm</td></tr>
<tr><td>Input Voltage</td><td>5 VDC ±5%</td></tr>
<tr><td>Interfaces</td><td>USB</td></tr>
<tr><td>Notifications</td><td>Beep, LED</td></tr>
<tr><td>Weight</td><td>213 g</td></tr>
<tr><td>Communication Modes</td><td>Synchronous, Asynchronous, Batch</td></tr>
<tr><td>Radio Technology</td><td>Bluetooth 5.0</td></tr>
<tr><td>Wireless Distance ( max.)</td><td>≥50 m/164ft (direct line of sight in open air)</td></tr>
<tr><td>Drop</td><td>1.5 m</td></tr>
<tr><td>Drop with Cradle</td><td>1 m</td></tr>
<tr><td>Electro Static Discharge (ESD)</td><td>±8 kV (air discharge), ±4 kV (direct discharge)</td></tr>
<tr><td>Humidity</td><td>5% to 95% (non-condensing)</td></tr>
<tr><td>IP Rating</td><td>IP42</td></tr>
<tr><td>Operating Temperature</td><td>-20°C to 60°C (-4°F to 140°F)</td></tr>
<tr><td>Storage Temperature</td><td>-40°C to 70°C (-40°F to 158°F)</td></tr>
<tr><td>Configuration Tools</td><td>EasySet</td></tr>
<tr><td>Certifications Hardware</td><td>CE EMC Class B, FCC Part15 Class B, RoHS</td></tr>
<tr><td>Comprehensive Service Contract</td><td>3 Years, 5 Years</td></tr>
<tr><td>Warranty Standard</td><td>3 Years</td></tr>
<tr><td>Accessories Optional</td><td>USB cable, USB-C cable, Multiplug adapter, RS-232 cable, Wall mount clip, Stand/Docking station</td></tr>
<tr><td>Accessories Standard</td><td>USB cable, Stand/Docking station</td></tr>
<tr><td>NLS-HR1580-BT-SD</td><td>HR15 Wahoo 1D CCD Wireless Bluetooth Handheld Reader with Stand/Docking Station and USB cable.</td></tr>
<tr><td>Part Number</td><td>Description</td></tr>
</tbody>
</table>",,,,,,,,
https://www.newland-id.com/en/products/scan-engines/em1365-ex,scan-engines,Newland,,,EM1365-EX,EM1365-EX,https://www.newland-id.com/datasheets/181/em1365-ex.pdf,https://newlandemea.katanapim.com/content/images/thumbs/000/0000436_em1365-ex_1.png,"The EM1365-EX is our top all-round engine for all major 1D barcodes. Equipped with a CCD sensor and powerful processor, it is designed and built with flexibility in mind. The decoding settings and firmware can be adjusted to match your specific needs.","1D: EAN-13, EAN-8, UPC-A, UPC-E, ISSN, ISBN, Codabar, GS1 Databar, Code 128, ITF-6, ITF-14, Interleaved 2 of 5, Industrial 2 of 5, Standard 2 of 5, Matrix 2 of 5, Code 39, Code 11, MSI-Plessey, Code 93, Plessey
Decode Rate: 300 times per second (max.)
Depth of Field Code 39 (5mil): 90 mm - 190 mm",,,,"<table class=""Table_Products_Style"">
<thead>
<tr>
<th>Thông số kỹ thuật</th>
<th>Chi tiết</th>
</tr>
</thead>
<tbody>
<tr><td>1D</td><td>EAN-13, EAN-8, UPC-A, UPC-E, ISSN, ISBN, Codabar, GS1 Databar, Code 128, ITF-6, ITF-14, Interleaved 2 of 5, Industrial 2 of 5, Standard 2 of 5, Matrix 2 of 5, Code 39, Code 11, MSI-Plessey, Code 93, Plessey</td></tr>
<tr><td>Decode Rate</td><td>300 times per second (max.)</td></tr>
<tr><td>Depth of Field Code 39 (5mil)</td><td>90 mm - 190 mm</td></tr>
<tr><td>Depth of Field EAN 13 (13mil)</td><td>60 mm - 600 mm</td></tr>
<tr><td>Field of View Horizontal</td><td>43˚</td></tr>
<tr><td>Illumination</td><td>Red LED (620nm-630nm)</td></tr>
<tr><td>Image Sensor</td><td>2500 CCD</td></tr>
<tr><td>Minimal Print Contrast</td><td>30%</td></tr>
<tr><td>Resolution</td><td>≥3mil</td></tr>
<tr><td>Scan Angle Pitch</td><td>±65˚</td></tr>
<tr><td>Scan Angle Skew</td><td>±65˚</td></tr>
<tr><td>Current @ 3.3VDC Operating</td><td>21 mA (typical), 88 mA (max)</td></tr>
<tr><td>Current @ 3.3VDC Standby</td><td>10 mA</td></tr>
<tr><td>Dimensions</td><td>28.2(W) × 21.6(D) × 8.6(H) mm</td></tr>
<tr><td>Input Voltage</td><td>3.3 VDC ±5%</td></tr>
<tr><td>Interfaces</td><td>TTL-232, USB 1.1</td></tr>
<tr><td>Power Consumption</td><td>69 mW (typical)</td></tr>
<tr><td>Weight</td><td>5.7 g</td></tr>
<tr><td>Ambient Light</td><td>0 to 100,000 lux (natural light)</td></tr>
<tr><td>Humidity</td><td>5% to 95% (non-condensing)</td></tr>
<tr><td>Operating Temperature</td><td>-20°C to 55°C (-4°F to 131°F)</td></tr>
<tr><td>Storage Temperature</td><td>-40°C to 70°C (-40°F to 158°F)</td></tr>
<tr><td>Configuration Tools</td><td>EasySet</td></tr>
<tr><td>Certifications Hardware</td><td>CE EMC Class B, FCC Part15 Class B</td></tr>
<tr><td>Warranty Standard</td><td>2 Years</td></tr>
<tr><td>Accessories Optional</td><td>USB cable, RS-232 cable, Adapter</td></tr>
<tr><td>Part Number</td><td>Description</td></tr>
<tr><td>NLS-EM1365-EX</td><td>1D type scanning module, 2500 CCD, red LED backlight and red LED sight. 12-pin FPC connector, USB + TTL232. Standard depth of field, FFC cable 12PIN-75mm.</td></tr>
</tbody>
</table>",,,,,,,,
https://www.newland-id.com/en/products/scan-engines/n1-er,scan-engines,Newland,,,N1-ER,N1-ER,https://www.newland-id.com/datasheets/180/n1-er.pdf,https://newlandemea.katanapim.com/content/images/thumbs/000/0000442_n1-er-1.png,"The N1-ER showcases some of Newland’s most impressive OEM technology. Featuring an extended scanning range, the N1-ER can scan from up to 1.4-meter distances. With its 6th generation UIMG scanning technology, the N1-ER has outstanding accuracy and speed, even when it comes to hard-to-read 1D and 2D barcodes.","1D: All major 1D symbologies, including Code 128, EAN-13, EAN-8, Code 39, UPC-A, UPC-E, Codabar, Interleaved 2 of 5, ITF-6, ITF-14, ISBN, ISSN, Code 93, UCC/EAN-128, GS1 Databar, Matrix 2 of 5, Code 11, Industrial 2 of 5, Standard 2 of 5, AIM128, Plessey, MSI-Plessey.
2D: All major 2D symbologies, including PDF417, QR Code, Micro QR, Data Matrix, Aztec.
Aiming: Laser diode (650nm)",,,,"<table class=""Table_Products_Style"">
<thead>
<tr>
<th>Thông số kỹ thuật</th>
<th>Chi tiết</th>
</tr>
</thead>
<tbody>
<tr><td>1D</td><td>All major 1D symbologies, including Code 128, EAN-13, EAN-8, Code 39, UPC-A, UPC-E, Codabar, Interleaved 2 of 5, ITF-6, ITF-14, ISBN, ISSN, Code 93, UCC/EAN-128, GS1 Databar, Matrix 2 of 5, Code 11, Industrial 2 of 5, Standard 2 of 5, AIM128, Plessey, MSI-Plessey.</td></tr>
<tr><td>2D</td><td>All major 2D symbologies, including PDF417, QR Code, Micro QR, Data Matrix, Aztec.</td></tr>
<tr><td>Aiming</td><td>Laser diode (650nm)</td></tr>
<tr><td>Depth of Field Code 128 (40mil)</td><td>115 mm - 1400 mm</td></tr>
<tr><td>Depth of Field Code 39 (20mil)</td><td>65 mm - 800 mm</td></tr>
<tr><td>Depth of Field Code 39 (5mil)</td><td>120 mm - 260 mm</td></tr>
<tr><td>Depth of Field EAN 13 (13mil)</td><td>105 mm - 680 mm</td></tr>
<tr><td>Depth of Field QR (15mil)</td><td>80 mm - 250 mm</td></tr>
<tr><td>Field of View Horizontal</td><td>28°</td></tr>
<tr><td>Field of View Vertical</td><td>21°</td></tr>
<tr><td>Illumination</td><td>White LED</td></tr>
<tr><td>Image Sensor</td><td>640 x 480 CMOS</td></tr>
<tr><td>Minimal Print Contrast</td><td>20%</td></tr>
<tr><td>Resolution</td><td>≥3mil (1D), ≥6.67mil (2D)</td></tr>
<tr><td>Scan Angle Pitch</td><td>±60°</td></tr>
<tr><td>Scan Angle Roll</td><td>360°</td></tr>
<tr><td>Scan Angle Skew</td><td>±60°</td></tr>
<tr><td>Decoder</td><td>ASIC (0610)</td></tr>
<tr><td>Current @ 3.3VDC Operating</td><td>176 mA (typical)</td></tr>
<tr><td>Current @ 3.3VDC Standby</td><td>11.8 mA</td></tr>
<tr><td>Dimensions</td><td>23.8(W) x 10.5(D) x 7(H) mm (max)</td></tr>
<tr><td>Input Voltage</td><td>3.3 VDC ±5%</td></tr>
<tr><td>Interfaces</td><td>USB, TTL-232</td></tr>
<tr><td>Power Consumption</td><td>581 mW (typical)</td></tr>
<tr><td>Weight</td><td>2 g</td></tr>
<tr><td>Ambient Light</td><td>0 to 100,000 lux (natural light)</td></tr>
<tr><td>Humidity</td><td>5% to 95% (non-condensing)</td></tr>
<tr><td>Operating Temperature</td><td>-20°C to 60°C (-4°F to 140°F)</td></tr>
<tr><td>Storage Temperature</td><td>-40°C to 70°C (-40°F to 158°F)</td></tr>
<tr><td>Configuration Tools</td><td>EasySet</td></tr>
<tr><td>Certifications Hardware</td><td>CE EMC Class B, FCC Part15 Class B, RoHS</td></tr>
<tr><td>Warranty Standard</td><td>2 Years</td></tr>
<tr><td>Accessories Optional</td><td>USB cable, RS-232 cable, Software development board</td></tr>
<tr><td>Part Number</td><td>Description</td></tr>
<tr><td>NLS-N1-ER</td><td>2D CMOS Area Imager, Standard, CMOS 640 x 480 , All-in-one, Extended Range, Newland Decoder chip 0610, TTL-232/USB interface with FPC cable (Flexible Printed Circuits), white Illumination, LED Aimer, small footprint, low power consumption</td></tr>
</tbody>
</table>",,,,,,,,
https://www.newland-id.com/en/products/touch-panel-computers/nquire-500-skate-ii,touch-panel-computers,Newland,,,NQuire 500 Skate II,NQuire 500 Skate II,https://www.newland-id.com/datasheets/179/nquire-500-skate-ii.pdf,https://newlandemea.katanapim.com/content/images/thumbs/000/0000127_nq500_5.png,"Compact in size yet powerful in function, the NQuire 500 Skate II boasts a touchscreen display and a megapixel scanning technology, delivering unmatched performance. Its upgraded sleek design adds a contemporary feel that easily blends into your self service environment.","1D: All major 1D symbologies
2D: All major 2D symbologies
Depth of Field Code 39 (5mil): 110 mm - 290 mm",,,,"<table class=""Table_Products_Style"">
<thead>
<tr>
<th>Thông số kỹ thuật</th>
<th>Chi tiết</th>
</tr>
</thead>
<tbody>
<tr><td>1D</td><td>All major 1D symbologies</td></tr>
<tr><td>2D</td><td>All major 2D symbologies</td></tr>
<tr><td>Depth of Field Code 39 (5mil)</td><td>110 mm - 290 mm</td></tr>
<tr><td>Depth of Field DataMatrix (10mil)</td><td>110 mm - 260 mm</td></tr>
<tr><td>Depth of Field EAN 13 (13mil)</td><td>70 mm - 610 mm</td></tr>
<tr><td>Depth of Field PDF417 (6.7mil)</td><td>110 mm - 230 mm</td></tr>
<tr><td>Depth of Field QR (15mil)</td><td>55 mm - 410 mm</td></tr>
<tr><td>Current Operating System</td><td>Android 13, GMS</td></tr>
<tr><td>Memory Flash</td><td>64GB</td></tr>
<tr><td>Memory RAM</td><td>4GB</td></tr>
<tr><td>Processor</td><td>2.0 GHz octa-core, 64-bit</td></tr>
<tr><td>AC Adapter</td><td>12 V, 3 A</td></tr>
<tr><td>Dimensions</td><td>156.5(W) x 100.4(D) x 29(H) mm</td></tr>
<tr><td>Display/Touch Panel</td><td>5” (854 x 480), brightness: 310 nits, Capacitive touchscreen</td></tr>
<tr><td>Front camera</td><td>8 MP</td></tr>
<tr><td>Interfaces</td><td>USB-A, Ethernet, GPIO, MicroSD Card</td></tr>
<tr><td>Keypad</td><td>5 keys</td></tr>
<tr><td>Modules</td><td>Built in 4G module</td></tr>
<tr><td>Notifications</td><td>Speaker, Multi-color LEDs</td></tr>
<tr><td>Power over Ethernet</td><td>RJ45 IEEE 802.3 af/at</td></tr>
<tr><td>Sensors</td><td>Gravity Sensor, Infrared sensor</td></tr>
<tr><td>SIM/TF</td><td>Nano+Nano, Nano+TF</td></tr>
<tr><td>Touch Panel</td><td>Capacitive touchscreen</td></tr>
<tr><td>GPS</td><td>Beidou, GLONASS, Galileo, GPS (AGPS)</td></tr>
<tr><td>NFC</td><td>13.56MHz RFID: ISO14443A/B, MIFARE, FeliCa, NFC Forum Tags, ISO15693. Supports ID card reading, supports reader/writer modes. (optional NFC module is required)</td></tr>
<tr><td>WLAN RADIO</td><td>IEEE 802.11 a/b/g/n/ac, support 2.4G and 5G, dual frequency</td></tr>
<tr><td>WPAN RADIO</td><td>Bluetooth 5.2</td></tr>
<tr><td>WWAN RADIO</td><td>2G: 850/900/1800/1900 MHz; 3G: WCDMA (B1, B2, B5, B8); CDMA:1X EVDO (BC0); TD-SCDMA: B34/39; 4G: TDD-LTE (B34,B38, B39, B40, B41), FDD-LTE (B1,B2,B3,B5, B7, B8, B20, B28 a&b)</td></tr>
<tr><td>Electro Static Discharge (ESD)</td><td>±12 kV (air discharge), ±6 kV (direct discharge)</td></tr>
<tr><td>Humidity</td><td>5% to 90% (non-condensing)</td></tr>
<tr><td>IP Rating</td><td>IP54 (front only)</td></tr>
<tr><td>Operating Temperature</td><td>-10°C to 50°C (14°F to 122°F)</td></tr>
<tr><td>Storage Temperature</td><td>-20°C to 60°C (-4°F to 140°F)</td></tr>
<tr><td>Android Roadmap</td><td>https://www.newland-id.com/en/support/android-roadmap-for-newland-devices/</td></tr>
<tr><td>MDM (certified)</td><td>Ndevor</td></tr>
<tr><td>Comprehensive Service Contract</td><td>3 Years, 5 Years</td></tr>
<tr><td>Warranty Extension</td><td>+1 Year, +3 Years</td></tr>
<tr><td>Warranty Standard</td><td>2 Years</td></tr>
<tr><td>Accessories Optional</td><td>Multiplug adapter, Desktop stand Vesa75, Wall mount bracket Vesa75, MSR reader module, NFC reader module, NQuire IO Kit</td></tr>
<tr><td>Accessories Standard</td><td>Multiplug adapter, Wall mount bracket Vesa75</td></tr>
<tr><td>NLS-NQUIRE500-W4-SL</td><td>NQuire 500 Skate II Micro Kiosk with 5"" Touch Screen, 2D CMOS Mega Pixel imager with Laser Aimer (CM6x, Landscape), 8MP front camera, BT, 4G, GPS, WiFi and POE. Incl. wall mount bracket and multiplug adapter. OS: Android 13 GMS.</td></tr>
<tr><td>Part Number</td><td>Description</td></tr>
</tbody>
</table>",,,,,,,,
https://www.newland-id.com/en/products/wearables/wd5-industrial-smartwatch,wearables,Newland,,,WD5 Industrial Smartwatch,WD5 Industrial Smartwatch,https://www.newland-id.com/datasheets/178/wd5-industrial-smartwatch.pdf,https://newlandemea.katanapim.com/content/images/thumbs/000/0000410_wd5_industrial_smartwatch_1.png,"Introducing the WD5 Industrial Smartwatch - The future of industrial efficiency is now at your fingertips! Powered by Android 13 and a lightning-fast 2.0 GHz octa-core processor, the WD5 is designed to keep up with your business needs and enhance safety, efficiency, and performance. Bluetooth 5.1, dual-band WiFi 6, and NFC provide seamless, power-efficient real-time data capture and communication connectivity. Witness your team’s productivity soar with this state-of-the-art wearable, purpose-built for today’s demanding industrial environments.","1D: Code 128, EAN-13, EAN-8, Code 39, UPC-A, UPC-E,Codabar, Interleaved 2 of 5, ITF-6, ITF-14, ISBN, Code 93,UCC/EAN-128, GS1 Databar, Matrix 2 of 5, Code 11, Industrial 2 of 5, Standard 2 of 5, Plessey, MSI-Plessey
2D: PDF417, QR Code, Data Matrix
Aiming: Red LED",,,,"<table class=""Table_Products_Style"">
<thead>
<tr>
<th>Thông số kỹ thuật</th>
<th>Chi tiết</th>
</tr>
</thead>
<tbody>
<tr><td>1D</td><td>Code 128, EAN-13, EAN-8, Code 39, UPC-A, UPC-E,Codabar, Interleaved 2 of 5, ITF-6, ITF-14, ISBN, Code 93,UCC/EAN-128, GS1 Databar, Matrix 2 of 5, Code 11, Industrial 2 of 5, Standard 2 of 5, Plessey, MSI-Plessey</td></tr>
<tr><td>2D</td><td>PDF417, QR Code, Data Matrix</td></tr>
<tr><td>Aiming</td><td>Red LED</td></tr>
<tr><td>Depth of Field Code 39 (5mil)</td><td>65 mm - 150 mm</td></tr>
<tr><td>Depth of Field DataMatrix (10mil)</td><td>55 mm - 120 mm</td></tr>
<tr><td>Depth of Field EAN 13 (13mil)</td><td>65 mm - 295 mm</td></tr>
<tr><td>Depth of Field PDF417 (6.7mil)</td><td>60 mm - 120 mm</td></tr>
<tr><td>Depth of Field QR (15mil)</td><td>35 mm - 180 mm</td></tr>
<tr><td>Image Sensor</td><td>800 x 640 CMOS</td></tr>
<tr><td>Current Operating System</td><td>Android 13</td></tr>
<tr><td>Memory Flash</td><td>64GB</td></tr>
<tr><td>Memory RAM</td><td>4GB</td></tr>
<tr><td>Processor</td><td>2.0 GHz octa-core, 64-bit</td></tr>
<tr><td>AC Adapter</td><td>5 V, 2 A</td></tr>
<tr><td>Battery Type</td><td>3,85 V, 1200 mAh</td></tr>
<tr><td>Dimensions</td><td>265(W) × 58(D) × 19(H) mm; Wristband: 24mm</td></tr>
<tr><td>Display/Touch Panel</td><td>2.06"" AMOLED (410 x 502), support multi touch, brightness: 480 nits</td></tr>
<tr><td>Interfaces</td><td>Pogo pins</td></tr>
<tr><td>Keypad</td><td>4 keys</td></tr>
<tr><td>Notifications</td><td>Speaker, Vibration</td></tr>
<tr><td>Sensors</td><td>Magnetic sensor, Gyroscope, Acceleration sensor</td></tr>
<tr><td>Top-mounted Camera</td><td>13 MP, Auto focus</td></tr>
<tr><td>Weight</td><td>81 g (including battery)</td></tr>
<tr><td>RFID</td><td>ISO14443A/B, ISO15693, MIFARE, FeliCa RF, Kovio, NFC Forum Type 1-4 Tags</td></tr>
<tr><td>WLAN RADIO</td><td>Built-in 802.11 a/b/g/n/ac/ax, support 2.4GHz and 5GHz, k/v/r compliant</td></tr>
<tr><td>WPAN RADIO</td><td>Bluetooth 5.1</td></tr>
<tr><td>Drop</td><td>1.5m drops to concrete (for six sides, one drop per side)</td></tr>
<tr><td>Electro Static Discharge (ESD)</td><td>±6 kV (direct discharge), ±10 kV (air discharge)</td></tr>
<tr><td>Humidity</td><td>5% to 95% (non-condensing)</td></tr>
<tr><td>IP Rating</td><td>IP67</td></tr>
<tr><td>Operating Temperature</td><td>-20°C to 50°C (-4°F to 122°F)</td></tr>
<tr><td>Storage Temperature</td><td>-30°C to 60°C (-22°F to 140°F)</td></tr>
<tr><td>Android Roadmap</td><td>https://www.newland-id.com/en/support/android-roadmap-for-newland-devices/</td></tr>
<tr><td>Configuration Tools</td><td>Ndevor</td></tr>
<tr><td>MDM (certified)</td><td>Ndevor</td></tr>
<tr><td>Comprehensive Service Contract</td><td>3 Years, 5 Years</td></tr>
<tr><td>Warranty Extension</td><td>+1 Year, +3 Years</td></tr>
<tr><td>Warranty Standard</td><td>2 Years</td></tr>
<tr><td>Accessories Optional</td><td>Charging cradle, Fast charging power adapter, Screen protector, Silicone watch strap, Belt clip, Belt clip with retractable reel</td></tr>
<tr><td>Accessories Standard</td><td>USB-C cable, Watch strap (tensile strength max. 80N), Charging cradle</td></tr>
<tr><td>NLS-WD5-ISW</td><td>WD5 Industrial Smartwatch with 2.06"" AMOLED Touch Screen, 2D CMOS VGA imager with red LED Aimer (CM30), 4GB/64GB, BT, NFC and WiFi. Incl. wrist band, USB-C cable (CBL-TC-N7) and Charging Cradle (NLS-CDWD5-01).  OS: Android 13.0</td></tr>
<tr><td>Part Number</td><td>Description</td></tr>
</tbody>
</table>",,,,,,,,
https://www.newland-id.com/en/products/industrial-handheld-scanners/nvh300-angler-dp,industrial-handheld-scanners,Newland,,,NVH300,NVH300 Angler DP,https://www.newland-id.com/datasheets/177/nvh300-angler-dp.pdf,https://newlandemea.katanapim.com/content/images/thumbs/000/0000056_nvh300_angler_1.png,"The NVH300 Angler DP is perfect for scanning DPM barcodes even on reflective, curved or shiny surfaces with its advanced illumination. The intelligent light system switches between illumination types to adjust to the existing light source and simplify the scanning of difficult barcodes. The rugged industrial design and IP64 housing guarantee that the scanner survives even in the harshest environments.","Part Number: Description
NLS-NVH300-D0: NVH300 Angler 2D CMOS Mega Pixel Industrial Handheld Reader, Direct Part Mark, 3 Color LED, with 2 mtr. USB cable.
1D: All major 1D symbologies, including EAN 8, EAN 13, UPC E, UPC A, Code128, Coupon, UCC/EAN128, CodaBar, I2Of5, Febraban, ITF14, ITF6, Matrix 25, Code39, Code93, ISSN, ISBN, Industrial 25, Standard 25, China Post 25, Plessey, Code 11, MSI Plessey, UCC/EAN Composite, GS1 Databar, Code 49, Code 16K, AIM 128, ISBT 128.",,,,"<table class=""Table_Products_Style"">
<thead>
<tr>
<th>Thông số kỹ thuật</th>
<th>Chi tiết</th>
</tr>
</thead>
<tbody>
<tr><td>Part Number</td><td>Description</td></tr>
<tr><td>NLS-NVH300-D0</td><td>NVH300 Angler 2D CMOS Mega Pixel Industrial Handheld Reader, Direct Part Mark, 3 Color LED, with 2 mtr. USB cable.</td></tr>
<tr><td>1D</td><td>All major 1D symbologies, including EAN 8, EAN 13, UPC E, UPC A, Code128, Coupon, UCC/EAN128, CodaBar, I2Of5, Febraban, ITF14, ITF6, Matrix 25, Code39, Code93, ISSN, ISBN, Industrial 25, Standard 25, China Post 25, Plessey, Code 11, MSI Plessey, UCC/EAN Composite, GS1 Databar, Code 49, Code 16K, AIM 128, ISBT 128.</td></tr>
<tr><td>2D</td><td>All major 2D symbologies, including QR Code, Data Matrix.</td></tr>
<tr><td>Aiming</td><td>Laser diode (650nm)</td></tr>
<tr><td>Depth of Field Code 39 (5mil)</td><td>18 mm - 90 mm</td></tr>
<tr><td>Depth of Field DataMatrix (10mil)</td><td>0 mm - 90 mm</td></tr>
<tr><td>Depth of Field QR (15mil)</td><td>0 mm - 90 mm</td></tr>
<tr><td>Field of View Horizontal</td><td>41°</td></tr>
<tr><td>Field of View Vertical</td><td>31°</td></tr>
<tr><td>Illumination</td><td>Diffuse: ring of red LEDs, Direct: White LED, Ring of blue LEDs</td></tr>
<tr><td>Image Sensor</td><td>1280 x 960 CMOS</td></tr>
<tr><td>Minimal Print Contrast</td><td>20%</td></tr>
<tr><td>Motion Tolerance</td><td>2 m/s</td></tr>
<tr><td>Scan Angle Pitch</td><td>±60°</td></tr>
<tr><td>Scan Angle Roll</td><td>360°</td></tr>
<tr><td>Scan Angle Skew</td><td>±55°</td></tr>
<tr><td>Current @ 5VDC Operating</td><td>450  mA (typical), 475  mA (max)</td></tr>
<tr><td>Dimensions</td><td>76(W) x 107(D) x 185(H) mm</td></tr>
<tr><td>Input Voltage</td><td>5 VDC ±5%</td></tr>
<tr><td>Interfaces</td><td>USB, RS-232</td></tr>
<tr><td>Notifications</td><td>Beep, LED, Vibration</td></tr>
<tr><td>Power Consumption</td><td>2250 mW (typical)</td></tr>
<tr><td>Weight</td><td>245 g</td></tr>
<tr><td>Drop</td><td>1.8 m</td></tr>
<tr><td>Electro Static Discharge (ESD)</td><td>±8 kV (direct discharge), ±16 kV (air discharge)</td></tr>
<tr><td>Humidity</td><td>5% to 95% (non-condensing)</td></tr>
<tr><td>IP Rating</td><td>IP64</td></tr>
<tr><td>Operating Temperature</td><td>-20°C to 50°C (-4°F to 122°F)</td></tr>
<tr><td>Storage Temperature</td><td>-40°C to 70°C (-40°F to 158°F)</td></tr>
<tr><td>Configuration Tools</td><td>NSet</td></tr>
<tr><td>Certifications Hardware</td><td>CE EMC Class B, FCC Part15 Class B</td></tr>
<tr><td>Comprehensive Service Contract</td><td>3 Years, 5 Years</td></tr>
<tr><td>Warranty Standard</td><td>5 Years</td></tr>
<tr><td>Accessories Optional</td><td>USB cable, USB-C cable, Multiplug adapter, RS-232 cable, Wall mount clip, Foldable smart stand</td></tr>
<tr><td>Accessories Standard</td><td>USB cable</td></tr>
</tbody>
</table>",,,,,,,,
https://www.newland-id.com/en/products/touch-panel-computers/sd100-orion-plus,touch-panel-computers,Newland,,,Sd100,SD100 Orion Plus,https://www.newland-id.com/datasheets/176/sd100-orion-plus.pdf,https://newlandemea.katanapim.com/content/images/thumbs/000/0000297_sd100_orion_plus_1.png,Say hello to our first 5G Android tablet for all your 1D and 2D scanning needs. This 10.1-inch robust tablet makes for the ultimate scanning companion from the shop to the stock floor.,"1D: All major 1D symbologies
2D: All major 2D symbologies
Current Operating System: Android 11, GMS, Android Enterprise Recommended (AER)",,,,"<table class=""Table_Products_Style"">
<thead>
<tr>
<th>Thông số kỹ thuật</th>
<th>Chi tiết</th>
</tr>
</thead>
<tbody>
<tr><td>1D</td><td>All major 1D symbologies</td></tr>
<tr><td>2D</td><td>All major 2D symbologies</td></tr>
<tr><td>Current Operating System</td><td>Android 11, GMS, Android Enterprise Recommended (AER)</td></tr>
<tr><td>Memory Flash</td><td>64GB</td></tr>
<tr><td>Memory RAM</td><td>4GB</td></tr>
<tr><td>Processor</td><td>2.0 GHz octa-core</td></tr>
<tr><td>Audio</td><td>Front dual stereo speakers, Volume 90db±3db (test distance 10cm)</td></tr>
<tr><td>Audio Jack</td><td>3.5mm earphone jack</td></tr>
<tr><td>Battery Type</td><td>9000 mAh</td></tr>
<tr><td>Dimensions</td><td>254(W) x 176(D) x 17.4(H) mm</td></tr>
<tr><td>Display/Touch Panel</td><td>10” (1200 x 1920), IPS highlight screen, 5 points capacitive touchscreen</td></tr>
<tr><td>Expansion Slot</td><td>1 SD card slot</td></tr>
<tr><td>Expected Battery Life</td><td>Typical working time not less than 10 hours</td></tr>
<tr><td>Expected Charge Time</td><td>Fast charging, full charging time <4 hours</td></tr>
<tr><td>Front camera</td><td>5 MP</td></tr>
<tr><td>Interfaces</td><td>USB-C</td></tr>
<tr><td>Keypad</td><td>12 keys</td></tr>
<tr><td>Notifications</td><td>LED, Vibration, Sound</td></tr>
<tr><td>Rear camera</td><td>13 MP, Auto focus, High brightness LED flash</td></tr>
<tr><td>Sensors</td><td>G-sensor, Proximity sensor, Ambient light sensor</td></tr>
<tr><td>SIM/TF</td><td>2 Micro SIM card</td></tr>
<tr><td>Touch Panel</td><td>5 points capacitive touchscreen</td></tr>
<tr><td>Weight</td><td>800 g (with battery)</td></tr>
<tr><td>GPS</td><td>GPS, BD, GLONASS</td></tr>
<tr><td>NFC</td><td>ISO14443A/B , ISO15693</td></tr>
<tr><td>NFC: Reading Distance</td><td>0 to 5 cm</td></tr>
<tr><td>WLAN RADIO</td><td>IEEE 802.11 a/b/g/n/ac 2.4G 5G dual frequency</td></tr>
<tr><td>WPAN RADIO</td><td>Bluetooth 5.1 BLE</td></tr>
<tr><td>WWAN RADIO</td><td>FDD-LTE B1/B3/B5/B7/B8, TDD-LTE B38/B39/B40/B41, TDSCDMA B34/B39, WCDMA B1/B2/B5/B8, GSM B2/B3/B5/B8, CDMA 1 x/CDMA2000 BC0/BC1</td></tr>
<tr><td>Drop</td><td>1 m</td></tr>
<tr><td>Electro Static Discharge (ESD)</td><td>±8 kV (contact discharge), ±15 kV (air discharge)</td></tr>
<tr><td>Humidity</td><td>5% to 90%</td></tr>
<tr><td>IP Rating</td><td>IP65</td></tr>
<tr><td>Operating Temperature</td><td>-20°C to 55°C (-4°F to 131°F)</td></tr>
<tr><td>Storage Temperature</td><td>-30°C to 70°C (-22°F to 158°F)</td></tr>
<tr><td>Certifications Hardware</td><td>CCC, CE</td></tr>
<tr><td>Warranty Standard</td><td>2 Years</td></tr>
<tr><td>Accessories Optional</td><td>Charging cradle, Car cradle</td></tr>
<tr><td>Accessories Standard</td><td>Hand strap</td></tr>
<tr><td>Part Number</td><td>Description</td></tr>
<tr><td>SD-SD100-PLUS</td><td>SD100 Plus 10"" Tablet 2.2Ghz 4GB/64GB, 2D CMOS Mega Pixel imager with Laser Aimer (CM6x), BT, WiFi, 5G, GPS, NFC and Camera. Incl USB cable and multiplug adapter (Orion III). OS: Android 11 GMS (AER).</td></tr>
</tbody>
</table>",,,,,,,,
https://www.newland-id.com/en/products/mobile-computers/nft10-pilot-pro,mobile-computers,Newland,,,NFT10,NFT10 Pilot Pro,https://www.newland-id.com/datasheets/175/nft10-pilot-pro.pdf,https://newlandemea.katanapim.com/content/images/thumbs/000/0000695_nft10_pilot_pro_1_new.png,"Designed to bridge the gap between a rugged PDA and a sleek & stylish smartphone, the NFT10 Pilot Pro offers businesses a high quality Android mobile computer. At 5.7”, it’s one of the largest durable touchscreens on the market. The NFT10 Pilot Pro is also available in a white healthcare version.","Part Number: Description
NLS-NFT1055-W4: NFT10 Pilot Pro Mobile Computer 5,7"" Touch Screen (Black) with 2D CMOS Imager with Laser Aimer, BT, WiFi (dual band), 4G, GPS and camera. Incl. Protective case, wrist strap, USB cable and multiplug adapter. OS: Android 11 GMS AER.
1D: All major 1D symbologies",,,,"<table class=""Table_Products_Style"">
<thead>
<tr>
<th>Thông số kỹ thuật</th>
<th>Chi tiết</th>
</tr>
</thead>
<tbody>
<tr><td>Part Number</td><td>Description</td></tr>
<tr><td>NLS-NFT1055-W4</td><td>NFT10 Pilot Pro Mobile Computer 5,7"" Touch Screen (Black) with 2D CMOS Imager with Laser Aimer, BT, WiFi (dual band), 4G, GPS and camera. Incl. Protective case, wrist strap, USB cable and multiplug adapter. OS: Android 11 GMS AER.</td></tr>
<tr><td>1D</td><td>All major 1D symbologies</td></tr>
<tr><td>2D</td><td>All major 2D symbologies</td></tr>
<tr><td>Aiming</td><td>Laser diode</td></tr>
<tr><td>Illumination</td><td>White LED (625±10nm)</td></tr>
<tr><td>Image Sensor</td><td>1280 x 800 CMOS</td></tr>
<tr><td>Scan Modes</td><td>Trigger Mode</td></tr>
<tr><td>Scan Rate</td><td>60 frames per second</td></tr>
<tr><td>Current Operating System</td><td>Android 11, GMS, Android Enterprise Recommended (AER)</td></tr>
<tr><td>Memory Flash</td><td>64GB</td></tr>
<tr><td>Memory RAM</td><td>4GB</td></tr>
<tr><td>Memory Storage Expansion (max.)</td><td>Micro SD-Card (max. 128GB)</td></tr>
<tr><td>Processor</td><td>2.0 GHz octa-core, 64-bit</td></tr>
<tr><td>Audio Jack</td><td>Type-C earphone</td></tr>
<tr><td>Battery Type</td><td>3.8 V, 4800 mAh</td></tr>
<tr><td>Dimensions</td><td>157(W) x 76.3(D) x 12.6(H) mm</td></tr>
<tr><td>Display/Touch Panel</td><td>5.7"" (1440 x 720) 18:9, 420 Nits, Capacitive touchscreen, Gorilla glass</td></tr>
<tr><td>Expansion Slot</td><td>TF card slot (max. 128GB)</td></tr>
<tr><td>Front camera</td><td>2 MP, Fixed focus</td></tr>
<tr><td>Interfaces</td><td>USB-C, OTG</td></tr>
<tr><td>Keypad</td><td>5 keys</td></tr>
<tr><td>Notifications</td><td>Speaker, Vibration, Multi-color LEDs</td></tr>
<tr><td>Power Supply Input</td><td>AC 110 to 220 V (50 to 60 Hz)</td></tr>
<tr><td>Power Supply Output</td><td>Quick Charger (Output: DC5 V/7 V/9 V, 1.67  A)</td></tr>
<tr><td>Rear camera</td><td>13 MP, LED flash, Auto focus</td></tr>
<tr><td>Sensors</td><td>G-sensor, Magnetic sensor, Light & proximity sensor</td></tr>
<tr><td>SIM/TF</td><td>Nano+Nano or Nano+ TF</td></tr>
<tr><td>Touch Panel</td><td>Capacitive touchscreen, Gorilla glass</td></tr>
<tr><td>Weight</td><td>231 g (including battery)</td></tr>
<tr><td>GPS</td><td>Beidou, GLONASS, Galileo, GPS (AGPS)</td></tr>
<tr><td>RFID</td><td>13.56MHz NFC: ISO14443A/B, ISO15693, ISO18000-3, MIFARE, FeliCa RF, Kovio, NFC Forum Type 1-4 Tags</td></tr>
<tr><td>WLAN RADIO</td><td>IEEE 802.11 a/b/g/n/ac, 2.4GHz and 5GHz</td></tr>
<tr><td>WPAN RADIO</td><td>Bluetooth 5.0</td></tr>
<tr><td>WWAN RADIO</td><td>2G: GSM/GPRS/EDGE (850/900/1800/1900MHz); 3G: WCDMA (B1, B2, B5, B8); CDMA 1X/EV-D0 (BC0); TD-SCDMA(B34, Band39); 4G: TD-LTE (B34, B38, B39, B40, B41); FDD-LTE (B1,B2,B3,B5,B7,B8,B20,B28)</td></tr>
<tr><td>Drop</td><td>1.5 m</td></tr>
<tr><td>Drop with Cradle</td><td>1.22 m</td></tr>
<tr><td>Electro Static Discharge (ESD)</td><td>±8 kV (direct discharge), ±12 kV (air discharge)</td></tr>
<tr><td>Humidity</td><td>5% to 95% (non-condensing)</td></tr>
<tr><td>IP Rating</td><td>IP67</td></tr>
<tr><td>Operating Temperature</td><td>-20°C to 50°C (-4°F to 122°F)</td></tr>
<tr><td>Storage Temperature</td><td>-30°C to 60°C (-22°F to 140°F)</td></tr>
<tr><td>Configuration Tools</td><td>Ndevor</td></tr>
<tr><td>MDM (certified)</td><td>Ndevor, SOTI, Airwatch, VMWare Workspace ONE UEM</td></tr>
<tr><td>Terminal Emulation (compatible)</td><td>StayLinked, Ivanti Velocity</td></tr>
<tr><td>Comprehensive Service Contract</td><td>3 Years, 5 Years</td></tr>
<tr><td>Warranty Extension</td><td>+1 Year, +3 Years</td></tr>
<tr><td>Warranty Standard</td><td>2 Years</td></tr>
<tr><td>Accessories Optional</td><td>USB-C cable, 4-slot battery charger, Charging cradle, Adapter</td></tr>
<tr><td>Accessories Standard</td><td>USB cable, Screen protector, Multiplug adapter, Wrist strap, Protective case</td></tr>
</tbody>
</table>",,,,,,,,
https://www.newland-id.com/en/products/touch-panel-computers/nquire-800-iii-opah,touch-panel-computers,Newland,,,NQuire 800 III Opah,NQuire 800 III Opah,https://www.newland-id.com/datasheets/174/nquire-800-iii-opah.pdf,https://newlandemea.katanapim.com/content/images/thumbs/000/0000107_nquire_800_1_0.png,"Designed to be used in a variety of extreme environments, the NQuire 800 III Opah is the perfect tablet to withstand everything that your business can throw at it. Powered by a 64-bit Quad-Core Intel. processor and Windows 10 Pro, the NQuire 800 III Opah brings seamless integration into your business systems whilst remaining a viable budget-conscious solution. The tablet has been designed specifically to enhance the efficiency of your business workforce and mobilise your teams ready to keep in touch with the ever-evolving landscape that modern businesses now operate in.","Part Number: Description
NQUIRE800/HS-III: NQuire 800 lll Opah, ruggedized 8"" IP67 Windows 10 Tablet 4GB/64GB, WIFI, 4G, BT, GPS, NFC, 2D CMOS engine Incl. Stylus pen with lanyard, OTG cable, Handstrap and multi plug adapter. OS: Windows 10 Pro
1D: All major 1D symbologies",,,,"<table class=""Table_Products_Style"">
<thead>
<tr>
<th>Thông số kỹ thuật</th>
<th>Chi tiết</th>
</tr>
</thead>
<tbody>
<tr><td>Part Number</td><td>Description</td></tr>
<tr><td>NQUIRE800/HS-III</td><td>NQuire 800 lll Opah, ruggedized 8"" IP67 Windows 10 Tablet 4GB/64GB, WIFI, 4G, BT, GPS, NFC, 2D CMOS engine Incl. Stylus pen with lanyard, OTG cable, Handstrap and multi plug adapter. OS: Windows 10 Pro</td></tr>
<tr><td>1D</td><td>All major 1D symbologies</td></tr>
<tr><td>2D</td><td>All major 2D symbologies</td></tr>
<tr><td>Current Operating System</td><td>64Bit Windows 10 Pro</td></tr>
<tr><td>Memory Flash</td><td>64GB</td></tr>
<tr><td>Memory RAM</td><td>4GB</td></tr>
<tr><td>Memory Storage Expansion (max.)</td><td>Up to 128GB (supports SDHC/SDXC cards)</td></tr>
<tr><td>Processor</td><td>1.1 GHz up to 2.6 GHz, 64-Bit Quad Core; Chip: Intel® Celeron® N4120</td></tr>
<tr><td>Audio Jack</td><td>3.5mm earphone jack</td></tr>
<tr><td>Battery Type</td><td>7.4 V, 4.000 mAh</td></tr>
<tr><td>Dimensions</td><td>235(W) x 147(D) x 22(H) mm</td></tr>
<tr><td>Display/Touch Panel</td><td>8” IPS (800 x 1280), luminance: 380cd/m2(typical value), contrast ratio: 600:1(min), 800:1(typical), view angle 1°~ 179°</td></tr>
<tr><td>Expansion Slot</td><td>Up to 128GB (supports SDHC/SDXC cards)</td></tr>
<tr><td>Expected Battery Life</td><td>5-7 hours; 250 Hours Standby</td></tr>
<tr><td>Front camera</td><td>5 MP, Auto focus</td></tr>
<tr><td>Interfaces</td><td>Micro USB</td></tr>
<tr><td>Keypad</td><td>2 keys</td></tr>
<tr><td>Sensors</td><td>Gravity Acceleration Sensor (G-Sensor)</td></tr>
<tr><td>Weight</td><td>860 g</td></tr>
<tr><td>GPS</td><td>GPS, GLONASS</td></tr>
<tr><td>NFC</td><td>13.56MHz, ISO14443A/B, MIFARE, FeliCa, NFC Forum Tags, ISO15693</td></tr>
<tr><td>WLAN RADIO</td><td>802.11 a/b/g/n/ac, 2.4Ghz and 5Ghz, WEP, WPA2-Personal AES, WPA2-Enterprise AES, 8-2.11x WEP with EAP method PEAP, EAP-SIM, EAP-TTLS</td></tr>
<tr><td>WPAN RADIO</td><td>Bluetooth 5.0</td></tr>
<tr><td>WWAN RADIO</td><td>4G Micro SIM (3FF); Band 900 / 2100 MHz</td></tr>
<tr><td>Drop</td><td>1.2 m</td></tr>
<tr><td>IP Rating</td><td>IP67</td></tr>
<tr><td>Operating Temperature</td><td>-5°C to 40°C (23˚F to 104˚F)</td></tr>
<tr><td>Storage Temperature</td><td>-20°C to 60°C (-4°F to 140°F)</td></tr>
<tr><td>Certifications Hardware</td><td>IEC 60825, IEC2, FDA II, EN 60825-1</td></tr>
<tr><td>Warranty Standard</td><td>2 Years</td></tr>
<tr><td>Accessories Standard</td><td>Hand strap, Power adapter, Stylus, USB - OTG cable</td></tr>
</tbody>
</table>",,,,,,,,
https://www.newland-id.com/en/products/general-purpose-handheld-scanners/hr32-marlin-bt-sd,general-purpose-handheld-scanners,Newland,,,HR32 Marlin BT SD,HR32 Marlin BT SD,https://www.newland-id.com/datasheets/173/hr32-marlin-bt-sd.pdf,https://newlandemea.katanapim.com/content/images/thumbs/000/0000035_hr32-marlin-bt-sd.png,"Adopting the latest Bluetooth 5.0 technology, the HR32 Marlin BT SD can maintain a strong, anti-interference connection to transmit data. The HR32 Marlin BT SD is equipped with megapixel technology to read virtually all 1D or 2D barcodes in any condition. From long or truncated 1D codes to larger and more high-density 2D codes.","Part Number: Description
NLS-HR3280-BT-SD: 2D CMOS Mega Pixel Wireless Bluetooth Handheld Reader with Stand/Docking Station & USB cable
1D: EAN-8, EAN-13, UPC-E, UPC-A, Code128, Coupon, UCC/EAN128, CodaBar, I2Of5, Febraban, ITF14, ITF6, Matrix 25, Code39, Code93, ISSN, ISBN, Industrial 25, Standard 25, China Post 25, Plessey, Code 11, MSI Plessey, UCC/EAN Composite, GS1 Databar, Code 49, Code 16K, AIM 128, ISBT 128.",,,,"<table class=""Table_Products_Style"">
<thead>
<tr>
<th>Thông số kỹ thuật</th>
<th>Chi tiết</th>
</tr>
</thead>
<tbody>
<tr><td>Part Number</td><td>Description</td></tr>
<tr><td>NLS-HR3280-BT-SD</td><td>2D CMOS Mega Pixel Wireless Bluetooth Handheld Reader with Stand/Docking Station & USB cable</td></tr>
<tr><td>1D</td><td>EAN-8, EAN-13, UPC-E, UPC-A, Code128, Coupon, UCC/EAN128, CodaBar, I2Of5, Febraban, ITF14, ITF6, Matrix 25, Code39, Code93, ISSN, ISBN, Industrial 25, Standard 25, China Post 25, Plessey, Code 11, MSI Plessey, UCC/EAN Composite, GS1 Databar, Code 49, Code 16K, AIM 128, ISBT 128.</td></tr>
<tr><td>2D</td><td>PDF417, Micro PDF417, QR Code, Micro QR Code, Aztec, Data Matrix, Chinese Sensible Code, Maxicode, Code One.</td></tr>
<tr><td>Aiming</td><td>Green LED</td></tr>
<tr><td>Depth of Field Code 39 (5mil)</td><td>85 mm - 220 mm</td></tr>
<tr><td>Depth of Field DataMatrix (10mil)</td><td>50 mm - 220 mm</td></tr>
<tr><td>Depth of Field EAN 13 (13mil)</td><td>50 mm - 495 mm</td></tr>
<tr><td>Depth of Field PDF417 (6.67mil)</td><td>70 mm - 215 mm</td></tr>
<tr><td>Depth of Field QR (15mil)</td><td>20 mm - 325 mm</td></tr>
<tr><td>Field of View Horizontal</td><td>39°</td></tr>
<tr><td>Field of View Vertical</td><td>24°</td></tr>
<tr><td>Illumination</td><td>White LED, Red LED</td></tr>
<tr><td>Image Sensor</td><td>1280 x 800 CMOS</td></tr>
<tr><td>Minimal Print Contrast</td><td>25%</td></tr>
<tr><td>Scan Angle Pitch</td><td>±55°</td></tr>
<tr><td>Scan Angle Roll</td><td>360°</td></tr>
<tr><td>Scan Angle Skew</td><td>±55°</td></tr>
<tr><td>Memory Flash</td><td>≥15000 pieces Code 128 (20 byte of each code 128), 1MB</td></tr>
<tr><td>Battery Type</td><td>2400 mAh lithium-ion battery</td></tr>
<tr><td>Dimensions</td><td>113.5(W) x 73.3(D) x 159(H) mm</td></tr>
<tr><td>Expected Battery Life</td><td>≥12 hours of continuous operation (scan once per 6 seconds)</td></tr>
<tr><td>Expected Charge Time</td><td>4 hours (with power adapter)</td></tr>
<tr><td>Input Voltage</td><td>5 VDC ±5%</td></tr>
<tr><td>Interfaces</td><td>USB</td></tr>
<tr><td>Notifications</td><td>Beep, LED</td></tr>
<tr><td>Weight</td><td>217 g</td></tr>
<tr><td>Communication Modes</td><td>Synchronous, Asynchronous, Batch</td></tr>
<tr><td>Radio Technology</td><td>Bluetooth 5.0</td></tr>
<tr><td>Wireless Distance ( max.)</td><td>≥50 m/164ft (direct line of sight in open air)</td></tr>
<tr><td>Drop</td><td>1.5 m</td></tr>
<tr><td>Drop with Cradle</td><td>1.2 m</td></tr>
<tr><td>Electro Static Discharge (ESD)</td><td>±8 kV (air discharge), ±4 kV (direct discharge)</td></tr>
<tr><td>Humidity</td><td>5% to 95% (non-condensing)</td></tr>
<tr><td>IP Rating</td><td>IP52</td></tr>
<tr><td>Operating Temperature</td><td>-20°C to 50°C (-4°F to 122°F)</td></tr>
<tr><td>Storage Temperature</td><td>-40°C to 70°C (-40°F to 158°F)</td></tr>
<tr><td>Configuration Tools</td><td>EasySet</td></tr>
<tr><td>Certifications Hardware</td><td>CE EMC Class B, FCC Part15 Class B, RoHS</td></tr>
<tr><td>Warranty Standard</td><td>3 Years</td></tr>
<tr><td>Accessories Standard</td><td>RS-232 cable</td></tr>
</tbody>
</table>",,,,,,,,
https://www.newland-id.com/en/products/fixed-mount-scanners/fm430-barracuda,fixed-mount-scanners,Newland,,,Fm430,FM430 Barracuda,https://www.newland-id.com/datasheets/172/fm430-barracuda.pdf,https://newlandemea.katanapim.com/content/images/thumbs/000/0000531_fm430_barracuda_1.png,"The new FM430 Barracuda is Newland's most aggressive and efficient fixed mount scanner to date, making it a strong all-round solution. It’s equipped with a megapixel camera that scans virtually any 1D and 2D barcode with impressive speed and ease.","1D: All major 1D symbologies, including EAN-13, EAN-8, UPC-A, UPC-E, Code 128, Code 39, Codabar,UCC/EAN 128, RSS, ITF, ITF-14, ITF6, Standard 25, Matrix 25,COOP 25, Industrial 25, Plessey, MSI Plessey, Code 11, Code93, Code 49, Code 16K.
2D: All major 2D symbologies, including PDF417, QR Code, Data Matrix, AZTEC, CSC, Maxicode,Micro QR, Micro PDF417, GM , Code One.
Aiming: Laser diode (650nm), Green LED (518nm)",,,,"<table class=""Table_Products_Style"">
<thead>
<tr>
<th>Thông số kỹ thuật</th>
<th>Chi tiết</th>
</tr>
</thead>
<tbody>
<tr><td>1D</td><td>All major 1D symbologies, including EAN-13, EAN-8, UPC-A, UPC-E, Code 128, Code 39, Codabar,UCC/EAN 128, RSS, ITF, ITF-14, ITF6, Standard 25, Matrix 25,COOP 25, Industrial 25, Plessey, MSI Plessey, Code 11, Code93, Code 49, Code 16K.</td></tr>
<tr><td>2D</td><td>All major 2D symbologies, including PDF417, QR Code, Data Matrix, AZTEC, CSC, Maxicode,Micro QR, Micro PDF417, GM , Code One.</td></tr>
<tr><td>Aiming</td><td>Laser diode (650nm), Green LED (518nm)</td></tr>
<tr><td>Depth of Field Code 39 (5mil)</td><td>70 mm - 180 mm</td></tr>
<tr><td>Depth of Field DataMatrix (10mil)</td><td>50 mm - 170 mm</td></tr>
<tr><td>Depth of Field EAN 13 (13mil)</td><td>55 mm - 360 mm</td></tr>
<tr><td>Depth of Field PDF417 (6.67mil)</td><td>55 mm - 160 mm</td></tr>
<tr><td>Depth of Field QR (15mil)</td><td>40 mm - 210 mm</td></tr>
<tr><td>Field of View Horizontal</td><td>51°</td></tr>
<tr><td>Field of View Vertical</td><td>32°</td></tr>
<tr><td>Illumination</td><td>White LED</td></tr>
<tr><td>Image Sensor</td><td>1280 x 800 CMOS</td></tr>
<tr><td>Minimal Print Contrast</td><td>25%</td></tr>
<tr><td>Scan Angle Pitch</td><td>±55°</td></tr>
<tr><td>Scan Angle Roll</td><td>360°</td></tr>
<tr><td>Scan Angle Skew</td><td>±55°</td></tr>
<tr><td>Scan Modes</td><td>Sense Mode, Pulse Mode, Continuous Mode, Level Mode</td></tr>
<tr><td>Scan Rate</td><td>60 frames per second</td></tr>
<tr><td>Processor</td><td>1 GHz, X1500</td></tr>
<tr><td>Current @ 5VDC Operating</td><td>276.8 mA (typical), 322.7 mA (max)</td></tr>
<tr><td>Current @ 5VDC Standby</td><td>83.3 mA</td></tr>
<tr><td>Dimensions</td><td>41.5(W) × 49.5(D) × 24.3(H) mm</td></tr>
<tr><td>Housing</td><td>PC, ABS</td></tr>
<tr><td>Input Voltage</td><td>5 VDC ±5%</td></tr>
<tr><td>Interfaces</td><td>USB, RS-232</td></tr>
<tr><td>Notifications</td><td>Beep, LED</td></tr>
<tr><td>Power Supply Input</td><td>5  VDC (1.5 A)</td></tr>
<tr><td>Power Supply Output</td><td>AC100 to 240 V (50 to 60 Hz)</td></tr>
<tr><td>Weight</td><td>75 g</td></tr>
<tr><td>Drop</td><td>1.5 m</td></tr>
<tr><td>Electro Static Discharge (ESD)</td><td>±14 kV (air discharge), ±8 kV (direct discharge)</td></tr>
<tr><td>Humidity</td><td>5% to 95% (non-condensing)</td></tr>
<tr><td>IP Rating</td><td>IP54</td></tr>
<tr><td>Configuration Tools</td><td>EasySet</td></tr>
<tr><td>Certifications Hardware</td><td>CE EMC Class B, FCC Part15 Class B, IEC 60825, IEC 62471, RoHS, KC</td></tr>
<tr><td>Warranty Standard</td><td>5 Years</td></tr>
<tr><td>Accessories Optional</td><td>USB cable, USB-C cable, Multiplug adapter, RS-232 cable</td></tr>
<tr><td>Accessories Standard</td><td>USB cable, RS-232 cable</td></tr>
<tr><td>NLS-FM430L-U, NLS-FM430-U</td><td>FM430 Barracuda, 2 meter USB extension cable</td></tr>
<tr><td>NLS-FM430L-00, NLS-FM430-00</td><td>FM430 Barracuda, 50 cm direct USB cable</td></tr>
<tr><td>NLS-FM430L-RC, NLS-FM430-RC</td><td>FM430 Barracuda, 2 meter RS-232 extension cable, Multiplug adapter</td></tr>
<tr><td>Part Number</td><td>Description</td></tr>
<tr><td>NLS-FM430-RC</td><td>FM430 Barracuda 2D CMOS Mega Pixel Fixed Mounted Reader with 2 mtr RS232 extension cable and multiplug adapter, Green LED Aimer, white light and IR sensor.</td></tr>
<tr><td>NLS-FM430L-RC</td><td>FM430 Barracuda 2D CMOS Mega Pixel Fixed Mounted Reader with 2 mtr RS232 extension cable and multiplug adapter, Laser Aimer, white light and IR sensor.</td></tr>
<tr><td>NLS-FM430L-00</td><td>FM430 Barracuda 2D CMOS Mega Pixel Fixed Mounted Reader with 50 cm direct USB cable. Laser Aimer, white light and IR sensor.</td></tr>
<tr><td>NLS-FM430-U</td><td>FM430 Barracuda 2D CMOS Mega Pixel Fixed Mounted Reader with 2 mtr. USB extension cable. Green LED Aimer, white light and IR sensor.</td></tr>
<tr><td>NLS-FM430L-U</td><td>FM430 Barracuda 2D CMOS Mega Pixel Fixed Mounted Reader with 2 mtr. USB extension cable. Laser Aimer, white light and IR sensor.</td></tr>
<tr><td>NLS-FM430-00</td><td>FM430 Barracuda 2D CMOS Mega Pixel Fixed Mounted Reader with 50 cm direct USB cable. Green LED Aimer, white light and IR sensor.</td></tr>
</tbody>
</table>",,,,,,,,
https://www.newland-id.com/en/products/mobile-computers/mt90-orca-pro-ii,mobile-computers,Newland,,,MT90,MT90 Orca Pro II,https://www.newland-id.com/datasheets/170/mt90-orca-pro-ii.pdf,https://newlandemea.katanapim.com/content/images/thumbs/000/0000453_mt90-pro-perspective-tag.png,"Designed and built to go the extra mile, the MT90 Orca Pro II offers the very best of our Orca series. As the flagship series’ Pro label, it sports high-end features, such as Android 11 OS, a 2.0 GHz processor, and Android Enterprise Recommended (AER) status, ensuring top support and management. These features come in addition to everything you know and love from the Orca Series.","1D: All major 1D symbologies
2D: All major 2D symbologies
Aiming: Red LED (650nm)",,,,"<table class=""Table_Products_Style"">
<thead>
<tr>
<th>Thông số kỹ thuật</th>
<th>Chi tiết</th>
</tr>
</thead>
<tbody>
<tr><td>1D</td><td>All major 1D symbologies</td></tr>
<tr><td>2D</td><td>All major 2D symbologies</td></tr>
<tr><td>Aiming</td><td>Red LED (650nm)</td></tr>
<tr><td>Illumination</td><td>White LED</td></tr>
<tr><td>Image Sensor</td><td>1280 x 800 CMOS</td></tr>
<tr><td>Current Operating System</td><td>Android 11, GMS, Android Enterprise Recommended (AER)</td></tr>
<tr><td>Memory Flash</td><td>128GB</td></tr>
<tr><td>Memory RAM</td><td>6GB</td></tr>
<tr><td>Processor</td><td>2.0 GHz octa-core, 64-bit</td></tr>
<tr><td>Battery Type</td><td>3.8 V, 4500 mAh, removable</td></tr>
<tr><td>Buttons</td><td>Side Keys Volume+ ,Volume- , Left Scan Key, Right Scan Key, Power Button, Function Key, Keypad (4 Keys)</td></tr>
<tr><td>Dimensions</td><td>155(W) x 78(D) x 20(H) mm</td></tr>
<tr><td>Display/Touch Panel</td><td>5” full colour (1280 × 720), Capacitive touchscreen, Gorilla glass</td></tr>
<tr><td>Expansion Slot</td><td>Micro SD card (max. 128GB)</td></tr>
<tr><td>Front camera</td><td>2 MP</td></tr>
<tr><td>Interfaces</td><td>USB-C</td></tr>
<tr><td>Keypad</td><td>10 keys</td></tr>
<tr><td>Notifications</td><td>Speaker, Vibration, Multi-color LEDs</td></tr>
<tr><td>Power Supply Input</td><td>AC 110 to 220 V (50 to 60 Hz)</td></tr>
<tr><td>Power Supply Output</td><td>DC5 V, 2 A</td></tr>
<tr><td>Rear camera</td><td>LED flash, Auto focus, 8 MP</td></tr>
<tr><td>SIM/TF</td><td>Dual SIM: 1 SIM card, 1 Micro SIM Card</td></tr>
<tr><td>Touch Panel</td><td>Capacitive touchscreen, Gorilla glass</td></tr>
<tr><td>Weight</td><td>265 g (including battery)</td></tr>
<tr><td>GPS</td><td>GLONASS, Galileo, GPS (AGPS)</td></tr>
<tr><td>RFID</td><td>13.56MHz RFID ISO14443A/B, Ml FARE, FeliCa, NFC Forum Tags, ISO15693</td></tr>
<tr><td>WLAN RADIO</td><td>802.11 a/b/g/n/ac, compatible with d/h/i/k/r/v/w, support 2.4GHz and 5GHz</td></tr>
<tr><td>WPAN RADIO</td><td>Bluetooth 5.0 BLE, backward compatible</td></tr>
<tr><td>WWAN RADIO</td><td>2G: GSM (850/900/1800/1900MHz) 3G: WCDMA (B1, B2, B5, B8),TD-SCDMA (B34, B39), CDMA 1x/EVDO (BC0) 4G: TDD-LTE (B38, B39, B40, B41(100m)), FDD-LTE (B1, B2, B3, B5, B7, B8, B2, B28a&b)</td></tr>
<tr><td>Drop</td><td>1.5 m</td></tr>
<tr><td>Electro Static Discharge (ESD)</td><td>±8 kV (direct discharge), ±15 kV (air discharge)</td></tr>
<tr><td>Humidity</td><td>5% to 95% (non-condensing)</td></tr>
<tr><td>IP Rating</td><td>IP65</td></tr>
<tr><td>Operating Temperature</td><td>-20°C to 55°C (-4°F to 131°F)</td></tr>
<tr><td>Storage Temperature</td><td>-40°C to 70°C (-40°F to 158°F)</td></tr>
<tr><td>Configuration Tools</td><td>Ndevor</td></tr>
<tr><td>MDM (certified)</td><td>Ndevor, SOTI, Airwatch</td></tr>
<tr><td>Terminal Emulation (compatible)</td><td>StayLinked, Ivanti Velocity</td></tr>
<tr><td>Comprehensive Service Contract</td><td>3 Years, 5 Years</td></tr>
<tr><td>Warranty Extension</td><td>+1 Year, +3 Years</td></tr>
<tr><td>Warranty Standard</td><td>2 Years</td></tr>
<tr><td>Accessories Optional</td><td>4-slot battery charger, Charging cradle, Pistol grip, Battery, Screen protector, Wrist holster, Hand strap</td></tr>
<tr><td>Accessories Standard</td><td>Rubber boot, USB-C cable, Battery, Screen protector, AC adapter</td></tr>
<tr><td>All versions</td><td>MT90 Orca Pro II, USB cable, battery, rubber boot, multiplug adapter</td></tr>
<tr><td>Part Number</td><td>Description</td></tr>
<tr><td>NLS-MT9085-W4</td><td>MT90 Orca Pro II Mobile Computer with 5” Touch Screen, 2D CMOS Mega Pixel imager with Laser Aimer (CM6x), 6GB/128GB, BT, WiFi, 4G, GPS, NFC and Camera. Incl. USB cable, battery, rubber boot and multiplug adapter. OS: Android 11 GMS (AER).</td></tr>
<tr><td>NLS-MT9085-W4-A13</td><td>MT90 Orca Pro II Mobile Computer with 5” Touch Screen, 2D CMOS Mega Pixel imager with Laser Aimer (CM6x), 6GB/128GB, BT, WiFi, 4G, GPS, NFC and Camera. Incl. USB cable, battery, rubber boot and multiplug adapter. OS: Android 13 GMS (AER).</td></tr>
</tbody>
</table>",,,,,,,,
https://www.newland-id.com/en/products/fixed-mount-scanners/fm3056-grouper,fixed-mount-scanners,Newland,,,FM3056,FM3056 Grouper,https://www.newland-id.com/datasheets/169/fm3056-grouper.pdf,https://newlandemea.katanapim.com/content/images/thumbs/000/0000224_fm3056_grouper_1.png,"The FM3056 Grouper is a flush mount scanner with a minimal footprint. With a height of only 53mm, the device is small enough to fit into most kiosks and POS systems, while the flush mount ensures that the device suits any business environment.","1D: All major 1D symbologies including EAN-13, EAN-8, UPC-A, UPC-E, ISSN, ISBN, Codabar, Code 128 (FNC1, FNC2, FNC3), Code 93, ITF-6, ITF-14, Interleaved 2 of 5, Industrial 2 of 5, Standard 2 of 5, Matrix 2 of 5, GS1 Databar (RSS-Expand, RSS-Limited, RSS-14), Code 39, Code 11, MSI-Plessey, Plessey.
2D: All major 2D symbologies including DF417, Data Matrix, QR Code, Chinese Sensible Code.
Field of View Horizontal: 75°",,,,"<table class=""Table_Products_Style"">
<thead>
<tr>
<th>Thông số kỹ thuật</th>
<th>Chi tiết</th>
</tr>
</thead>
<tbody>
<tr><td>1D</td><td>All major 1D symbologies including EAN-13, EAN-8, UPC-A, UPC-E, ISSN, ISBN, Codabar, Code 128 (FNC1, FNC2, FNC3), Code 93, ITF-6, ITF-14, Interleaved 2 of 5, Industrial 2 of 5, Standard 2 of 5, Matrix 2 of 5, GS1 Databar (RSS-Expand, RSS-Limited, RSS-14), Code 39, Code 11, MSI-Plessey, Plessey.</td></tr>
<tr><td>2D</td><td>All major 2D symbologies including DF417, Data Matrix, QR Code, Chinese Sensible Code.</td></tr>
<tr><td>Field of View Horizontal</td><td>75°</td></tr>
<tr><td>Field of View Vertical</td><td>50°</td></tr>
<tr><td>Illumination</td><td>White LED</td></tr>
<tr><td>Image Sensor</td><td>752 x 480 CMOS</td></tr>
<tr><td>Minimal Print Contrast</td><td>25%</td></tr>
<tr><td>Scan Angle Pitch</td><td>±40°</td></tr>
<tr><td>Scan Angle Roll</td><td>360°</td></tr>
<tr><td>Scan Angle Skew</td><td>±40°</td></tr>
<tr><td>Scan Modes</td><td>Sense Mode, Continuous Mode</td></tr>
<tr><td>Scan Rate</td><td>60 frames per second</td></tr>
<tr><td>Scan Window</td><td>31.5 mm × 46.5 mm</td></tr>
<tr><td>Processor</td><td>0390 Chip, MCU</td></tr>
<tr><td>Current @ 5VDC Operating</td><td>108 mA (typical), 114 mA (max)</td></tr>
<tr><td>Dimensions</td><td>78.7(W) × 67.7(D) × 53(H) mm (max.)</td></tr>
<tr><td>Housing</td><td>ABS, Aluminium, PBT</td></tr>
<tr><td>Input Voltage</td><td>5 VDC ±5%</td></tr>
<tr><td>Interfaces</td><td>USB, RS-232</td></tr>
<tr><td>Notifications</td><td>Beep</td></tr>
<tr><td>Power Consumption</td><td>534 mW (typical)</td></tr>
<tr><td>Power Supply Input</td><td>5  VDC (1.5 A)</td></tr>
<tr><td>Power Supply Output</td><td>AC100 to 240 V (50 to 60 Hz)</td></tr>
<tr><td>Weight</td><td>168 g</td></tr>
<tr><td>Electro Static Discharge (ESD)</td><td>±8 kV (air discharge), ±4 kV (direct discharge)</td></tr>
<tr><td>Humidity</td><td>5% to 95% (non-condensing)</td></tr>
<tr><td>Operating Temperature</td><td>-20°C to 60°C (-4°F to 140°F)</td></tr>
<tr><td>Storage Temperature</td><td>-40°C to 70°C (-40°F to 158°F)</td></tr>
<tr><td>Configuration Tools</td><td>EasySet</td></tr>
<tr><td>Certifications Hardware</td><td>CE EMC Class B, FCC Part15 Class B, KC</td></tr>
<tr><td>Warranty Standard</td><td>5 Years</td></tr>
<tr><td>Accessories Optional</td><td>USB cable, USB-C cable, Multiplug adapter, RS-232 cable</td></tr>
<tr><td>Accessories Standard</td><td>USB cable, RS-232 cable, Multiplug adapter</td></tr>
<tr><td>NLS-FM3056-28</td><td>FM30 Grouper II 2D CMOS Fixed Mounted Reader for kiosk integration with flush glass front, optimized to read from cell phone and paper. Including data formatting, RS232 cable and multiplug adapter.</td></tr>
<tr><td>NLS-FM3056-20</td><td>FM30 Grouper II 2D CMOS Fixed Mounted Reader for kiosk integration with flush glass front, optimized to read from cell phone and paper. Including data formatting and USB cable.</td></tr>
<tr><td>Part Number</td><td>Description</td></tr>
</tbody>
</table>",,,,,,,,
https://www.newland-id.com/en/products/touch-panel-computers/nquire-1000-manta-ii,touch-panel-computers,Newland,,,NQuire 1000 Manta II,NQuire 1000 Manta II,https://www.newland-id.com/datasheets/167/nquire-1000-manta-ii.pdf,https://newlandemea.katanapim.com/content/images/thumbs/000/0000265_nquire1000_manta_ii_1.png,"The NQuire 1000 Manta II is armed with Newland’s CM6x, our powerful 2D megapixel barcode scanner. The engine has a 20 degree scan angle for comfortable scanning of larger products. The Manta is also available without a scanner.","Part Number: Description
NQUIRE1000PRW-0C: NQuire 1000 Manta II Customer information terminal with 10"" Touch Screen, 5MP front camera, BT, WiFi and POE. Incl. wall mount bracket and multiplug adapter. (No scanner). OS: Android 7.1.
NQUIRE1000PRW-4C: NQuire 1000 Manta II Customer information terminal with 10"" Touch Screen, 2D CMOS Mega Pixel imager with Laser Aimer (CM6x), 5MP front camera, BT, WiFi and POE. Incl. wall mount bracket and multiplug adapter. OS: Android 7.1.",,,,"<table class=""Table_Products_Style"">
<thead>
<tr>
<th>Thông số kỹ thuật</th>
<th>Chi tiết</th>
</tr>
</thead>
<tbody>
<tr><td>Part Number</td><td>Description</td></tr>
<tr><td>NQUIRE1000PRW-0C</td><td>NQuire 1000 Manta II Customer information terminal with 10"" Touch Screen, 5MP front camera, BT, WiFi and POE. Incl. wall mount bracket and multiplug adapter. (No scanner). OS: Android 7.1.</td></tr>
<tr><td>NQUIRE1000PRW-4C</td><td>NQuire 1000 Manta II Customer information terminal with 10"" Touch Screen, 2D CMOS Mega Pixel imager with Laser Aimer (CM6x), 5MP front camera, BT, WiFi and POE. Incl. wall mount bracket and multiplug adapter. OS: Android 7.1.</td></tr>
<tr><td>1D</td><td>All major 1D symbologies</td></tr>
<tr><td>2D</td><td>All major 2D symbologies</td></tr>
<tr><td>Aiming</td><td>Laser diode (625±10nm)</td></tr>
<tr><td>Illumination</td><td>White LED (625±10nm)</td></tr>
<tr><td>Image Sensor</td><td>1280 x 800 CMOS</td></tr>
<tr><td>Scan Modes</td><td>Sense Mode</td></tr>
<tr><td>Scan Rate</td><td>60 frames per second</td></tr>
<tr><td>Current Operating System</td><td>Android 7.1</td></tr>
<tr><td>Memory Flash</td><td>8GB Emmc</td></tr>
<tr><td>Memory RAM</td><td>2GB DDR3</td></tr>
<tr><td>Processor</td><td>RK3368, octa-core Cortex-A53; up to 1.5 GHz , PowerVR G6110 GPU; up to 600MHZ</td></tr>
<tr><td>Audio</td><td>Integrated speakers 80(1.3W)</td></tr>
<tr><td>Audio Jack</td><td>3.5mm earphone jack</td></tr>
<tr><td>Buttons</td><td>(Vol+ / Vol-) / (Up / Down) / Exit / Power switch</td></tr>
<tr><td>Dimensions</td><td>252(W) × 184(D) × 33(H) mm</td></tr>
<tr><td>Display/Touch Panel</td><td>10.1” WXGA (1280 x 800), TFT LCD display, 10 points capacitive touchscreen</td></tr>
<tr><td>Expansion Slot</td><td>SD card</td></tr>
<tr><td>Front camera</td><td>5 MP</td></tr>
<tr><td>Housing</td><td>PC, ABS</td></tr>
<tr><td>Input Voltage</td><td>12 VDC ±5%</td></tr>
<tr><td>Interfaces</td><td>USB-A, USB 2.0, GPIO</td></tr>
<tr><td>Keypad</td><td>6 keys</td></tr>
<tr><td>Pogo Pin</td><td>2x POGO-Pin connector</td></tr>
<tr><td>Power over Ethernet</td><td>RJ45 Ethernet, 10/100/1.000BASE-T</td></tr>
<tr><td>Power Supply Input</td><td>12  VDC (2 A)</td></tr>
<tr><td>Power Supply Output</td><td>AC100 to 240 V (50 to 60 Hz)</td></tr>
<tr><td>Sensors</td><td>Gravity Sensor</td></tr>
<tr><td>Touch Panel</td><td>10 points capacitive touchscreen</td></tr>
<tr><td>VESA standard</td><td>Metal Fitting mounting screw holes: 75*75 mm</td></tr>
<tr><td>Video</td><td>MKV, TS, FLV, AVI, VOB, MPG, DAT, ASF, RM, MOV, 3GP, MP4, WMV</td></tr>
<tr><td>Weight</td><td>615  g</td></tr>
<tr><td>RFID</td><td>Optional</td></tr>
<tr><td>WLAN RADIO</td><td>IEEE 802.11 b/g/n/ac (2.4G), IEEE 802.11 a/b/g/n/ac (5G)</td></tr>
<tr><td>WPAN RADIO</td><td>Bluetooth 4.1</td></tr>
<tr><td>Humidity</td><td>5% to 95% (non-condensing)</td></tr>
<tr><td>IP Rating</td><td>IP54 (front only)</td></tr>
<tr><td>Operating Temperature</td><td>-10°C to 50°C (14°F to 122°F)</td></tr>
<tr><td>Storage Temperature</td><td>-20°C to 60°C (-4°F to 140°F)</td></tr>
<tr><td>Configuration Tools</td><td>Ndevor</td></tr>
<tr><td>MDM (certified)</td><td>Ndevor, SOTI, Airwatch</td></tr>
<tr><td>Terminal Emulation (compatible)</td><td>Ivanti Velocity</td></tr>
<tr><td>Certifications Hardware</td><td>FCC, RoHS, CE</td></tr>
<tr><td>Comprehensive Service Contract</td><td>3 Years, 5 Years</td></tr>
<tr><td>Warranty Extension</td><td>+1 Year, +3 Years</td></tr>
<tr><td>Warranty Standard</td><td>2 Years</td></tr>
<tr><td>Accessories Optional</td><td>Multiplug adapter, Desktop stand Vesa75, Wall mount bracket Vesa75, MSR reader module, NFC reader module, 4G module, RFID low frequency reader module</td></tr>
<tr><td>Accessories Standard</td><td>Multiplug adapter, Wall mount bracket Vesa75</td></tr>
</tbody>
</table>",,,,,,,,
https://www.newland-id.com/en/products/touch-panel-computers/nquire-750-stingray-ii,touch-panel-computers,Newland,,,NQuire 750 Stingray II,NQuire 750 Stingray II,https://www.newland-id.com/datasheets/166/nquire-750-stingray-ii.pdf,https://newlandemea.katanapim.com/content/images/thumbs/000/0000189_nquire750_stingray_ii_2.png,"Enabling self-service is easy with NQuire 750 Stingray II! With its interactive 7"" touchscreen, a variety of wireless options, and a megapixel scan engine it's a perfect device for table-top ordering, shelf labeling, and price-checking applications.","1D: All major 1D symbologies
2D: All major 2D symbologies
Depth of Field Code 39 (5mil): 110 mm - 290 mm",,,,"<table class=""Table_Products_Style"">
<thead>
<tr>
<th>Thông số kỹ thuật</th>
<th>Chi tiết</th>
</tr>
</thead>
<tbody>
<tr><td>1D</td><td>All major 1D symbologies</td></tr>
<tr><td>2D</td><td>All major 2D symbologies</td></tr>
<tr><td>Depth of Field Code 39 (5mil)</td><td>110 mm - 290 mm</td></tr>
<tr><td>Depth of Field DataMatrix (10mil)</td><td>110 mm - 260 mm</td></tr>
<tr><td>Depth of Field EAN 13 (13mil)</td><td>70 mm - 610 mm</td></tr>
<tr><td>Depth of Field PDF417 (6.7mil)</td><td>110 mm - 230 mm</td></tr>
<tr><td>Depth of Field QR (15mil)</td><td>55 mm - 410 mm</td></tr>
<tr><td>Current Operating System</td><td>Android 13, GMS</td></tr>
<tr><td>Memory Flash</td><td>64GB</td></tr>
<tr><td>Memory RAM</td><td>4GB</td></tr>
<tr><td>Processor</td><td>2.0 GHz octa-core, 64-bit</td></tr>
<tr><td>AC Adapter</td><td>12 V, 3 A</td></tr>
<tr><td>Buttons</td><td>Up/down keys, Vol+/Vol-keys, Menu key</td></tr>
<tr><td>Dimensions</td><td>185.9(W) x 132.5(D) x 32(H) mm</td></tr>
<tr><td>Display/Touch Panel</td><td>7"" (1280 x 800), brightness: 360 nits, Capacitive touchscreen</td></tr>
<tr><td>Front camera</td><td>8 MP</td></tr>
<tr><td>Interfaces</td><td>USB-C, USB-A, Ethernet, GPIO, MicroSD Card</td></tr>
<tr><td>Keypad</td><td>5 keys</td></tr>
<tr><td>Modules</td><td>Built in 4G module</td></tr>
<tr><td>Notifications</td><td>Speaker, Multi-color LEDs</td></tr>
<tr><td>Power over Ethernet</td><td>RJ45 IEEE 802.3 af/at</td></tr>
<tr><td>Sensors</td><td>Gravity Sensor, Infrared sensor</td></tr>
<tr><td>SIM/TF</td><td>Nano+Nano, Nano+TF</td></tr>
<tr><td>Touch Panel</td><td>Capacitive touchscreen</td></tr>
<tr><td>NFC</td><td>13.56MHz RFID: ISO14443A/B, MIFARE, FeliCa, NFC Forum Tags, ISO15693. Supports ID card reading, supports reader/writer modes. (optional NFC module is required)</td></tr>
<tr><td>WLAN RADIO</td><td>IEEE 802.11 a/b/g/n/ac, supports 2.4GHz and 5GHz dual frequency</td></tr>
<tr><td>WPAN RADIO</td><td>Bluetooth 5.2</td></tr>
<tr><td>WWAN RADIO</td><td>2G: 850/900/I800/1900MHz; 3G: WCDMA (B1, B2, B5, B8); CDMA: 1X EVDO (BC0); TD-SCDMA: B34/39; 4G: TDD-LTE (B34, B38, B39, B40,B41), FDD-LTE (B1, B2, B3, B5, B7, B8, B20, B28 a&b)</td></tr>
<tr><td>Electro Static Discharge (ESD)</td><td>±12 kV (air discharge), ±6 kV (direct discharge)</td></tr>
<tr><td>Humidity</td><td>5% to 90% (non-condensing)</td></tr>
<tr><td>IP Rating</td><td>IP54 (front only)</td></tr>
<tr><td>Operating Temperature</td><td>-10°C to 50°C (14°F to 122°F)</td></tr>
<tr><td>Storage Temperature</td><td>-20°C to 60°C (-4°F to 140°F)</td></tr>
<tr><td>Android Roadmap</td><td>https://www.newland-id.com/en/support/android-roadmap-for-newland-devices/</td></tr>
<tr><td>Comprehensive Service Contract</td><td>3 Years, 5 Years</td></tr>
<tr><td>Warranty Extension</td><td>+1 Year, +3 Years</td></tr>
<tr><td>Warranty Standard</td><td>2 Years</td></tr>
<tr><td>Accessories Optional</td><td>Multiplug adapter, Desktop stand Vesa75, Wall mount bracket Vesa75, MSR reader module, NFC reader module, NQuire IO Kit</td></tr>
<tr><td>Accessories Standard</td><td>Multiplug adapter, Wall mount bracket Vesa75</td></tr>
<tr><td>All versions</td><td>NQuire 750 Stingray II, Wall mount bracket, Multiplug adapter</td></tr>
<tr><td>Part Number</td><td>Description</td></tr>
<tr><td>NLS-NQUIRE700-W4-SP</td><td>NQuire 750 Stingray II Micro Kiosk with 7"" Touch Screen, 2D CMOS Mega Pixel imager with Laser Aimer (CM6x, Portrait), 8MP front camera, BT, 4G, GPS, WiFi and POE. Incl. wall mount bracket and multiplug adapter. OS: Android 13 GMS.</td></tr>
<tr><td>NLS-NQUIRE700-W4-SL</td><td>NQuire 750 Stingray II Micro Kiosk with 7"" Touch Screen, 2D CMOS Mega Pixel imager with Laser Aimer (CM6x, Landscape), 8MP front camera,  BT, 4G, GPS, WiFi and POE. Incl. wall mount bracket and multiplug adapter. OS: Android 13 GMS.</td></tr>
</tbody>
</table>",,,,,,,,
https://www.newland-id.com/en/products/scan-engines/em1300,scan-engines,Newland,,,Em1300,EM1300,https://www.newland-id.com/datasheets/158/em1300.pdf,https://newlandemea.katanapim.com/content/images/thumbs/000/0000179_em1300_1.png,"The EM1300 is our top all-round engine for all major 1D barcodes. Equipped with a CCD sensor and powerful processor, it is designed and built with flexibility in mind. The decoding settings and firmware can be adjusted to match your specific needs.","1D: All major 1D symbologies, including Code128, EAN-13, EAN-8, Code39, UPC-A, UPC-E, Codabar, Interleaved 2 of 5, ISBN/ISSN, Code 93.
Decode Rate: 200 decodes per second (default)
Field of View Horizontal: 42°",,,,"<table class=""Table_Products_Style"">
<thead>
<tr>
<th>Thông số kỹ thuật</th>
<th>Chi tiết</th>
</tr>
</thead>
<tbody>
<tr><td>1D</td><td>All major 1D symbologies, including Code128, EAN-13, EAN-8, Code39, UPC-A, UPC-E, Codabar, Interleaved 2 of 5, ISBN/ISSN, Code 93.</td></tr>
<tr><td>Decode Rate</td><td>200 decodes per second (default)</td></tr>
<tr><td>Field of View Horizontal</td><td>42°</td></tr>
<tr><td>Illumination</td><td>LED (622nm-628nm)</td></tr>
<tr><td>Image Sensor</td><td>2500 CCD</td></tr>
<tr><td>Minimal Print Contrast</td><td>25%</td></tr>
<tr><td>Scan Angle Pitch</td><td>±65°</td></tr>
<tr><td>Scan Angle Roll</td><td>30°</td></tr>
<tr><td>Scan Angle Skew</td><td>±60°</td></tr>
<tr><td>Scan Modes</td><td>Trigger Mode, Sense Mode, Continuous Mode, Auto Mode, Interval Mode, Handheld Mode</td></tr>
<tr><td>Scan Rate</td><td>300 scans per second</td></tr>
<tr><td>Current @ 3.3VDC Operating</td><td>57 mA (Typical), 89 mA (max)</td></tr>
<tr><td>Current @ 3.3VDC Sleep</td><td>11 mA</td></tr>
<tr><td>Current @ 3.3VDC Standby</td><td>28 mA</td></tr>
<tr><td>Dimensions</td><td>28.2(W) × 23.4(D) ×11.2(H) mm</td></tr>
<tr><td>Housing</td><td>ABS</td></tr>
<tr><td>Input Voltage</td><td>3.3 VDC ±5%</td></tr>
<tr><td>Interfaces</td><td>TTL-232</td></tr>
<tr><td>Power Consumption</td><td>188 mW</td></tr>
<tr><td>Weight</td><td>6 g</td></tr>
<tr><td>Ambient Light</td><td>0 to 100,000 lux</td></tr>
<tr><td>Humidity</td><td>5% to 95% (non-condensing)</td></tr>
<tr><td>Operating Temperature</td><td>-20°C to 60°C (-4°F to 140°F)</td></tr>
<tr><td>Storage Temperature</td><td>-40°C to 85°C (-40°F to 185°F)</td></tr>
<tr><td>Certifications Hardware</td><td>CE EMC Class B, FCC Part15 Class B</td></tr>
<tr><td>Warranty Standard</td><td>2 Years</td></tr>
<tr><td>Accessories Standard</td><td>75mm flexible flat cable (FFC), Software development board</td></tr>
<tr><td>Part Number</td><td>Description</td></tr>
<tr><td>NLS-EM1300</td><td>1D CCD scan engine, Superior,  2.500 px (CCD), All-in-one housing, Processor,  TTL232 interface with FFC (flexible flat cable)</td></tr>
<tr><td>NLS-EM1300V2-GD</td><td>1D CCD scan engine, Superior,  2.500 px (CCD), All-in-one housing, Processor,  TTL232 interface with FFC (flexible flat cable)</td></tr>
</tbody>
</table>",,,,,,,,
https://www.newland-id.com/en/products/general-purpose-handheld-scanners/hr32-marlin-corded,general-purpose-handheld-scanners,Newland,,,HR32 Marlin Corded,HR32 Marlin Corded,https://www.newland-id.com/datasheets/139/hr32-marlin-corded.pdf,https://newlandemea.katanapim.com/content/images/thumbs/000/0000223_hr32_marlin_corded_1.png,"The HR32 Marlin Corded is a barcode scanning powerhouse. No matter what type of barcode is presented, the megapixel camera allows users to scan 1D and 2D barcodes, including very small and high resolution codes, with impressive speed and ease.","Part Number: Description
NLS-HR3280-S8: 2D CMOS Handheld Reader (black surface) with 2 meter RS232 cable and multi plug adapter.
NLS-HR3280-SF: 2D CMOS Handheld Reader (black surface) with 3 meter coiled USB cable. Autosense, incl. foldable smart stand (SET).",,,,"<table class=""Table_Products_Style"">
<thead>
<tr>
<th>Thông số kỹ thuật</th>
<th>Chi tiết</th>
</tr>
</thead>
<tbody>
<tr><td>Part Number</td><td>Description</td></tr>
<tr><td>NLS-HR3280-S8</td><td>2D CMOS Handheld Reader (black surface) with 2 meter RS232 cable and multi plug adapter.</td></tr>
<tr><td>NLS-HR3280-SF</td><td>2D CMOS Handheld Reader (black surface) with 3 meter coiled USB cable. Autosense, incl. foldable smart stand (SET).</td></tr>
<tr><td>NLS-HR3280-S5</td><td>2D CMOS Handheld Reader (black surface) with 3 meter coiled USB cable, autosense.</td></tr>
<tr><td>1D</td><td>All major 1D symbologies, including EAN-13, EAN-8, UPC-A, UPC-E, ISSN, ISBN, Codabar, Code 128, Code93, ITF-6, ITF-14, Interleaved 2 of 5, Industrial 2 of 5, Standard 2 of 5, Matrix 2 of 5, GS1 Databar, Code 39, Code 11, MSI-Plessey, Plessey.</td></tr>
<tr><td>2D</td><td>All major 2D symbologies, including PDF417, QR Code, Data Matrix, Aztec, Maxicode.</td></tr>
<tr><td>Aiming</td><td>Green LED</td></tr>
<tr><td>Depth of Field Code 39 (5mil)</td><td>75 mm - 220 mm</td></tr>
<tr><td>Depth of Field DataMatrix (10mil)</td><td>50 mm - 220 mm</td></tr>
<tr><td>Depth of Field EAN 13 (13mil)</td><td>45 mm - 510 mm</td></tr>
<tr><td>Depth of Field PDF417 (6.67mil)</td><td>70 mm - 215 mm</td></tr>
<tr><td>Depth of Field QR (15mil)</td><td>20 mm - 330 mm</td></tr>
<tr><td>Field of View Horizontal</td><td>39°</td></tr>
<tr><td>Field of View Vertical</td><td>24°</td></tr>
<tr><td>Illumination</td><td>White LED, Red LED (625±10nm)</td></tr>
<tr><td>Image Sensor</td><td>1280 x 800 CMOS</td></tr>
<tr><td>Minimal Print Contrast</td><td>25%</td></tr>
<tr><td>Scan Angle Pitch</td><td>±55°</td></tr>
<tr><td>Scan Angle Roll</td><td>360°</td></tr>
<tr><td>Scan Angle Skew</td><td>±55°</td></tr>
<tr><td>Scan Modes</td><td>Trigger Mode, Sense Mode, Continuous Mode</td></tr>
<tr><td>Scan Rate</td><td>60 frames per second</td></tr>
<tr><td>Processor</td><td>1 GHz, X1500</td></tr>
<tr><td>Current @ 5VDC Operating</td><td>238.2 mA (typical), 260.5 mA (max)</td></tr>
<tr><td>Current @ 5VDC Standby</td><td>71.3 mA</td></tr>
<tr><td>Dimensions</td><td>113.5(W) × 73.3(D) × 159(H) mm</td></tr>
<tr><td>Housing</td><td>PC, ABS</td></tr>
<tr><td>Input Voltage</td><td>5 VDC ±5%</td></tr>
<tr><td>Interfaces</td><td>USB, RS-232</td></tr>
<tr><td>Notifications</td><td>Beep, LED</td></tr>
<tr><td>Power Consumption</td><td>1289.6 mW (typical)</td></tr>
<tr><td>Power Supply Input</td><td>5  VDC (1.5 A)</td></tr>
<tr><td>Power Supply Output</td><td>AC100 to 240 V (50 to 60 Hz)</td></tr>
<tr><td>Weight</td><td>162 g</td></tr>
<tr><td>Ambient Light</td><td>0 to 100,000 lux (natural light)</td></tr>
<tr><td>Drop</td><td>1.5 m</td></tr>
<tr><td>Electro Static Discharge (ESD)</td><td>±8 kV (direct discharge), ±15 kV (air discharge)</td></tr>
<tr><td>Humidity</td><td>5% to 95% (non-condensing)</td></tr>
<tr><td>IP Rating</td><td>IP52</td></tr>
<tr><td>Operating Temperature</td><td>-20°C to 60°C (-4°F to 140°F)</td></tr>
<tr><td>Storage Temperature</td><td>-40°C to 70°C (-40°F to 158°F)</td></tr>
<tr><td>Configuration Tools</td><td>EasySet</td></tr>
<tr><td>Certifications Hardware</td><td>FCC, IEC 62471, RoHS, KC, CE</td></tr>
<tr><td>Warranty Standard</td><td>5 Years</td></tr>
</tbody>
</table>",,,,,,,,
https://www.newland-id.com/en/products/general-purpose-handheld-scanners/hr33-marlin-corded,general-purpose-handheld-scanners,Newland,,,HR33 Marlin Corded,HR33 Marlin Corded,https://www.newland-id.com/datasheets/133/hr33-marlin-corded.pdf,https://newlandemea.katanapim.com/content/images/thumbs/000/0000218_hr33_marlin_corded_1.png,"The legacy continues with the latest HR33 Marlin Corded, which offers effortless barcode capture thanks to Newland EMEA decoding technology. Cutting-edge scanning and decoding are showcased in a design that represents premium quality to become Newland’s best ever handheld 2D barcode reader so far. The HR33 Marlin Corded features a light and ergonomic design, making it the ideal companion for high-intensity scanning.","1D: Code 11, Code 128, Code39, GS1-128(UCC/ENA-128), AIM 128, ISBT 128,Codabar, Code 93, UPC-A, UPC-E, Coupon, GS1 Composite, EAN-13, EAN-8, ISSN, ISBN, Interleaved 2 of 5, Matrix 2 of 5, Industrial 2 of 5, ITF-6, ITF-14, Standard 2 of 5,China Post 25, MSI-Plessey, Plessey, GS1Databar(RSS), Code 49, Code 16K.
2D: PDF417,QR Code, Micro QR, Data Matrix, Aztec, Maxi Code, Chinese Sensible Code, GM Code, Micro PDF417, Code One, Dotcode
Aiming: Cross laser",,,,"<table class=""Table_Products_Style"">
<thead>
<tr>
<th>Thông số kỹ thuật</th>
<th>Chi tiết</th>
</tr>
</thead>
<tbody>
<tr><td>1D</td><td>Code 11, Code 128, Code39, GS1-128(UCC/ENA-128), AIM 128, ISBT 128,Codabar, Code 93, UPC-A, UPC-E, Coupon, GS1 Composite, EAN-13, EAN-8, ISSN, ISBN, Interleaved 2 of 5, Matrix 2 of 5, Industrial 2 of 5, ITF-6, ITF-14, Standard 2 of 5,China Post 25, MSI-Plessey, Plessey, GS1Databar(RSS), Code 49, Code 16K.</td></tr>
<tr><td>2D</td><td>PDF417,QR Code, Micro QR, Data Matrix, Aztec, Maxi Code, Chinese Sensible Code, GM Code, Micro PDF417, Code One, Dotcode</td></tr>
<tr><td>Aiming</td><td>Cross laser</td></tr>
<tr><td>Depth of Field Code 39 (5mil)</td><td>50 mm - 230 mm</td></tr>
<tr><td>Depth of Field DataMatrix (10mil)</td><td>30 mm - 245 mm</td></tr>
<tr><td>Depth of Field EAN 13 (13mil)</td><td>40 mm - 535 mm</td></tr>
<tr><td>Depth of Field PDF417 (6.7mil)</td><td>45 mm - 215 mm</td></tr>
<tr><td>Field of View Horizontal</td><td>48˚</td></tr>
<tr><td>Field of View Vertical</td><td>30˚</td></tr>
<tr><td>Illumination</td><td>White LED</td></tr>
<tr><td>Image Sensor</td><td>1280 x 800 CMOS</td></tr>
<tr><td>Minimal Print Contrast</td><td>15%</td></tr>
<tr><td>OCR</td><td>Passport OCR, Chinese ID Card, China Travel Permit OCR</td></tr>
<tr><td>Resolution</td><td>≥3mil</td></tr>
<tr><td>Scan Angle Pitch</td><td>±60°</td></tr>
<tr><td>Scan Angle Roll</td><td>360˚</td></tr>
<tr><td>Scan Angle Skew</td><td>±60°</td></tr>
<tr><td>Current @ 5VDC Operating</td><td>281 mA (max)</td></tr>
<tr><td>Current @ 5VDC Standby</td><td>129 mA</td></tr>
<tr><td>Dimensions</td><td>95(W) × 68(D) × 166(H) mm</td></tr>
<tr><td>Input Voltage</td><td>5 VDC ±5%</td></tr>
<tr><td>Interfaces</td><td>RS-232, HID-POS, USB-CDC, USB-KBW</td></tr>
<tr><td>Notifications</td><td>Beep, LED, Vibration</td></tr>
<tr><td>Weight</td><td>140 g</td></tr>
<tr><td>Drop</td><td>1.5 m</td></tr>
<tr><td>Electro Static Discharge (ESD)</td><td>±8 kV (contact discharge), ±15 kV (air discharge)</td></tr>
<tr><td>Humidity</td><td>5% to 95% (non-condensing)</td></tr>
<tr><td>IP Rating</td><td>IP52</td></tr>
<tr><td>Operating Temperature</td><td>-20°C to 60°C (-4°F to 140°F)</td></tr>
<tr><td>Storage Temperature</td><td>-40°C to 70°C (-40°F to 158°F)</td></tr>
<tr><td>Configuration Tools</td><td>EasySet</td></tr>
<tr><td>Certifications Hardware</td><td>FCC, RoHS 2.0, IEC 60825, IEC 62471, CE</td></tr>
<tr><td>Comprehensive Service Contract</td><td>3 Years, 5 Years</td></tr>
<tr><td>Warranty Standard</td><td>5 Years</td></tr>
<tr><td>Accessories Optional</td><td>USB cable, USB-C cable, RS-232 cable, Wall mount clip, Smart adjustable stand, Smart gooseneck stand</td></tr>
<tr><td>Accessories Standard</td><td>USB cable, RS-232 cable</td></tr>
<tr><td>NLS-HR3300-S5</td><td>HR33 Marlin 2D CMOS Mega Pixel Handheld Reader with 3,5 mtr. coiled USB cable(CBL030UA). Smart stand compatible</td></tr>
<tr><td>NLS-HR3300-SA</td><td>HR33 Marlin 2D CMOS Mega Pixel Handheld Reader with 3.5 mtr. coiled USB cable(CBL030UA) and autosense. Incl. smart adjustable stand (NLS-STD23-33-SA).</td></tr>
<tr><td>NLS-HR3300-S8</td><td>HR33 Marlin 2D CMOS Mega Pixel Handheld Reader with 2 mtr. Straight RS232 cable (CBL037R) and multiplug adapter (ADP100). Smart stand compatible.</td></tr>
<tr><td>Part Number</td><td>Description</td></tr>
</tbody>
</table>",,,,,,,,
https://www.newland-id.com/en/products/touch-panel-computers/fg80-libra-ii-4g,touch-panel-computers,Newland,,,FG80,FG80 Libra II 4G,https://www.newland-id.com/datasheets/129/fg80-libra-ii-4g.pdf,https://newlandemea.katanapim.com/content/images/thumbs/000/0000219_fg80_libra_ii_4g_1.png,The Android supported FG80 Libra II 8-inch tablet brings effortless usability straight to your workforce. Its minimalistic exterior and high performance interface strikes the perfect balance between size and support.,"Part Number: Description
SD-FG80-W4: 8"" Tablet 2Ghz 4GB/64GB, 2D CMOS imager with Laser Aimer, WIFI, 4G, BT, GPS, NFC and camera. Incl. handstrap, USB cable and multiplug adapter (Libra II). OS: Android 11
SD-FG80-W4-FP2: 8"" Tablet 2Ghz 4GB/64GB, 2D CMOS imager with Laser Aimer, WIFI, 4G, BT, GPS, NFC and camera. Incl. handstrap, USB cable and multiplug adapter (Libra II). OS: Android 11; Morpho CBM-E3 Optical fingerprint module，500DPI, 256 Grey Level",,,,"<table class=""Table_Products_Style"">
<thead>
<tr>
<th>Thông số kỹ thuật</th>
<th>Chi tiết</th>
</tr>
</thead>
<tbody>
<tr><td>Part Number</td><td>Description</td></tr>
<tr><td>SD-FG80-W4</td><td>8"" Tablet 2Ghz 4GB/64GB, 2D CMOS imager with Laser Aimer, WIFI, 4G, BT, GPS, NFC and camera. Incl. handstrap, USB cable and multiplug adapter (Libra II). OS: Android 11</td></tr>
<tr><td>SD-FG80-W4-FP2</td><td>8"" Tablet 2Ghz 4GB/64GB, 2D CMOS imager with Laser Aimer, WIFI, 4G, BT, GPS, NFC and camera. Incl. handstrap, USB cable and multiplug adapter (Libra II). OS: Android 11; Morpho CBM-E3 Optical fingerprint module，500DPI, 256 Grey Level</td></tr>
<tr><td>SD-FG80-W4-FP1</td><td>8"" Tablet 2Ghz 4GB/64GB, 2D CMOS imager with Laser Aimer, WIFI, 4G, BT, GPS, NFC and camera. Incl. handstrap, USB cable and multiplug adapter (Libra II). OS: Android 11; Crossmatch TCS1G capacitive fingerprint module , Resolution 508DPI, Pixels 256*360</td></tr>
<tr><td>SD-FG80-W4-UHF2</td><td>8"" Tablet 2Ghz 4GB/64GB, 2D CMOS imager with Laser Aimer, WIFI, 4G, BT, GPS, NFC and camera. Incl. handstrap, USB cable and multiplug adapter (Libra II). OS: Android 11; Impijn E310 RFID module mounted on the backside of FG80</td></tr>
<tr><td>SD-FG80-W4-UHF1</td><td>8"" Tablet 2Ghz 4GB/64GB, 2D CMOS imager with Laser Aimer, WIFI, 4G, BT, GPS, NFC and camera. Incl. handstrap, USB cable and multiplug adapter (Libra II). OS: Android 11; Impijn E710 UHF RFID module mounted on the backside of FG80</td></tr>
<tr><td>1D</td><td>All major 1D symbologies</td></tr>
<tr><td>2D</td><td>All major 2D symbologies</td></tr>
<tr><td>Current Operating System</td><td>Android 11</td></tr>
<tr><td>Memory Flash</td><td>64GB</td></tr>
<tr><td>Memory RAM</td><td>4GB</td></tr>
<tr><td>Memory Storage Expansion (max.)</td><td>Micro SD*1, up to 512G Micro PSAM*1(optional)</td></tr>
<tr><td>Processor</td><td>2.0 GHz octa-core</td></tr>
<tr><td>Audio</td><td>Front speakers, Volume 90db±3db (test distance 10cm)</td></tr>
<tr><td>Battery Type</td><td>7200 mAh</td></tr>
<tr><td>Buttons</td><td>Power key, Volume keys, Scan key (default), 12 Numbers</td></tr>
<tr><td>Dimensions</td><td>253(W) x 136(D) x 14.2(H) mm</td></tr>
<tr><td>Display/Touch Panel</td><td>8.0” (1920 x 1200) IPS highlight screen, 5 points capacitive touchscreen</td></tr>
<tr><td>Expansion Slot</td><td>Micro SD, up to 512G Micro PSAM (optional)</td></tr>
<tr><td>Expected Charge Time</td><td>PE fast charging, full charge time < 4h</td></tr>
<tr><td>Front camera</td><td>8 MP, Full focus</td></tr>
<tr><td>Interfaces</td><td>USB-C, OTG</td></tr>
<tr><td>Keypad</td><td>16 keys</td></tr>
<tr><td>Notifications</td><td>Beep, LED, Vibration</td></tr>
<tr><td>Rear camera</td><td>13 MP, Auto focus, High brightness LED flash</td></tr>
<tr><td>SIM/TF</td><td>Nano SIM*2 or Nano SIM*1</td></tr>
<tr><td>Touch Panel</td><td>5 points capacitive touchscreen</td></tr>
<tr><td>Weight</td><td>650 g</td></tr>
<tr><td>GPS</td><td>GPS, BD, GLONASS</td></tr>
<tr><td>NFC</td><td>Supported protocol: ISO14443A/B, ISO15693; Reading distance: 0~5cm</td></tr>
<tr><td>WLAN RADIO</td><td>IEEE 802.11 a/b/g/n/ac 2.4GHz/5GHz dual band; supports fast roaming</td></tr>
<tr><td>WPAN RADIO</td><td>Bluetooth 5.1 BLE</td></tr>
<tr><td>WWAN RADIO</td><td>FDD-LTE:B1/B3/B5/B7/B8/B28A; TDD-LTE:B34/B38/B39/B40/B41; WCDMA:B1/B2/B5/B8; GSM:B2/B3/B5/B8; CDMA:BC0</td></tr>
<tr><td>UHF Antenna</td><td>1.5dBi Ceramic antenna (Circular polarization)</td></tr>
<tr><td>UHF Frequency</td><td>Euro frequency (865-867MHz)</td></tr>
<tr><td>UHF Protocol</td><td>EPC Class 1 Gen 2 (ISO 18000-6C)</td></tr>
<tr><td>UHF Read Range</td><td>Indoor: >3 m - 12 m, Outdoor: >1.5 m - 6 m</td></tr>
<tr><td>UHF Read Rate</td><td>≥200 tags per second</td></tr>
<tr><td>UHF Reader</td><td>Impijn E310 or E710 UHF RFID module</td></tr>
<tr><td>Drop</td><td>Six sides can stand the impact of 1.5 m drop to concrete floor</td></tr>
<tr><td>Electro Static Discharge (ESD)</td><td>±8 kV (contact discharge), ±15 kV (air discharge)</td></tr>
<tr><td>Humidity</td><td>5% to 95%</td></tr>
<tr><td>IP Rating</td><td>IP65</td></tr>
<tr><td>Operating Temperature</td><td>-20°C to 55°C (-4°F to 131°F)</td></tr>
<tr><td>Storage Temperature</td><td>-30°C to 70°C (-22°F to 158°F)</td></tr>
<tr><td>Certifications Hardware</td><td>MSDS, FCC, UN38.3, RoHS, CE</td></tr>
<tr><td>Warranty Standard</td><td>2 Years</td></tr>
</tbody>
</table>",,,,,,,,
https://www.newland-id.com/en/products/fixed-mount-scanners/fm3051-grouper,fixed-mount-scanners,Newland,,,FM3051,FM3051 Grouper,https://www.newland-id.com/datasheets/124/fm3051-grouper.pdf,https://newlandemea.katanapim.com/content/images/thumbs/000/0000212_fm3051_grouper_1.png,"With its snappy barcode reading of virtually any 1D or 2D barcode, the FM3051 Grouper is the perfect response to the trend of barcodes moving from paper to the screen. Built to read from contemporary LCD widescreen devices, the fixed scanner is ideal for mobile phone applications like loyalty programs and ticket validation. Whether it’s an employee scanning a productlabel or a customer scanning a voucher on their mobile phone, barcode scanning is always easy and quick.","1D: All major 1D symbologies including EAN-13, EAN-8, UPC-A, UPC-E, ISSN, ISBN, Codabar, Code 128 (FNC1, FNC2, FNC3), Code 93, ITF-6, ITF-14, Interleaved 2 of 5, Industrial 2 of 5, Standard 2 of 5, Matrix 2 of 5, GS1 Databar (RSS-Expand, RSS-Limited, RSS-14), Code 39, Code 11, MSI-Plessey, Plessey
2D: All major 2D symbologies including DF417, Data Matrix, QR Code.
Field of View Horizontal: 75°",,,,"<table class=""Table_Products_Style"">
<thead>
<tr>
<th>Thông số kỹ thuật</th>
<th>Chi tiết</th>
</tr>
</thead>
<tbody>
<tr><td>1D</td><td>All major 1D symbologies including EAN-13, EAN-8, UPC-A, UPC-E, ISSN, ISBN, Codabar, Code 128 (FNC1, FNC2, FNC3), Code 93, ITF-6, ITF-14, Interleaved 2 of 5, Industrial 2 of 5, Standard 2 of 5, Matrix 2 of 5, GS1 Databar (RSS-Expand, RSS-Limited, RSS-14), Code 39, Code 11, MSI-Plessey, Plessey</td></tr>
<tr><td>2D</td><td>All major 2D symbologies including DF417, Data Matrix, QR Code.</td></tr>
<tr><td>Field of View Horizontal</td><td>75°</td></tr>
<tr><td>Field of View Vertical</td><td>50°</td></tr>
<tr><td>Illumination</td><td>White LED</td></tr>
<tr><td>Image Sensor</td><td>752 x 480 CMOS</td></tr>
<tr><td>Minimal Print Contrast</td><td>25%</td></tr>
<tr><td>Scan Angle Pitch</td><td>±40°</td></tr>
<tr><td>Scan Angle Roll</td><td>360°</td></tr>
<tr><td>Scan Angle Skew</td><td>±40°</td></tr>
<tr><td>Scan Modes</td><td>Sense Mode, Continuous Mode</td></tr>
<tr><td>Scan Rate</td><td>60 frames per second</td></tr>
<tr><td>Scan Window</td><td>38.3 mm × 60.4 mm</td></tr>
<tr><td>Processor</td><td>0390 Chip, MCU</td></tr>
<tr><td>Current @ 5VDC Operating</td><td>115 mA (typical), 198 mA (max)</td></tr>
<tr><td>Dimensions</td><td>78.7(W) × 67.7(D) × 62.5(H) mm (max.)</td></tr>
<tr><td>Housing</td><td>ABS, Aluminium, PBT</td></tr>
<tr><td>Input Voltage</td><td>5 VDC ±5%</td></tr>
<tr><td>Interfaces</td><td>USB, RS-232</td></tr>
<tr><td>Notifications</td><td>Beep</td></tr>
<tr><td>Power Consumption</td><td>572 mW (typical)</td></tr>
<tr><td>Power Supply Input</td><td>5  VDC (1.5 A)</td></tr>
<tr><td>Power Supply Output</td><td>AC100 to 240 V (50 to 60 Hz)</td></tr>
<tr><td>Weight</td><td>184 g</td></tr>
<tr><td>Electro Static Discharge (ESD)</td><td>±8 kV (air discharge), ±4 kV (direct discharge)</td></tr>
<tr><td>Humidity</td><td>5% to 95% (non-condensing)</td></tr>
<tr><td>Operating Temperature</td><td>-20°C to 60°C (-4°F to 140°F)</td></tr>
<tr><td>Storage Temperature</td><td>-40°C to 70°C (-40°F to 158°F)</td></tr>
<tr><td>Configuration Tools</td><td>EasySet</td></tr>
<tr><td>Certifications Hardware</td><td>CE EMC Class B, FCC Part15 Class B, RoHS</td></tr>
<tr><td>Warranty Standard</td><td>5 Years</td></tr>
<tr><td>Accessories Optional</td><td>USB cable, USB-C cable, Multiplug adapter, RS-232 cable</td></tr>
<tr><td>Accessories Standard</td><td>USB cable, RS-232 cable</td></tr>
<tr><td>NLS-FM3051-28</td><td>FM30 Grouper II 2D CMOS Fixed Mounted Reader for kiosk integration, optimized to read from cell phone and paper. Including data formatting, RS232 cable and multiplug adapter.</td></tr>
<tr><td>NLS-FM3051-20</td><td>FM30 Grouper II 2D CMOS Fixed Mounted Reader for kiosk integration, optimized to read from cell phone and paper. Including data formatting and USB cable.</td></tr>
<tr><td>Part Number</td><td>Description</td></tr>
</tbody>
</table>",,,,,,,,
https://www.newland-id.com/en/products/fixed-mount-scanners/fm3281-grouper,fixed-mount-scanners,Newland,,,Fm3281,FM3281 Grouper,https://www.newland-id.com/datasheets/122/fm3281-grouper.pdf,https://newlandemea.katanapim.com/content/images/thumbs/000/0000458_fm3281_1.png,"The FM3281 Grouper is available in two versions: one with advanced NFC functionality and one without. This allows businesses to choose the version that best fits their application. The NFC functionality enables faster, easier, and more secure data transfers. With a glare-reduction design and IP67 protection, the FM3281 Grouper performs reliably in various conditions, making it an ideal scanner for outdoor environments.","1D: All major 1D symbologies
2D: All major 2D symbologies
Depth of Field Code 128 (10mil): 0 mm - 280 mm",,,,"<table class=""Table_Products_Style"">
<thead>
<tr>
<th>Thông số kỹ thuật</th>
<th>Chi tiết</th>
</tr>
</thead>
<tbody>
<tr><td>1D</td><td>All major 1D symbologies</td></tr>
<tr><td>2D</td><td>All major 2D symbologies</td></tr>
<tr><td>Depth of Field Code 128 (10mil)</td><td>0 mm - 280 mm</td></tr>
<tr><td>Depth of Field Code 39 (20mil)</td><td>15 mm - 310 mm</td></tr>
<tr><td>Depth of Field EAN 13 (13mil)</td><td>0 mm - 290 mm</td></tr>
<tr><td>Depth of Field QR (20mil)</td><td>0 mm - 270 mm</td></tr>
<tr><td>Field of View Horizontal</td><td>58.2˚</td></tr>
<tr><td>Field of View Vertical</td><td>66˚</td></tr>
<tr><td>Illumination</td><td>White LED (3000K)</td></tr>
<tr><td>Image Sensor</td><td>1280 x 1088 CMOS</td></tr>
<tr><td>Minimal Print Contrast</td><td>25%</td></tr>
<tr><td>OCR</td><td>Passport OCR, ID Cards, Travel Permit OCR</td></tr>
<tr><td>Resolution</td><td>≥3mil</td></tr>
<tr><td>Scan Angle Pitch</td><td>±60°</td></tr>
<tr><td>Scan Angle Roll</td><td>360˚</td></tr>
<tr><td>Scan Angle Skew</td><td>±60°</td></tr>
<tr><td>Current @ 5VDC Operating</td><td>NFC version: 220 mA, Non NFC version: 172 mA</td></tr>
<tr><td>Current @ 5VDC Standby</td><td>NFC version: 175 mA, Non NFC version: 118 mA</td></tr>
<tr><td>Dimensions</td><td>78.7(W) × 47.7(D) × 67.7(H) mm (max.)</td></tr>
<tr><td>Input Voltage</td><td>5-24 VDC ±5%</td></tr>
<tr><td>Interfaces</td><td>USB, RS-232, RS-485, Wiegand</td></tr>
<tr><td>Notifications</td><td>Beep</td></tr>
<tr><td>NFC: Reading Distance</td><td>0 mm - 30 mm</td></tr>
<tr><td>NFC: Supported Functions</td><td>Supports reading card number and card type, reading and writing sectors, file operations, key operations, contactless CPU card operation (ISO14443 Type A) and APDU.</td></tr>
<tr><td>NFC: Supported Standards</td><td>ID card, NFC-equipped phone, Mifare one (M1), S50, S70, Mifare plus, Mifare plus Evx, Mifare Ultralight/C/EV1, Mifare Desfire, CPU card, NTAG2x series, NTAG42x series, ICODE 2, Type B card, Felica card</td></tr>
<tr><td>Electro Static Discharge (ESD)</td><td>±8 kV (direct discharge), ±15 kV (air discharge)</td></tr>
<tr><td>Humidity</td><td>5% to 95% (non-condensing)</td></tr>
<tr><td>IP Rating</td><td>IP67</td></tr>
<tr><td>Operating Temperature</td><td>-20°C to 60°C (-4°F to 140°F)</td></tr>
<tr><td>Storage Temperature</td><td>-40°C to 85°C (-40°F to 185°F)</td></tr>
<tr><td>Configuration Tools</td><td>EasySet</td></tr>
<tr><td>Certifications Hardware</td><td>CE EMC Class B, FCC Part15 Class B, RoHS</td></tr>
<tr><td>Warranty Standard</td><td>5 Years</td></tr>
<tr><td>Accessories Optional</td><td>USB cable, USB-C cable, Multiplug adapter, RS-232 cable, RS-485-Wiegand cable</td></tr>
<tr><td>Accessories Standard</td><td>USB cable, RS-485 to Wiegand adapter, RS-232 cable</td></tr>
<tr><td>NLS-FM3281-NFC-20</td><td>FM3281 2D Mega Pixel Fixed Mounted Reader, NFC, IP67 with 2 mtr. USB extension cable.</td></tr>
<tr><td>NLS-FM3281-NFC-28</td><td>FM3281 2D Mega Pixel Fixed Mounted Reader, NFC, IP67 with 2 mtr. RS232 extension cable and multiplug power adapter.</td></tr>
<tr><td>Part Number</td><td>Description</td></tr>
<tr><td>NLS-FM3281-20</td><td>FM3281 2D Mega Pixel Fixed Mounted Reader, IP67 with 2 mtr. USB extension cable.</td></tr>
<tr><td>NLS-FM3281-28</td><td>FM3281 2D Mega Pixel Fixed Mounted Reader, IP67 with 2 mtr. RS232 extension cable and multiplug power adapter.</td></tr>
</tbody>
</table>",,,,,,,,
https://www.newland-id.com/en/products/scan-engines/em27,scan-engines,Newland,,,EM27,EM27,https://www.newland-id.com/datasheets/110/em27.pdf,https://newlandemea.katanapim.com/content/images/thumbs/000/0000461_em27_1.png,"The EM27 is a close-range scanner with soft illumination. The EM27 can be pointed in a user’s direction without glare and facilitates intuitive user scanning in customer self-service. With its small form factor, it is the perfect choice for modern customer-facing solutions.","1D: Code 128, UCC/EAN128, AIM128, EAN-8, EAN-13,  ISSN/ISBN, UPC-E, UPC-A, Interleaved 2 of 5, ITF-6, ITF-4, Standard 25, CodaBar, Industrial 25,  Code 39, Code 93, Code 11, Plessey, MSI-Plessey, GS1-128 (UCC/EAN-128), GS1-Databar™ (RSS) (RSS14, RSS-Limited, RSS-Expand, Matrix 2 of 5
2D: PDF 417, Micro PDF 417, QR Code, Micro QR, Data Matrix, Aztec, Maxicode
Depth of Field Code 39 (5mil): 25 mm - 70 mm",,,,"<table class=""Table_Products_Style"">
<thead>
<tr>
<th>Thông số kỹ thuật</th>
<th>Chi tiết</th>
</tr>
</thead>
<tbody>
<tr><td>1D</td><td>Code 128, UCC/EAN128, AIM128, EAN-8, EAN-13,  ISSN/ISBN, UPC-E, UPC-A, Interleaved 2 of 5, ITF-6, ITF-4, Standard 25, CodaBar, Industrial 25,  Code 39, Code 93, Code 11, Plessey, MSI-Plessey, GS1-128 (UCC/EAN-128), GS1-Databar™ (RSS) (RSS14, RSS-Limited, RSS-Expand, Matrix 2 of 5</td></tr>
<tr><td>2D</td><td>PDF 417, Micro PDF 417, QR Code, Micro QR, Data Matrix, Aztec, Maxicode</td></tr>
<tr><td>Depth of Field Code 39 (5mil)</td><td>25 mm - 70 mm</td></tr>
<tr><td>Depth of Field DataMatrix (10mil)</td><td>35 mm - 60 mm</td></tr>
<tr><td>Depth of Field EAN 13 (13mil)</td><td>40 mm - 90 mm</td></tr>
<tr><td>Depth of Field PDF417 (6.67mil)</td><td>32 mm - 55 mm</td></tr>
<tr><td>Depth of Field QR (15mil)</td><td>15 mm - 75 mm</td></tr>
<tr><td>Field of View Horizontal</td><td>68°</td></tr>
<tr><td>Field of View Vertical</td><td>51°</td></tr>
<tr><td>Illumination</td><td>White LED</td></tr>
<tr><td>Image Sensor</td><td>640 x 480 CMOS</td></tr>
<tr><td>Minimal Print Contrast</td><td>25%</td></tr>
<tr><td>Motion Tolerance</td><td>1.0 m/s</td></tr>
<tr><td>Scan Angle Pitch</td><td>±60°</td></tr>
<tr><td>Scan Angle Roll</td><td>360°</td></tr>
<tr><td>Scan Angle Skew</td><td>±60°</td></tr>
<tr><td>Current @ 5VDC Operating</td><td>196 mA (typical), 616 mA (max)</td></tr>
<tr><td>Current @ 5VDC Standby</td><td>35 mA</td></tr>
<tr><td>Dimensions</td><td>With foam: 55.0(W) x 34.4(D) x 13.2(H) mm, With glass: 55.0(W) x 34.4(D) x 12.7(H) mm</td></tr>
<tr><td>Input Voltage</td><td>5 VDC ±5%</td></tr>
<tr><td>Interfaces</td><td>USB, RS-232</td></tr>
<tr><td>Notifications</td><td>Beep</td></tr>
<tr><td>Power Consumption</td><td>980 mW (typical)</td></tr>
<tr><td>Weight</td><td>With foam: 14.2 g, With glass: 17.9 g</td></tr>
<tr><td>Ambient Light</td><td>0 to 100,000 lux (natural light)</td></tr>
<tr><td>Humidity</td><td>5% to 95% (non-condensing)</td></tr>
<tr><td>Operating Temperature</td><td>-20°C to 60°C (-4°F to 140°F)</td></tr>
<tr><td>Storage Temperature</td><td>-40°C to 70°C (-40°F to 158°F)</td></tr>
<tr><td>Configuration Tools</td><td>EasySet</td></tr>
<tr><td>Certifications Hardware</td><td>CE EMC Class B, FCC Part15 Class B, RoHS</td></tr>
<tr><td>Warranty Standard</td><td>2 Years</td></tr>
<tr><td>Accessories Optional</td><td>USB cable, RS-232 cable</td></tr>
<tr><td>Part Number</td><td>Description</td></tr>
<tr><td>NLS-EM27-00</td><td>'2D CMOS Area Imager, Slim Type, customer facing scanner, CMOS 640 x 480 , All-in-one, 8-PIN connector for USB/RS232 direct connection to host, Buzzer, without glass cover.</td></tr>
<tr><td>NLS-EM27-01</td><td>'2D CMOS Area Imager, Slim Type, customer facing scanner, CMOS 640 x 480 , All-in-one, 8-PIN connector for USB/RS232 direct connection to host, Buzzer, with glass cover.</td></tr>
</tbody>
</table>",,,,,,,,
https://www.newland-id.com/en/products/mobile-computers/n7-cachalot-pro-ii,mobile-computers,Newland,,,N7,N7 Cachalot Pro II,https://www.newland-id.com/datasheets/109/n7-cachalot-pro-ii.pdf,https://newlandemea.katanapim.com/content/images/thumbs/000/0000469_n7-perspective-tag.png,"Meet the most rugged entry in the Newland Pro Series! The N7 Cachalot Pro II thrives in even the busiest warehouse and logistic applications. This mobile computer adds processing speed, fast-roaming wireless connections, higher drop- and IP ratings, and added flexibility through a choice of 3 keyboard layouts. Available with Duo Near & Far technology, the N7 Cachalot Pro II enables scanning at both close and long ranges.","1D: All major 1D symbologies
2D: All major 2D symbologies
Aiming: Laser diode",,,,"<table class=""Table_Products_Style"">
<thead>
<tr>
<th>Thông số kỹ thuật</th>
<th>Chi tiết</th>
</tr>
</thead>
<tbody>
<tr><td>1D</td><td>All major 1D symbologies</td></tr>
<tr><td>2D</td><td>All major 2D symbologies</td></tr>
<tr><td>Aiming</td><td>Laser diode</td></tr>
<tr><td>Depth of Field Code 128 (100mil)</td><td>Duo Near & Far: 440mm - 9800mm</td></tr>
<tr><td>Depth of Field Code 128 (10mil)</td><td>SR: 60 mm - 480 mm</td></tr>
<tr><td>Depth of Field Code 128 (15mil)</td><td>Duo Near & Far: 75 mm - 2600 mm</td></tr>
<tr><td>Depth of Field Code 128 (3mil)</td><td>SR: 100 mm - 180 mm</td></tr>
<tr><td>Depth of Field Code 39 (100mil)</td><td>Duo Near & Far: 50 cm - 600 cm</td></tr>
<tr><td>Depth of Field Code 39 (10mil)</td><td>SR: 50 mm - 575 mm; Duo Near & Far: 20 cm - 140 cm</td></tr>
<tr><td>Depth of Field Code 39 (55mil)</td><td>Duo Near & Far: 40 mm - 430 cm</td></tr>
<tr><td>Depth of Field Code 39 (5mil)</td><td>SR: 80 mm - 350 mm</td></tr>
<tr><td>Depth of Field DataMatrix (10mil)</td><td>Duo Near & Far: 105 mm - 310 mm</td></tr>
<tr><td>Depth of Field DataMatrix (15mil)</td><td>SR: 55 mm - 355 mm</td></tr>
<tr><td>Depth of Field DataMatrix (55mil)</td><td>Duo Near & Far: 190 mm - 3900 mm</td></tr>
<tr><td>Depth of Field EAN 13 (13mil)</td><td>SR: 40 mm - 480 mm; Duo Near & Far: 20 cm - 180 cm</td></tr>
<tr><td>Depth of Field PDF417 (10mil)</td><td>SR: 60 mm - 320 mm</td></tr>
<tr><td>Depth of Field QR (10mil)</td><td>Duo Near & Far: 110 mm - 250 mm</td></tr>
<tr><td>Depth of Field QR (15mil)</td><td>SR: 50 mm - 400 mm</td></tr>
<tr><td>Depth of Field QR (55mil)</td><td>Duo Near & Far: 195 mm - 3700 mm</td></tr>
<tr><td>Illumination</td><td>White LED (625±10nm)</td></tr>
<tr><td>Image Sensor</td><td>1280 x 800 CMOS</td></tr>
<tr><td>Scan Modes</td><td>Trigger Mode</td></tr>
<tr><td>Scan Rate</td><td>60 frames per second</td></tr>
<tr><td>Current Operating System</td><td>Android 13, GMS, Android Enterprise Recommended (AER)</td></tr>
<tr><td>Memory Flash</td><td>64GB</td></tr>
<tr><td>Memory RAM</td><td>4GB</td></tr>
<tr><td>Memory Storage Expansion (max.)</td><td>Micro SD/TF card (max. 128 GB)</td></tr>
<tr><td>Processor</td><td>2.0 GHz octa-core</td></tr>
<tr><td>Battery Type</td><td>3.8 V, 5100 mAh, Removable</td></tr>
<tr><td>Buttons</td><td>Two scan buttons (left/right), three touch navigation keys</td></tr>
<tr><td>Dimensions</td><td>200(W) x 70(D) x 29(H) mm</td></tr>
<tr><td>Display/Touch Panel</td><td>4.0"" WVGA (800 x 480), brightness: 480 nits, Gorilla glass, Supports input with gloves</td></tr>
<tr><td>Expansion Slot</td><td>MicroSD card (max. 128GB)</td></tr>
<tr><td>Expected Battery Life</td><td>Scanning:> 15 hours of continuous operations; standby: 500 hours</td></tr>
<tr><td>Keypad</td><td>29 keys, 38 keys, 47 keys</td></tr>
<tr><td>Notifications</td><td>Speaker, Vibration, Multi-color LEDs</td></tr>
<tr><td>Power Supply Input</td><td>AC 100 to 240 V (50 to 60 Hz)</td></tr>
<tr><td>Power Supply Output</td><td>Type-C 5 V/3 A, 9 V/2 A, 12 V/1.5 A</td></tr>
<tr><td>Rear camera</td><td>13 MP, LED flash, Auto focus</td></tr>
<tr><td>Sensors</td><td>Gravity Sensor, Hall switch</td></tr>
<tr><td>SIM/TF</td><td>Nano+Nano or Nano+TF</td></tr>
<tr><td>Touch Panel</td><td>Gorilla glass, Supports input with gloves</td></tr>
<tr><td>Weight</td><td>360 g (including battery)</td></tr>
<tr><td>GPS</td><td>Beidou, GLONASS, Galileo, GPS (AGPS)</td></tr>
<tr><td>RFID</td><td>NFC: 13.56MHz IS014443A/B, Ml FARE, Felica, NFC Forum Tags (not supported with pistol grip configuration)</td></tr>
<tr><td>WLAN RADIO</td><td>IEEE 802.11 a/b/g/n/ac, compatible with 11 d/h/i/k/r/v/w, support 2.4GHz and 5GHz dual frequency; Roaming: Super Fast Roaming</td></tr>
<tr><td>WPAN RADIO</td><td>Dual mode, Bluetooth 5.0 BLE (backward compatible)</td></tr>
<tr><td>WWAN RADIO</td><td>2G: GSM: 850/900/1800/1900MHz; 3G: WCDMA: B1/B2/B5/B7/B8/ B20/B28a&b, CDMA lx/EVDO: BCO; 4G: FDD-LTE: B1/B2/B3/B5/B7/B8/B20/B28a&b, TDD-LTE: B38/B39/B40/B41 (100M)</td></tr>
<tr><td>Drop</td><td>1.8 m</td></tr>
<tr><td>Electro Static Discharge (ESD)</td><td>±8 kV (direct discharge), ±15 kV (air discharge)</td></tr>
<tr><td>Humidity</td><td>5% to 95% (non-condensing)</td></tr>
<tr><td>IP Rating</td><td>IP65</td></tr>
<tr><td>Operating Temperature</td><td>-20°C to 55°C (-4°F to 131°F)</td></tr>
<tr><td>Storage Temperature</td><td>-40°C to 70°C (-40°F to 158°F)</td></tr>
<tr><td>Android Roadmap</td><td>https://www.newland-id.com/en/support/android-roadmap-for-newland-devices/</td></tr>
<tr><td>Configuration Tools</td><td>Ndevor</td></tr>
<tr><td>MDM (certified)</td><td>Ndevor, SOTI, Airwatch</td></tr>
<tr><td>Terminal Emulation (compatible)</td><td>StayLinked, Ivanti Velocity</td></tr>
<tr><td>Certifications Hardware</td><td>REACH, SOTI, FCC, RoHS 2.0, UN38.3, CE RED, IEC 60825, IEC 62471, AER, BIS</td></tr>
<tr><td>Comprehensive Service Contract</td><td>3 Years, 5 Years</td></tr>
<tr><td>Warranty Extension</td><td>+1 Year, +3 Years</td></tr>
<tr><td>Warranty Standard</td><td>2 Years</td></tr>
<tr><td>Accessories Optional</td><td>USB-C cable, Multiplug adapter, 4-slot battery charger, Charging cradle, Fast charging power adapter, Pistol grip, Battery, Screen protector, Cig-plug adapter, Holster, Hand strap, Charging and communication cradle</td></tr>
<tr><td>Accessories Standard</td><td>USB-C cable, Battery, Multiplug adapter</td></tr>
<tr><td>All versions</td><td>N7 Cachalot Pro II, USB cable, Hand Strap, Screen protector, Battery, Multiplug adapter</td></tr>
<tr><td>Part Number</td><td>Description</td></tr>
<tr><td>N7-Pro-W4-E3-A13</td><td>N7 Cachalot Pro II Mobile Computer 4GB/64GB with 4” Gorilla Glass Touch Screen, 38 keys keyboard, 2D CMOS Duo Near & Far range Mega Pixel imager with Laser Aimer, BT, GPS, NFC, 4G & WiFi, Camera. Incl. USB cable, battery and multiplug adapter. OS: Android 13 GMS AER.</td></tr>
<tr><td>N7-Pro-W4-S3-A13</td><td>N7 Cachalot Pro II Mobile Computer 4GB/64GB with 4” Gorilla Glass Touch Screen, 38 keys keyboard, 2D CMOS Mega Pixel imager with Laser Aimer, BT, GPS, NFC, 4G & WiFi, Camera. Incl. USB cable, battery and multiplug adapter. OS: Android 13 GMS AER.</td></tr>
<tr><td>N7-Pro-W4-E4-A13</td><td>N7 Cachalot Pro II Mobile Computer 4GB/64GB with 4” Gorilla Glass Touch Screen, 47 keys keyboard, 2D CMOS Duo Near & Far range Mega Pixel imager with Laser Aimer, BT, GPS, NFC, 4G & WiFi, Camera. Incl. USB cable, battery and multiplug adapter. OS: Android 13 GMS AER.</td></tr>
<tr><td>N7-Pro-W4-E3</td><td>N7 Cachalot Pro II Mobile Computer 4GB/64GB with 4” Gorilla Glass Touch Screen, 38 keys keyboard, 2D CMOS Duo Near & Far range Mega Pixel imager with Laser Aimer, BT, GPS, NFC, 4G & WiFi, Camera. Incl. USB cable, battery and multiplug adapter. OS: Android 11 GMS AER.</td></tr>
<tr><td>N7-Pro-W4-E4</td><td>N7 Cachalot Pro II Mobile Computer 4GB/64GB with 4” Gorilla Glass Touch Screen, 47 keys keyboard, 2D CMOS Duo Near & Far range Mega Pixel imager with Laser Aimer, BT, GPS, NFC, 4G & WiFi, Camera. Incl. USB cable, battery and multiplug adapter. OS: Android 11 GMS AER.</td></tr>
<tr><td>N7-Pro-W4-S4-A13</td><td>N7 Cachalot Pro II Mobile Computer 4GB/64GB with 4” Gorilla Glass Touch Screen, 47 keys keyboard, 2D CMOS Mega Pixel imager with Laser Aimer, BT, GPS, NFC, 4G & WiFi, Camera. Incl. USB cable, battery and multiplug adapter. OS: Android 13 GMS AER.</td></tr>
<tr><td>N7-Pro-W4-E2</td><td>N7 Cachalot Pro II Mobile Computer 4GB/64GB with 4” Gorilla Glass Touch Screen, 29 keys keyboard, 2D CMOS Duo Near & Far range Mega Pixel imager with Laser Aimer, BT, GPS, NFC, 4G & WiFi, Camera. Incl. USB cable, battery and multiplug adapter. OS: Android 11 GMS AER.</td></tr>
<tr><td>N7-Pro-W4-S2-A13</td><td>N7 Cachalot Pro II Mobile Computer 4GB/64GB with 4” Gorilla Glass Touch Screen, 29 keys keyboard, 2D CMOS Mega Pixel imager with Laser Aimer, BT, GPS, NFC, 4G & WiFi, Camera. Incl. USB cable, battery and multiplug adapter. OS: Android 13 GMS AER.</td></tr>
<tr><td>N7-Pro-W4-E2-A13</td><td>N7 Cachalot Pro II Mobile Computer 4GB/64GB with 4” Gorilla Glass Touch Screen, 29 keys keyboard, 2D CMOS Duo Near & Far range Mega Pixel imager with Laser Aimer, BT, GPS, NFC, 4G & WiFi, Camera. Incl. USB cable, battery and multiplug adapter. OS: Android 13 GMS AER.</td></tr>
<tr><td>N7-Pro-W4-S3</td><td>N7 Cachalot Pro II Mobile Computer 4GB/64GB with 4” Gorilla Glass Touch Screen, 38 keys keyboard, 2D CMOS Mega Pixel imager with Laser Aimer, BT, GPS, NFC, 4G & WiFi, Camera. Incl. USB cable, battery and multiplug adapter. OS: Android 11 GMS AER.</td></tr>
<tr><td>N7-Pro-W4-S2</td><td>N7 Cachalot Pro II Mobile Computer 4GB/64GB with 4” Gorilla Glass Touch Screen, 29 keys keyboard, 2D CMOS Mega Pixel imager with Laser Aimer, BT, GPS, NFC, 4G & WiFi, Camera. Incl. USB cable, battery and multiplug adapter. OS: Android 11 GMS AER.</td></tr>
<tr><td>N7-Pro-W4-S4</td><td>N7 Cachalot Pro II Mobile Computer 4GB/64GB with 4” Gorilla Glass Touch Screen, 47 keys keyboard, 2D CMOS Mega Pixel imager with Laser Aimer, BT, GPS, NFC, 4G & WiFi, Camera. Incl. USB cable, battery and multiplug adapter. OS: Android 11 GMS AER.</td></tr>
</tbody>
</table>",,,,,,,,
https://www.newland-id.com/en/products/touch-panel-computers/nquire-1500-mobula-ii,touch-panel-computers,Newland,,,NQuire 1500 Mobula II,NQuire 1500 Mobula II,https://www.newland-id.com/datasheets/11/nquire-1500-mobula-ii.pdf,https://newlandemea.katanapim.com/content/images/thumbs/000/0000232_nquire1500_mobula_ii_2.png,"Boasting the largest screen size within the NQuire Series, the NQuire 1500 Mobula II excels in applications requiring extensive data presentation or input. Its responsive touchscreen ensures intuitive and smooth interaction, while familiar Android 13 provides a reliable and tested operating environment.","1D: All major 1D symbologies
2D: All major 2D symbologies
Depth of Field Code 39 (5mil): 110 mm - 290 mm",,,,"<table class=""Table_Products_Style"">
<thead>
<tr>
<th>Thông số kỹ thuật</th>
<th>Chi tiết</th>
</tr>
</thead>
<tbody>
<tr><td>1D</td><td>All major 1D symbologies</td></tr>
<tr><td>2D</td><td>All major 2D symbologies</td></tr>
<tr><td>Depth of Field Code 39 (5mil)</td><td>110 mm - 290 mm</td></tr>
<tr><td>Depth of Field DataMatrix (10mil)</td><td>110 mm - 260 mm</td></tr>
<tr><td>Depth of Field EAN 13 (13mil)</td><td>70 mm - 610 mm</td></tr>
<tr><td>Depth of Field PDF417 (6.7mil)</td><td>110 mm - 230 mm</td></tr>
<tr><td>Depth of Field QR (15mil)</td><td>55 mm - 410 mm</td></tr>
<tr><td>Current Operating System</td><td>Android 13, GMS</td></tr>
<tr><td>Memory Flash</td><td>64GB</td></tr>
<tr><td>Memory RAM</td><td>4GB</td></tr>
<tr><td>Processor</td><td>2.0 GHz octa-core, 64-bit</td></tr>
<tr><td>AC Adapter</td><td>12 V, 3 A</td></tr>
<tr><td>Buttons</td><td>Up/down keys, Vol+/VoI-keys, Menu key</td></tr>
<tr><td>Dimensions</td><td>380.5(W) x 246.5(D) x 33(H) mm</td></tr>
<tr><td>Display/Touch Panel</td><td>15.6""(1920 x 1080), brightness: 200 nits, Capacitive touchscreen</td></tr>
<tr><td>Front camera</td><td>8 MP</td></tr>
<tr><td>Interfaces</td><td>USB-C, USB-A, Ethernet, GPIO, MicroSD Card</td></tr>
<tr><td>Keypad</td><td>5 keys</td></tr>
<tr><td>Modules</td><td>Built in 4G module</td></tr>
<tr><td>Notifications</td><td>Speaker, Multi-color LEDs</td></tr>
<tr><td>Power over Ethernet</td><td>RJ45 IEEE 802.3 af/at</td></tr>
<tr><td>Sensors</td><td>Gravity Sensor, Infrared sensor</td></tr>
<tr><td>SIM/TF</td><td>Nano+Nano, Nano+TF</td></tr>
<tr><td>GPS</td><td>Beidou, GLONASS, Galileo, GPS (AGPS)</td></tr>
<tr><td>NFC</td><td>13.56MHz RFID: ISO14443A/B, MIFARE, FeliCa, NFC Forum Tags, ISO15693. Supports ID card reading, supports reader/writer modes. (optional NFC module is required)</td></tr>
<tr><td>WPAN RADIO</td><td>Bluetooth 5.2</td></tr>
<tr><td>WWAN RADIO</td><td>2G: 850/900/1800/1900MHz; 3G: WCDMA (B1, B2, 85, B8); CDMA: 1X EVDO (BC0); TD-SCDMA: B34/39; 4G: TDD-LTE (B34, B38, B39, B40, 841), FDD-LTE (B1, B2, B3, B5, B7, B8, B20, B28 a&b)</td></tr>
<tr><td>Electro Static Discharge (ESD)</td><td>±12 kV (air discharge), ±6 kV (direct discharge)</td></tr>
<tr><td>Humidity</td><td>5% to 95% (non-condensing)</td></tr>
<tr><td>IP Rating</td><td>IP54 (front only)</td></tr>
<tr><td>Operating Temperature</td><td>-10°C to 50°C (14°F to 122°F)</td></tr>
<tr><td>Storage Temperature</td><td>-20°C to 60°C (-4°F to 140°F)</td></tr>
<tr><td>Android Roadmap</td><td>https://www.newland-id.com/en/support/android-roadmap-for-newland-devices/</td></tr>
<tr><td>Configuration Tools</td><td>Ndevor</td></tr>
<tr><td>MDM (certified)</td><td>Ndevor</td></tr>
<tr><td>Comprehensive Service Contract</td><td>3 Years, 5 Years</td></tr>
<tr><td>Warranty Extension</td><td>+1 Year, +3 Years</td></tr>
<tr><td>Warranty Standard</td><td>2 Years</td></tr>
<tr><td>Accessories Optional</td><td>Multiplug adapter, Desktop stand Vesa75, Wall mount bracket Vesa75, MSR reader module, NFC reader module, NQuire IO Kit</td></tr>
<tr><td>Accessories Standard</td><td>Multiplug adapter, Wall mount bracket Vesa75</td></tr>
<tr><td>All versions</td><td>NQuire 1500 Mobula II, Wall mount bracket, Multiplug adapter</td></tr>
<tr><td>Part Number</td><td>Description</td></tr>
<tr><td>NLS-NQUIRE1500-W4-SL</td><td>NQuire 1500 Mobula II Mikro Kiosk with 15"" Touch Screen, 2D CMOS Mega Pixel imager with Laser Aimer (CM6x, Landscape), 8MP front camera, BT, 4G, GPS, WiFi and POE. Incl. wall mount bracket and multiplug adapter. OS: Android 13 GMS</td></tr>
<tr><td>NLS-NQUIRE1500-W4-SP</td><td>NQuire 1500 Mobula II Mikro Kiosk with 15"" Touch Screen, 2D CMOS Mega Pixel imager with Laser Aimer (CM6x, Portrait), 8MP front camera, BT, 4G, GPS, WiFi and POE. Incl. wall mount bracket and multiplug adapter. OS: Android 13 GMS</td></tr>
</tbody>
</table>",,,,,,,,
https://www.newland-id.com/en/products/general-purpose-handheld-scanners/hr15-wahoo-corded,general-purpose-handheld-scanners,Newland,,,HR15 Wahoo Corded,HR15 Wahoo Corded,https://www.newland-id.com/datasheets/108/hr15-wahoo-corded.pdf,https://newlandemea.katanapim.com/content/images/thumbs/000/0000252_hr15_wahoo_corded_1.png,The HR15 Wahoo handheld scanner is the corded model of HR15 Wahoo series and comes with a coiled cable. This model supports standard RS-232 / USB / PS2 PC interface.,"1D: All major 1D symbologies, including Code 128, EAN-13, EAN-8, Code39, UPC-A, UPC-E, Codabar,Interleaved 2 of 5, ISBN, Code 93, UCC/EAN-128, GS1 Databar,PDF417 (max. 255 bytes), MicroPDF417 (max. 255 bytes).
Depth of Field: 31.5 mm - 465.6 mm
Field of View Horizontal: 42°",,,,"<table class=""Table_Products_Style"">
<thead>
<tr>
<th>Thông số kỹ thuật</th>
<th>Chi tiết</th>
</tr>
</thead>
<tbody>
<tr><td>1D</td><td>All major 1D symbologies, including Code 128, EAN-13, EAN-8, Code39, UPC-A, UPC-E, Codabar,Interleaved 2 of 5, ISBN, Code 93, UCC/EAN-128, GS1 Databar,PDF417 (max. 255 bytes), MicroPDF417 (max. 255 bytes).</td></tr>
<tr><td>Depth of Field</td><td>31.5 mm - 465.6 mm</td></tr>
<tr><td>Field of View Horizontal</td><td>42°</td></tr>
<tr><td>Illumination</td><td>Red LED (620nm)</td></tr>
<tr><td>Image Sensor</td><td>2500 CCD</td></tr>
<tr><td>Minimal Print Contrast</td><td>25%</td></tr>
<tr><td>Scan Angle Pitch</td><td>±55°</td></tr>
<tr><td>Scan Angle Roll</td><td>30°</td></tr>
<tr><td>Scan Angle Skew</td><td>±75°</td></tr>
<tr><td>Scan Modes</td><td>Trigger Mode, Sense Mode, Delayed Sense Mode, Manual Mode, Continuous Mode, Auto Mode, Blink Mode</td></tr>
<tr><td>Scan Rate</td><td>300 scans per second</td></tr>
<tr><td>Current @ 5VDC Operating</td><td>135 mA (typical), 185 mA (max)</td></tr>
<tr><td>Current @ 5VDC Standby</td><td>75 mA</td></tr>
<tr><td>Dimensions</td><td>113.5(W) x 73.3(D) x 159(H) mm</td></tr>
<tr><td>Housing</td><td>PC, ABS</td></tr>
<tr><td>Input Voltage</td><td>5 VDC ±5%</td></tr>
<tr><td>Interfaces</td><td>USB, RS-232</td></tr>
<tr><td>Notifications</td><td>Beep, LED</td></tr>
<tr><td>Power Supply Input</td><td>5  VDC (1.5 A)</td></tr>
<tr><td>Power Supply Output</td><td>AC100 to 240 V (50 to 60 Hz)</td></tr>
<tr><td>Weight</td><td>152 g</td></tr>
<tr><td>Drop</td><td>1.5 m</td></tr>
<tr><td>Electro Static Discharge (ESD)</td><td>±8 kV (contact discharge), ±15 kV (air discharge)</td></tr>
<tr><td>Humidity</td><td>5% to 95% (non-condensing)</td></tr>
<tr><td>IP Rating</td><td>IP54</td></tr>
<tr><td>Operating Temperature</td><td>-20°C to 50°C (-4°F to 122°F)</td></tr>
<tr><td>Storage Temperature</td><td>-20°C to 60°C (-4°F to 140°F)</td></tr>
<tr><td>Certifications Hardware</td><td>CE EMC Class B, FCC Part15 Class B, IEC 62471, RoHS, KC</td></tr>
<tr><td>Comprehensive Service Contract</td><td>3 Years, 5 Years</td></tr>
<tr><td>Warranty Standard</td><td>5 Years</td></tr>
<tr><td>Accessories Optional</td><td>USB cable, USB-C cable, Multiplug adapter, RS-232 cable, Wall mount clip, Foldable smart stand</td></tr>
<tr><td>Accessories Standard</td><td>USB cable</td></tr>
<tr><td>NLS-HR1550-35</td><td>HR15 Wahoo 1D CCD Handheld Reader with 3,5 mtr. coiled USB cable and autosense. (Smart stand compatible).</td></tr>
<tr><td>NLS-HR1550-35F</td><td>HR15 Wahoo 1D CCD Handheld Reader with 3,5 mtr. coiled USB cable and autosense. Incl. foldable smart stand.</td></tr>
<tr><td>NLS-HR1550-37</td><td>HR15 Wahoo 1D CCD Handheld Reader with 2 mtr. RS232 cable, multiplug adapter and autosense. (Smart stand compatible).</td></tr>
<tr><td>NLS-HR1550-38</td><td>HR15 Wahoo 1D CCD Handheld Reader with 2 mtr. RS232 cable, multiplug adapter and autosense. (Smart stand compatible).</td></tr>
<tr><td>Part Number</td><td>Description</td></tr>
</tbody>
</table>",,,,,,,,
https://www.newland-id.com/en/products/general-purpose-handheld-scanners/hr52-bonito-duo,general-purpose-handheld-scanners,Newland,,,HR52 Bonito DUO,HR52 Bonito DUO,https://www.newland-id.com/datasheets/107/hr52-bonito-duo.pdf,https://newlandemea.katanapim.com/content/images/thumbs/000/0000474_hr52_bonito_duo_1.png,"The HR52 Bonito Duo combines near and long-distance scanning, allowing it to fit into a variety of applications. With its precise laser aiming and rugged housing, this scanner ensures unmatched performance and reliability in your data capture.","1D: All major 1D symbologies, including EAN-13, EAN-8, UPC-A, UPC-E, ISSN, ISBN, Codabar, Code 128, Code93, ITF-6, ITF-14, Interleaved 2 of 5, Industrial 25, Standard 25, Matrix 25, GS1 Databar, Code 39, Code 11, MSI-Plessey, Plessey.
2D: All major 2D symbologies, including PDF417, QR Code, Data Matrix, Aztec, Maxicode.
Aiming: Laser diode (650nm)",,,,"<table class=""Table_Products_Style"">
<thead>
<tr>
<th>Thông số kỹ thuật</th>
<th>Chi tiết</th>
</tr>
</thead>
<tbody>
<tr><td>1D</td><td>All major 1D symbologies, including EAN-13, EAN-8, UPC-A, UPC-E, ISSN, ISBN, Codabar, Code 128, Code93, ITF-6, ITF-14, Interleaved 2 of 5, Industrial 25, Standard 25, Matrix 25, GS1 Databar, Code 39, Code 11, MSI-Plessey, Plessey.</td></tr>
<tr><td>2D</td><td>All major 2D symbologies, including PDF417, QR Code, Data Matrix, Aztec, Maxicode.</td></tr>
<tr><td>Aiming</td><td>Laser diode (650nm)</td></tr>
<tr><td>Depth of Field Code 128 (100mil)</td><td>440mm - 9800mm</td></tr>
<tr><td>Depth of Field Code 39 (100mil)</td><td>500 mm - 6000 mm</td></tr>
<tr><td>Depth of Field Code 39 (10mil)</td><td>200 mm - 1400 mm</td></tr>
<tr><td>Depth of Field EAN 13 (13mil)</td><td>200 mm - 1800 mm</td></tr>
<tr><td>Depth of Field QR (55mil)</td><td>250 mm - 3000 mm</td></tr>
<tr><td>Field of View Horizontal</td><td>Near Camera: 42˚, Far Camera: 16˚</td></tr>
<tr><td>Field of View Vertical</td><td>Near Camera: 28˚, Far Camera: 13˚</td></tr>
<tr><td>Illumination</td><td>White LED</td></tr>
<tr><td>Image Sensor</td><td>1280 x 800 CMOS</td></tr>
<tr><td>Minimal Print Contrast</td><td>20%</td></tr>
<tr><td>Scan Angle Pitch</td><td>±55°</td></tr>
<tr><td>Scan Angle Roll</td><td>360°</td></tr>
<tr><td>Scan Angle Skew</td><td>±50°</td></tr>
<tr><td>Current @ 5VDC Operating</td><td>Typical Near Camera: 414 mA, Far Camera: 728 mA; Maximum Near Camera: 631 mA, Far Camera: 1065 mA</td></tr>
<tr><td>Current @ 5VDC Standby</td><td>71 mA</td></tr>
<tr><td>Dimensions</td><td>95.5(W) x 77.5(D) x 172.5(H) mm</td></tr>
<tr><td>Input Voltage</td><td>5 VDC ±5%, 1 A</td></tr>
<tr><td>Interfaces</td><td>USB, RS-232</td></tr>
<tr><td>Notifications</td><td>Beep, LED, Vibration</td></tr>
<tr><td>Power Consumption</td><td>Near Camera: 2071 mW, Far Camera: 3642 mW</td></tr>
<tr><td>Weight</td><td>271 g</td></tr>
<tr><td>Drop</td><td>1.8 m</td></tr>
<tr><td>Electro Static Discharge (ESD)</td><td>±12 kV (direct discharge), ±8 kV (air discharge)</td></tr>
<tr><td>Humidity</td><td>5% to 95% (non-condensing)</td></tr>
<tr><td>IP Rating</td><td>IP54</td></tr>
<tr><td>Operating Temperature</td><td>-20°C to 50°C (-4°F to 122°F)</td></tr>
<tr><td>Storage Temperature</td><td>-30°C to 70°C (-22°F to 158°F)</td></tr>
<tr><td>Configuration Tools</td><td>EasySet</td></tr>
<tr><td>Comprehensive Service Contract</td><td>3 Years, 5 Years</td></tr>
<tr><td>Warranty Standard</td><td>5 Years</td></tr>
<tr><td>NLS-HR52-DUO-S5</td><td>HR52 Bonito 2D Handheld Reader, CMOS Duo Near & Far range Mega Pixel imager with Laser Aimer , Black surface with 2 mtr. Straight dual port USB cable.</td></tr>
<tr><td>NLS-HR52-DUO-S8</td><td>HR52 Bonito 2D Handheld Reader, CMOS Duo Near & Far range Mega Pixel imager with Laser Aimer , Black surface with 2 mtr. RS232 cable and multiplug adapter.</td></tr>
<tr><td>Part Number</td><td>Description</td></tr>
</tbody>
</table>",,,,,,,,
https://www.newland-id.com/en/products/fixed-mount-scanners/fm100,fixed-mount-scanners,Newland,,,Fm100,FM100,https://www.newland-id.com/datasheets/105/fm100.pdf,https://newlandemea.katanapim.com/content/images/thumbs/000/0000534_fm100_1.png,"Designed for OEM applications, this high performance fixed CCD scan engine can easily be integrated into various solutions such as kiosks, ticketing machines, (Reverse) Vending Machines and many more.","1D: All major 1D symbologies, including Code128, EAN-13, EAN-8, Code39, UPC-A, UPC-E,Codabar, Interleaved 2 of 5, ISBN/ISSN, Code 93,UCC/EAN-128, GS1Databar.
Field of View Horizontal: 40°
Illumination: Red LED (622nm-628nm)",,,,"<table class=""Table_Products_Style"">
<thead>
<tr>
<th>Thông số kỹ thuật</th>
<th>Chi tiết</th>
</tr>
</thead>
<tbody>
<tr><td>1D</td><td>All major 1D symbologies, including Code128, EAN-13, EAN-8, Code39, UPC-A, UPC-E,Codabar, Interleaved 2 of 5, ISBN/ISSN, Code 93,UCC/EAN-128, GS1Databar.</td></tr>
<tr><td>Field of View Horizontal</td><td>40°</td></tr>
<tr><td>Illumination</td><td>Red LED (622nm-628nm)</td></tr>
<tr><td>Image Sensor</td><td>2500 CCD</td></tr>
<tr><td>Minimal Print Contrast</td><td>30%</td></tr>
<tr><td>Resolution</td><td>≥5mil</td></tr>
<tr><td>Scan Angle Pitch</td><td>±65°</td></tr>
<tr><td>Scan Angle Roll</td><td>±30°</td></tr>
<tr><td>Scan Angle Skew</td><td>±60°</td></tr>
<tr><td>Scan Modes</td><td>Delayed Sense Mode, Continuous Mode, Interval Mode</td></tr>
<tr><td>Scan Rate</td><td>300 scans per second</td></tr>
<tr><td>Current @ 5VDC Operating</td><td>163 mA</td></tr>
<tr><td>Current @ 5VDC Standby</td><td>65 mA</td></tr>
<tr><td>Dimensions</td><td>49(W) x 37(D) x 26(H) mm</td></tr>
<tr><td>Housing</td><td>ABS</td></tr>
<tr><td>Input Voltage</td><td>5 VDC ±5%</td></tr>
<tr><td>Interfaces</td><td>USB, RS-232</td></tr>
<tr><td>Notifications</td><td>Beep, LED</td></tr>
<tr><td>Power Supply Input</td><td>5  VDC (1.5 A)</td></tr>
<tr><td>Power Supply Output</td><td>AC100 to 240 V (50 to 60 Hz)</td></tr>
<tr><td>Weight</td><td>70 g</td></tr>
<tr><td>Ambient Light</td><td>0 to 100,000 lux</td></tr>
<tr><td>Humidity</td><td>5% to 95% (non-condensing)</td></tr>
<tr><td>IP Rating</td><td>IP54</td></tr>
<tr><td>Operating Temperature</td><td>-5°C to 45°C (23˚F to 113˚F)</td></tr>
<tr><td>Storage Temperature</td><td>-40°C to 60°C (-4˚F to 140˚F)</td></tr>
<tr><td>Certifications Hardware</td><td>CE EMC Class B, FCC Part15 Class B, KC</td></tr>
<tr><td>Warranty Standard</td><td>5 Years</td></tr>
<tr><td>Accessories Optional</td><td>USB cable, USB-C cable, Multiplug adapter, RS-232 cable</td></tr>
<tr><td>Accessories Standard</td><td>USB cable</td></tr>
<tr><td>NLS-FM100GD-RC</td><td>FM100 1D CCD Fixed Mounted Reader with 2 mtr. RS232 extension cable and multiplug adapter.</td></tr>
<tr><td>NLS-FM100GD-U</td><td>FM100 1D CCD Fixed Mounted Reader with 2 mtr. USB extension cable.</td></tr>
<tr><td>NLS-FM100GD-00</td><td>FM100 1D CCD Fixed Mounted Reader with 50cm direct USB cable.</td></tr>
<tr><td>NLS-FM100GD-18</td><td>FM100 1D CCD Fixed Mounted Reader with 1.80 mtr. direct USB cable.</td></tr>
<tr><td>Part Number</td><td>Description</td></tr>
</tbody>
</table>",,,,,,,,
https://www.newland-id.com/en/products/mobile-computers/mt67-sei,mobile-computers,Newland,,,MT67,MT67 Sei,https://www.newland-id.com/datasheets/101/mt67-sei.pdf,https://newlandemea.katanapim.com/content/images/thumbs/000/0000482_mt67_sei_5.png,"The MT67 Sei packs high performance into a slim yet rugged design. Its’ powerful 2.0 GHz octa-core processor, Android 11 GMS and long-lasting battery make sure to serve even very demanding applications.","Part Number: Description
NLS-MT6755-W4-A13: MT6755 Sei Mobile Computer with 4"" touchscreen, 2D CMOS Megapixel imager with Laser Aimer, 4GB/64GB, BT, WiFi, Camera. Incl. Protective case, Screen Protection Film, Handstrap. wrist strap, USB cable, battery and multiplug adapter. OS: Android 13 GMS
NLS-MT6755-W0: MT6755 Sei Mobile Computer with 4"" touchscreen, 2D CMOS imager with Laser Aimer (CM6x), 4GB+64GB, BT, WiFi, Camera. Incl. Protective case, Handstrap. wrist strap, USB cable, battery and multiplug adapter. OS: Android 11 GMS.",,,,"<table class=""Table_Products_Style"">
<thead>
<tr>
<th>Thông số kỹ thuật</th>
<th>Chi tiết</th>
</tr>
</thead>
<tbody>
<tr><td>Part Number</td><td>Description</td></tr>
<tr><td>NLS-MT6755-W4-A13</td><td>MT6755 Sei Mobile Computer with 4"" touchscreen, 2D CMOS Megapixel imager with Laser Aimer, 4GB/64GB, BT, WiFi, Camera. Incl. Protective case, Screen Protection Film, Handstrap. wrist strap, USB cable, battery and multiplug adapter. OS: Android 13 GMS</td></tr>
<tr><td>NLS-MT6755-W0</td><td>MT6755 Sei Mobile Computer with 4"" touchscreen, 2D CMOS imager with Laser Aimer (CM6x), 4GB+64GB, BT, WiFi, Camera. Incl. Protective case, Handstrap. wrist strap, USB cable, battery and multiplug adapter. OS: Android 11 GMS.</td></tr>
<tr><td>NLS-MT6755-W4</td><td>MT6755 Sei Mobile Computer with 4"" touchscreen, 2D CMOS imager with Laser Aimer (CM6x), 4GB+64GB, BT, WiFi, 4G, GPS, NFC, Camera. Incl. rubber boot, wrist strap, USB cable, battery and multi plug adapter (EU/UK/US)​ OS: Android 11 GMS.</td></tr>
<tr><td>1D</td><td>All major 1D symbologies</td></tr>
<tr><td>2D</td><td>All major 2D symbologies</td></tr>
<tr><td>Aiming</td><td>Laser diode</td></tr>
<tr><td>Illumination</td><td>White LED (625±10nm)</td></tr>
<tr><td>Image Sensor</td><td>1280 x 800 CMOS</td></tr>
<tr><td>Current Operating System</td><td>Android 11, GMS</td></tr>
<tr><td>Memory Flash</td><td>64GB</td></tr>
<tr><td>Memory RAM</td><td>4GB</td></tr>
<tr><td>Memory Storage Expansion (max.)</td><td>Micro SD/TF card (max. 128GB)</td></tr>
<tr><td>Processor</td><td>2.0 GHz octa-core, 64-bit</td></tr>
<tr><td>Battery Type</td><td>3.8 V, 4800 mAh, swappable</td></tr>
<tr><td>Dimensions</td><td>162(W) x 68(D) x 17(H) mm</td></tr>
<tr><td>Display/Touch Panel</td><td>4” WVGA (800 × 480), Capacitive touchscreen, Gorilla glass</td></tr>
<tr><td>Expansion Slot</td><td>Micro SD card (max. 128GB)</td></tr>
<tr><td>Expected Battery Life</td><td>10 hours</td></tr>
<tr><td>Expected Charge Time</td><td>3 hours</td></tr>
<tr><td>Front camera</td><td>5 MP, Fixed focus</td></tr>
<tr><td>Interfaces</td><td>USB-C</td></tr>
<tr><td>Keypad</td><td>27 keys</td></tr>
<tr><td>Notifications</td><td>Speaker, Vibration, Multi-color LEDs</td></tr>
<tr><td>Power Supply Input</td><td>AC 100 to 240 V (50 to 60 Hz)</td></tr>
<tr><td>Power Supply Output</td><td>DC5/7/9 V, 1.67 A</td></tr>
<tr><td>Rear camera</td><td>13 MP, LED flash, Auto focus</td></tr>
<tr><td>SIM/TF</td><td>2 Nano SIM Card Slots (Nano+Nano or Nano+SD)</td></tr>
<tr><td>Touch Panel</td><td>Capacitive touchscreen, Gorilla glass</td></tr>
<tr><td>Weight</td><td>250 g (including battery)</td></tr>
<tr><td>GPS</td><td>GLONASS, GPS (AGPS)</td></tr>
<tr><td>RFID</td><td>13.56MHz ISO14443A/B, MIFARE, FeliCa, NFC Forum Tags, ISO15693</td></tr>
<tr><td>WLAN RADIO</td><td>802.11 a/b/g/n/ac, compatible with 11 d/h/i/k/r/v/w, support 2.4GHz and 5GHz</td></tr>
<tr><td>WPAN RADIO</td><td>Bluetooth 5.0 LE, backward compatible</td></tr>
<tr><td>WWAN RADIO</td><td>2G: GSM: 850/900/1800/1900MHz; 3G: WCDMA (B1, B2, B5, B8), CDMA2000 1X/ EV-DO Rev. A (BC0),  TD-SCDMA (B34, B39); 4G: TD-LTE (B34, B38, B39, B40, B41), FDD-LTE (B1, B2, B3, B5, B7, B8, B20, B28 a&b)</td></tr>
<tr><td>Drop</td><td>1.5 m</td></tr>
<tr><td>Electro Static Discharge (ESD)</td><td>±8 kV (direct discharge), ±15 kV (air discharge)</td></tr>
<tr><td>Humidity</td><td>5% to 95% (non-condensing)</td></tr>
<tr><td>IP Rating</td><td>IP65</td></tr>
<tr><td>Operating Temperature</td><td>-20°C to 55°C (-4°F to 131°F)</td></tr>
<tr><td>Storage Temperature</td><td>-30°C to 70°C (-22°F to 158°F)</td></tr>
<tr><td>Configuration Tools</td><td>Ndevor</td></tr>
<tr><td>MDM (certified)</td><td>Ndevor, SOTI, Airwatch</td></tr>
<tr><td>Terminal Emulation (compatible)</td><td>StayLinked, Ivanti Velocity</td></tr>
<tr><td>Certifications Hardware</td><td>FCC ID, IEC 62471, RoHS, EN 60950</td></tr>
<tr><td>Comprehensive Service Contract</td><td>3 Years, 5 Years</td></tr>
<tr><td>Warranty Extension</td><td>+1 Year, +3 Years</td></tr>
<tr><td>Warranty Standard</td><td>2 Years</td></tr>
<tr><td>Accessories Optional</td><td>USB cable, 4-slot battery charger, Charging cradle, Pistol grip, Battery, Adapter, Screen protector</td></tr>
<tr><td>Accessories Standard</td><td>USB cable, Rubber boot, Battery, Screen protector, Multiplug adapter, Wrist strap</td></tr>
</tbody>
</table>",,,,,,,,
https://www.newland-id.com/en/products/presentation-scanners/fr21-neon,presentation-scanners,Newland,,,FR21,FR21 Neon,https://www.newland-id.com/datasheets/98/fr21-neon.pdf,https://newlandemea.katanapim.com/content/images/thumbs/000/0000691_fr21_neon-black_1.png,"The FR21 Neon was built to create an optimal customer experience at the POS. It scans quickly and easily, even for the most inexperienced user, making it an ideal solution for applications like mobile payment, customer loyalty, cashback and ticket verification.","Part Number: Description
FR2170-20: 2D CMOS Desktop Area Imager Reader, 0390 CHIP + MCU, with 2 meter USB cable, white housing, black front.
FR2170-B-20: 2D CMOS Desktop Area Imager Reader, 0390 CHIP + MCU, with 2 meter USB cable, black housing, black front.",,,,"<table class=""Table_Products_Style"">
<thead>
<tr>
<th>Thông số kỹ thuật</th>
<th>Chi tiết</th>
</tr>
</thead>
<tbody>
<tr><td>Part Number</td><td>Description</td></tr>
<tr><td>FR2170-20</td><td>2D CMOS Desktop Area Imager Reader, 0390 CHIP + MCU, with 2 meter USB cable, white housing, black front.</td></tr>
<tr><td>FR2170-B-20</td><td>2D CMOS Desktop Area Imager Reader, 0390 CHIP + MCU, with 2 meter USB cable, black housing, black front.</td></tr>
<tr><td>1D</td><td>All major 1D symbologies, including Code 128, EAN-13, EAN-8, Code 39, UPC-A, UPC-E, Codabar, Interleaved 2 of 5, ITF-6, ITF-14, ISBN, Code 93, UCC/EAN-128, GS1 Databar, Matrix 2 of 5, Code 11, Industrial 2 of 5, Standard 2 of 5, Plessey, MSI-Plessey.</td></tr>
<tr><td>2D</td><td>All major 2D symbologies, including PDF417, QR Code (QR1/2, Micro), Data Matrix (ECC200, ECC000, 050, 080, 100, 140), Chinese Sensible Code.</td></tr>
<tr><td>Field of View Horizontal</td><td>73°</td></tr>
<tr><td>Field of View Vertical</td><td>56°</td></tr>
<tr><td>Illumination</td><td>White LED</td></tr>
<tr><td>Image Sensor</td><td>640 x 480 CMOS</td></tr>
<tr><td>Minimal Print Contrast</td><td>25%</td></tr>
<tr><td>Scan Angle Pitch</td><td>±30°</td></tr>
<tr><td>Scan Angle Roll</td><td>360°</td></tr>
<tr><td>Scan Angle Skew</td><td>±30°</td></tr>
<tr><td>Scan Modes</td><td>Sense Mode, Continuous Mode</td></tr>
<tr><td>Scan Rate</td><td>60 frames per second</td></tr>
<tr><td>Processor</td><td>0390 Chip, MCU</td></tr>
<tr><td>Current @ 5VDC Operating</td><td>127.3 mA (typical), 280.7 mA (max)</td></tr>
<tr><td>Dimensions</td><td>70.5(W) × 60.2(D) × 120.7(H) mm</td></tr>
<tr><td>Housing</td><td>ABS</td></tr>
<tr><td>Input Voltage</td><td>5 VDC ±5%</td></tr>
<tr><td>Interfaces</td><td>USB, RS-232</td></tr>
<tr><td>Notifications</td><td>Beep</td></tr>
<tr><td>Power Supply Input</td><td>5  VDC (1.5 A)</td></tr>
<tr><td>Power Supply Output</td><td>AC100 to 240 V (50 to 60 Hz)</td></tr>
<tr><td>Weight</td><td>242 g</td></tr>
<tr><td>Drop</td><td>1.2 m</td></tr>
<tr><td>Electro Static Discharge (ESD)</td><td>±12 kV (air discharge), ±6 kV (direct discharge)</td></tr>
<tr><td>Humidity</td><td>5% to 95% (non-condensing)</td></tr>
<tr><td>IP Rating</td><td>IP50</td></tr>
<tr><td>Operating Temperature</td><td>-20°C to 60°C (-4°F to 140°F)</td></tr>
<tr><td>Storage Temperature</td><td>-40°C to 70°C (-40°F to 158°F)</td></tr>
<tr><td>Configuration Tools</td><td>EasySet</td></tr>
<tr><td>Certifications Hardware</td><td>CE EMC Class B, FCC Part15 Class B</td></tr>
<tr><td>Warranty Standard</td><td>5 Years</td></tr>
<tr><td>Accessories Optional</td><td>RS-232 cable, Adapter</td></tr>
<tr><td>Accessories Standard</td><td>USB cable</td></tr>
</tbody>
</table>",,,,,,,,
https://www.newland-id.com/en/products/mobile-computers/mt90-orca-iii,mobile-computers,Newland,,,MT90,MT90 Orca III,https://www.newland-id.com/datasheets/85/mt90-orca-iii.pdf,https://newlandemea.katanapim.com/content/images/thumbs/000/0000489_mt90-perspective.png,The MT90 Orca III Mobile Computer is designed with an optimal form factor for a full touchscreen mobile computer with barcode scanner. Its consumer-style design and Android operating system makes the experience similar to picking up a personal mobile phone. This makes for an intuitive use and a limited need for staff training.,"Part Number: Description
NLS-MT9055-W4-A13: MT9055 Orca III Mobile Computer with 5"" touchscreen, 2D CMOS Mega Pixel imager with Laser Aimer (CM6x), 3GB/32GB, BT, WiFi, 4G, GPS, NFC and Camera. Incl. USB-C cable, battery, rubber boot, screen protector and multiplug adapter. OS: Android 13 GMS.
NLS-MT9055-W4X: MT9055 Orca III Mobile Computer with 5"" touchscreen, 2D CMOS Mega Pixel imager with Laser Aimer (CM6x), 4GB/64GB, BT, WiFi, 4G, GPS, NFC and Camera. Incl. USB-C cable, battery, rubber boot, screen protector and multiplug adapter. OS: Android 11 GMS.",,,,"<table class=""Table_Products_Style"">
<thead>
<tr>
<th>Thông số kỹ thuật</th>
<th>Chi tiết</th>
</tr>
</thead>
<tbody>
<tr><td>Part Number</td><td>Description</td></tr>
<tr><td>NLS-MT9055-W4-A13</td><td>MT9055 Orca III Mobile Computer with 5"" touchscreen, 2D CMOS Mega Pixel imager with Laser Aimer (CM6x), 3GB/32GB, BT, WiFi, 4G, GPS, NFC and Camera. Incl. USB-C cable, battery, rubber boot, screen protector and multiplug adapter. OS: Android 13 GMS.</td></tr>
<tr><td>NLS-MT9055-W4X</td><td>MT9055 Orca III Mobile Computer with 5"" touchscreen, 2D CMOS Mega Pixel imager with Laser Aimer (CM6x), 4GB/64GB, BT, WiFi, 4G, GPS, NFC and Camera. Incl. USB-C cable, battery, rubber boot, screen protector and multiplug adapter. OS: Android 11 GMS.</td></tr>
<tr><td>NLS-MT9055-W4X-A13</td><td>MT9055 Orca III Mobile Computer with 5"" touchscreen, 2D CMOS Mega Pixel imager with Laser Aimer (CM6x), 4GB/64GB, BT, WiFi, 4G, GPS, NFC and Camera. Incl. USB-C cable, battery, rubber boot, screen protector and multiplug adapter. OS: Android 13 GMS.</td></tr>
<tr><td>NLS-MT9055-W0X</td><td>MT9055 Orca III Mobile Computer 4GB/64GB with 5” Touch Screen, 2D CMOS Mega Pixel imager with Laser Aimer (CM6x), BT, WiFi, Camera. OS: Android 11 GMS Incl. USB cable, battery, rubber boot and multi plug adapter</td></tr>
<tr><td>NLS-MT9055-W4</td><td>MT9055 Orca III Mobile Computer with 5"" touchscreen, 2D CMOS Mega Pixel imager with Laser Aimer (CM6x), 3GB/32GB, BT, WiFi, 4G, GPS, NFC and Camera. Incl. USB-C cable, battery, rubber boot, screen protector and multiplug adapter. OS: Android 11 GMS.</td></tr>
<tr><td>1D</td><td>All major 1D symbologies</td></tr>
<tr><td>2D</td><td>All major 2D symbologies</td></tr>
<tr><td>Aiming</td><td>Laser diode</td></tr>
<tr><td>Illumination</td><td>White LED (625±10nm)</td></tr>
<tr><td>Image Sensor</td><td>1280 x 800 CMOS</td></tr>
<tr><td>Scan Modes</td><td>Trigger Mode</td></tr>
<tr><td>Scan Rate</td><td>60 frames per second</td></tr>
<tr><td>Current Operating System</td><td>Android 11, GMS</td></tr>
<tr><td>Memory Flash</td><td>64GB</td></tr>
<tr><td>Memory RAM</td><td>4GB</td></tr>
<tr><td>Memory Storage Expansion (max.)</td><td>Micro SD card (max. 128GB)</td></tr>
<tr><td>Processor</td><td>2.0 GHz octa-core, 64-bit</td></tr>
<tr><td>Audio</td><td>Speaker, Microphone</td></tr>
<tr><td>Audio Jack</td><td>3.5mm earphone jack</td></tr>
<tr><td>Battery Type</td><td>3.8 V, 4500 mAh, swappable</td></tr>
<tr><td>Buttons</td><td>Side Keys Volume+, Volume-, Left Scan Key, Right Scan Key, Power Button, Function Key, Keypad (4 Keys)</td></tr>
<tr><td>Dimensions</td><td>155(W) × 78(D) × 20(H) mm</td></tr>
<tr><td>Display/Touch Panel</td><td>5” full colour (1280 × 720), Capacitive touchscreen</td></tr>
<tr><td>Expansion Slot</td><td>Micro SD card (max. 128GB)</td></tr>
<tr><td>Expected Battery Life</td><td>10 hours</td></tr>
<tr><td>Expected Charge Time</td><td>5 hours (charge via AC adapter)</td></tr>
<tr><td>Interfaces</td><td>USB-C</td></tr>
<tr><td>Keypad</td><td>10 keys</td></tr>
<tr><td>Notifications</td><td>Speaker, Vibration, Multi-color LEDs</td></tr>
<tr><td>Power Supply Input</td><td>AC 100 to 240 V (50 to 60 Hz)</td></tr>
<tr><td>Power Supply Output</td><td>DC5 V, 2 A</td></tr>
<tr><td>Rear camera</td><td>LED flash, Auto focus, 8 MP</td></tr>
<tr><td>SIM/TF</td><td>Dual SIM: 1 SIM card, 1 Micro SIM Card</td></tr>
<tr><td>Touch Panel</td><td>Capacitive touchscreen</td></tr>
<tr><td>Weight</td><td>270 g (including battery)</td></tr>
<tr><td>GPS</td><td>GLONASS, GPS (AGPS)</td></tr>
<tr><td>RFID</td><td>13.56MHz RFID ISO14443A/B, MIFARE, FeliCa, NFC Forum Tags, ISO15693</td></tr>
<tr><td>WLAN RADIO</td><td>IEEE 802.11 a/b/g/n/ac, compatible with 11 d/h/i/k/r/v/w, support 2.4GHz and 5GHz</td></tr>
<tr><td>WPAN RADIO</td><td>Bluetooth 5.0 (backward compatible)</td></tr>
<tr><td>WWAN RADIO</td><td>2G: GSM:850/900/1800/1900MHz; 3G: WCDMA: B1/B2/B5/B8; TD-SCDMA: B34/B39; CDMA 1x/EVDO:BC0; 4G: FDD-LTE: B1/B2/B3/B5/B7/B8/B20/B28; TDD-LTE: B34/B38/B39/B40/B41</td></tr>
<tr><td>Drop</td><td>1.5 m</td></tr>
<tr><td>Drop with Rubber Boot</td><td>1.8 m</td></tr>
<tr><td>Electro Static Discharge (ESD)</td><td>±8 kV (direct discharge), ±15 kV (air discharge)</td></tr>
<tr><td>Humidity</td><td>5% to 95% (non-condensing)</td></tr>
<tr><td>IP Rating</td><td>IP65</td></tr>
<tr><td>Operating Temperature</td><td>-20°C to 55°C (-4°F to 131°F)</td></tr>
<tr><td>Storage Temperature</td><td>-40°C to 70°C (-40°F to 158°F)</td></tr>
<tr><td>Configuration Tools</td><td>Ndevor</td></tr>
<tr><td>MDM (certified)</td><td>Ndevor, SOTI, Airwatch</td></tr>
<tr><td>Terminal Emulation (compatible)</td><td>StayLinked, Ivanti Velocity</td></tr>
<tr><td>Certifications Hardware</td><td>FCC ID, CE RED, RoHS, Laser safety (Class II), EN 62471</td></tr>
<tr><td>Comprehensive Service Contract</td><td>3 Years, 5 Years</td></tr>
<tr><td>Warranty Extension</td><td>+1 Year, +3 Years</td></tr>
<tr><td>Warranty Standard</td><td>2 Years</td></tr>
<tr><td>Accessories Optional</td><td>4-slot battery charger, Charging cradle, Pistol grip, Battery, Screen protector, Wrist holster, Hand strap</td></tr>
<tr><td>Accessories Standard</td><td>USB cable, Rubber boot, Battery, Screen protector, AC adapter</td></tr>
</tbody>
</table>",,,,,,,,
https://www.newland-id.com/en/products/general-purpose-handheld-scanners/hr11-aringa,general-purpose-handheld-scanners,Newland,,,HR11,HR11 Aringa,https://www.newland-id.com/datasheets/81/hr11-aringa.pdf,https://newlandemea.katanapim.com/content/images/thumbs/000/0000198_hr11_aringa_1.png,"With operational streamlining in mind, the HR11 Aringa ensures increased efficiency and operator comfort for intensive handheld scanning. Its compact housing is durable (1.5m drop rate) and lightweight (120g). The ergonomic design is sure to reduce user fatigue and maximize operator comfort for everyday intensive handheld scanning.","1D: All major 1D symbologies, including AIM 128, Code 11, Code32, Code 39, Code 93, Code 128, Codabar,COOP 25, Deutsche 12, Deutsche 14, EAN-8, EAN-13, Febraban,GS1-128, GS1 Databar (RSS), ISBN, ISSN, ITF-6, ITF-14, MSI-Plessey,Plessey, UPC-A, UPC-E, Industrial 2 of 5, Interleaved 2 of 5,Matrix 2 of 5, Standard 2 of 5.
Depth of Field Code 39 (5mil): 80 mm - 180 mm
Depth of Field EAN 13 (13mil): 40 mm - 480 mm",,,,"<table class=""Table_Products_Style"">
<thead>
<tr>
<th>Thông số kỹ thuật</th>
<th>Chi tiết</th>
</tr>
</thead>
<tbody>
<tr><td>1D</td><td>All major 1D symbologies, including AIM 128, Code 11, Code32, Code 39, Code 93, Code 128, Codabar,COOP 25, Deutsche 12, Deutsche 14, EAN-8, EAN-13, Febraban,GS1-128, GS1 Databar (RSS), ISBN, ISSN, ITF-6, ITF-14, MSI-Plessey,Plessey, UPC-A, UPC-E, Industrial 2 of 5, Interleaved 2 of 5,Matrix 2 of 5, Standard 2 of 5.</td></tr>
<tr><td>Depth of Field Code 39 (5mil)</td><td>80 mm - 180 mm</td></tr>
<tr><td>Depth of Field EAN 13 (13mil)</td><td>40 mm - 480 mm</td></tr>
<tr><td>Field of View Horizontal</td><td>53°±2°</td></tr>
<tr><td>Illumination</td><td>Red LED (620nm-630nm)</td></tr>
<tr><td>Image Sensor</td><td>2500 linear imager</td></tr>
<tr><td>Minimal Print Contrast</td><td>20%</td></tr>
<tr><td>Resolution</td><td>≥3mil</td></tr>
<tr><td>Scan Angle Pitch</td><td>±60°</td></tr>
<tr><td>Scan Angle Roll</td><td>360°</td></tr>
<tr><td>Scan Angle Skew</td><td>±70°</td></tr>
<tr><td>Current @ 5VDC Operating</td><td>70.4 mA (typical), 96.8 mA (max)</td></tr>
<tr><td>Current @ 5VDC Standby</td><td>57.6 mA</td></tr>
<tr><td>Dimensions</td><td>101(W) × 68(D) × 145(H) mm</td></tr>
<tr><td>Input Voltage</td><td>5 VDC ±5%</td></tr>
<tr><td>Interfaces</td><td>USB, RS-232</td></tr>
<tr><td>Notifications</td><td>Beep, LED</td></tr>
<tr><td>Power Consumption</td><td>352 mW (typical)</td></tr>
<tr><td>Weight</td><td>120 g</td></tr>
<tr><td>Drop</td><td>1.5 m</td></tr>
<tr><td>Electro Static Discharge (ESD)</td><td>±8 kV (direct discharge), ±16 kV (air discharge)</td></tr>
<tr><td>Humidity</td><td>5% to 95% (non-condensing)</td></tr>
<tr><td>IP Rating</td><td>IP42</td></tr>
<tr><td>Operating Temperature</td><td>-20°C to 60°C (-4°F to 140°F)</td></tr>
<tr><td>Storage Temperature</td><td>-40°C to 70°C (-40°F to 158°F)</td></tr>
<tr><td>Configuration Tools</td><td>EasySet</td></tr>
<tr><td>Certifications Hardware</td><td>CE EMC Class B, FCC Part15 Class B, RoHS</td></tr>
<tr><td>Comprehensive Service Contract</td><td>3 Years, 5 Years</td></tr>
<tr><td>Warranty Standard</td><td>5 Years</td></tr>
<tr><td>Accessories Optional</td><td>USB cable, USB-C cable, Multiplug adapter, RS-232 cable, Foldable smart stand</td></tr>
<tr><td>Accessories Standard</td><td>USB cable, RS-232 cable</td></tr>
<tr><td>NLS-HR1150P-30</td><td>HR11+ Aringa 1D CCD Handheld Reader (black surface) with 2 mtr. straight USB cable and autosense. (Smart stand compatible).</td></tr>
<tr><td>NLS-HR1150P-30F</td><td>HR11+ Aringa 1D CCD Handheld Reader (black surface) with 2 mtr. straight USB cable and autosense. Incl. foldable smart stand (NLS-STD20i-22).</td></tr>
<tr><td>NLS-HR1150P-37</td><td>HR11+ Aringa 1D CCD Handheld Reader (black surface) with 2 mtr. straight RS232 cable and autosense. (Smart stand compatible).</td></tr>
<tr><td>NLS-HR1150P-37F</td><td>HR11+ Aringa 1D CCD Handheld Reader (black surface) with 2 mtr. straight RS232 cable and autosense. Incl. foldable smart stand (NLS-STD20i-22).</td></tr>
<tr><td>NLS-HR1150P-38</td><td>HR11+ Aringa 1D CCD Handheld Reader (black surface) with 2 mtr. straight RS232 cable, multiplug adapter and autosense. (Smart stand compatible).</td></tr>
<tr><td>Part Number</td><td>Description</td></tr>
</tbody>
</table>",,,,,,,,
https://www.newland-id.com/en/products/presentation-scanners/fr40-koi,presentation-scanners,Newland,,,Fr40,FR40 Koi,https://www.newland-id.com/datasheets/75/fr40%C2%A0koi.pdf,https://newlandemea.katanapim.com/content/images/thumbs/000/0000197_fr40_1.png,"As the first megapixel scanner on the market, the Koi reads 1D and 2D barcodes, including Aztec, with speed and ease. Equipped with a switch to toggle between paper and screen modes you are assured to have the best optimized reading every time.","1D: All major 1D symbologies, including EAN-13, EAN-8, UPC-A, UPC-E, ISSN, ISBN, Codabar, Code 128, Code 93, ITF-6, ITF-14, Interleaved 2 of 5, Industrial 2 of 5, Standard 2 of 5, Matrix 2 of 5, GS1 Databar, Code 39, Code 11, MSI-Plessey, Plessey.
2D: All major 2D symbologies, including PDF417, Data Matrix, QR Code, Micro QR Code, Aztec.
Depth of Field EAN 13 (13mil): 10 mm - 210 mm",,,,"<table class=""Table_Products_Style"">
<thead>
<tr>
<th>Thông số kỹ thuật</th>
<th>Chi tiết</th>
</tr>
</thead>
<tbody>
<tr><td>1D</td><td>All major 1D symbologies, including EAN-13, EAN-8, UPC-A, UPC-E, ISSN, ISBN, Codabar, Code 128, Code 93, ITF-6, ITF-14, Interleaved 2 of 5, Industrial 2 of 5, Standard 2 of 5, Matrix 2 of 5, GS1 Databar, Code 39, Code 11, MSI-Plessey, Plessey.</td></tr>
<tr><td>2D</td><td>All major 2D symbologies, including PDF417, Data Matrix, QR Code, Micro QR Code, Aztec.</td></tr>
<tr><td>Depth of Field EAN 13 (13mil)</td><td>10 mm - 210 mm</td></tr>
<tr><td>Depth of Field QR (15mil)</td><td>10 mm - 180 mm</td></tr>
<tr><td>Field of View Horizontal</td><td>51°</td></tr>
<tr><td>Field of View Vertical</td><td>32°</td></tr>
<tr><td>Illumination</td><td>White LED</td></tr>
<tr><td>Image Sensor</td><td>1280 x 800 CMOS</td></tr>
<tr><td>Minimal Print Contrast</td><td>25%</td></tr>
<tr><td>Motion Tolerance</td><td>2.5 m/s</td></tr>
<tr><td>Scan Angle Pitch</td><td>±50°</td></tr>
<tr><td>Scan Angle Roll</td><td>360°</td></tr>
<tr><td>Scan Angle Skew</td><td>±45°</td></tr>
<tr><td>Current @ 5VDC Operating</td><td>219 mA (typical)</td></tr>
<tr><td>Dimensions</td><td>83(W) x 81(D) x 148(H) mm</td></tr>
<tr><td>Input Voltage</td><td>5 VDC ±5%</td></tr>
<tr><td>Interfaces</td><td>USB, RS-232</td></tr>
<tr><td>Notifications</td><td>Beep, LED</td></tr>
<tr><td>Power Consumption</td><td>1041 mW (typical)</td></tr>
<tr><td>Weight</td><td>293 g</td></tr>
<tr><td>Drop</td><td>1.2 m</td></tr>
<tr><td>Electro Static Discharge (ESD)</td><td>±14 kV (air discharge), ±8 kV (direct discharge)</td></tr>
<tr><td>Humidity</td><td>5% to 95% (non-condensing)</td></tr>
<tr><td>IP Rating</td><td>IP52</td></tr>
<tr><td>Operating Temperature</td><td>-20°C to 60°C (-4°F to 140°F)</td></tr>
<tr><td>Storage Temperature</td><td>-40°C to 70°C (-40°F to 158°F)</td></tr>
<tr><td>Configuration Tools</td><td>EasySet</td></tr>
<tr><td>Certifications Hardware</td><td>CE EMC Class B, FCC Part15 Class B, RoHS</td></tr>
<tr><td>Warranty Standard</td><td>5 Years</td></tr>
<tr><td>Accessories Optional</td><td>USB cable, USB-C cable, Multiplug adapter, RS-232 cable</td></tr>
<tr><td>Accessories Standard</td><td>USB cable, RS-232 cable, Multiplug adapter</td></tr>
<tr><td>NLS-FR4080-20</td><td>FR40 Koi II 2D CMOS Mega Pixel Omnidirectional presentation desktop scanner with 2 mtr. USB cable.</td></tr>
<tr><td>NLS-FR4080-27</td><td>FR40 Koi II 2D CMOS Mega Pixel Omnidirectional presentation desktop scanner with 2 mtr. RS232 cable.</td></tr>
<tr><td>NLS-FR4080-28</td><td>FR40 Koi II 2D CMOS Mega Pixel Omnidirectional presentation desktop scanner with 2 mtr. RS232 cable and multiplug adapter.</td></tr>
<tr><td>Part Number</td><td>Description</td></tr>
<tr><td>NLS-FR4080-20-W</td><td>FR40 Koi II 2D CMOS Mega Pixel Omnidirectional presentation desktop scanner (white surface) with 2 mtr. USB cable.</td></tr>
</tbody>
</table>",,,,,,,,
https://www.newland-id.com/en/products/fixed-mount-scanners/fm431-barracuda-pro,fixed-mount-scanners,Newland,,,Fm431,FM431 Barracuda Pro,https://www.newland-id.com/datasheets/72/fm431-barracuda-pro.pdf,https://newlandemea.katanapim.com/content/images/thumbs/000/0000490_fm431_barracuda_pro_1.png,"With its high motion tolerance, the FM431 Barracuda Pro adds more speed and accuracy to the FM430 Series. Its design allows for the scanning of 1D and 2D barcodes, even under direct sunlight, making the FM431 Barracuda Pro a versatile fixed-mount scanner perfect for indoor and outdoor applications.","1D: All major 1D symbologies
2D: All major 2D symbologies
Aiming: Red laser (650nm), Green LED (529nm)",,,,"<table class=""Table_Products_Style"">
<thead>
<tr>
<th>Thông số kỹ thuật</th>
<th>Chi tiết</th>
</tr>
</thead>
<tbody>
<tr><td>1D</td><td>All major 1D symbologies</td></tr>
<tr><td>2D</td><td>All major 2D symbologies</td></tr>
<tr><td>Aiming</td><td>Red laser (650nm), Green LED (529nm)</td></tr>
<tr><td>Depth of Field Code 39 (5mil)</td><td>65 mm - 230 mm</td></tr>
<tr><td>Depth of Field DataMatrix (10mil)</td><td>50 mm - 230 mm</td></tr>
<tr><td>Depth of Field EAN 13 (13mil)</td><td>55 mm - 460 mm</td></tr>
<tr><td>Depth of Field PDF417 (6.7mil)</td><td>55 mm - 190 mm</td></tr>
<tr><td>Depth of Field QR (15mil)</td><td>40 mm - 310 mm</td></tr>
<tr><td>Field of View Horizontal</td><td>51°</td></tr>
<tr><td>Field of View Vertical</td><td>32°</td></tr>
<tr><td>Illumination</td><td>White LED (3000K)</td></tr>
<tr><td>Image Sensor</td><td>1280 x 800 CMOS</td></tr>
<tr><td>Minimal Print Contrast</td><td>25%</td></tr>
<tr><td>Resolution</td><td>≥3mil (1D)</td></tr>
<tr><td>Scan Angle Pitch</td><td>±55°</td></tr>
<tr><td>Scan Angle Roll</td><td>360°</td></tr>
<tr><td>Scan Angle Skew</td><td>±55°</td></tr>
<tr><td>Current @ 5VDC Operating</td><td>258.5 mA (typical), 400 mA (max)</td></tr>
<tr><td>Current @ 5VDC Standby</td><td>93.72 mA</td></tr>
<tr><td>Dimensions</td><td>41.5(W) × 49.5 (D) × 24.3(H) mm</td></tr>
<tr><td>Input Voltage</td><td>5 VDC ±5%</td></tr>
<tr><td>Interfaces</td><td>USB, RS-232</td></tr>
<tr><td>Notifications</td><td>Beep, LED</td></tr>
<tr><td>Weight</td><td>56 g</td></tr>
<tr><td>Ambient Light</td><td>0 to 100,000 lux (natural light)</td></tr>
<tr><td>Drop</td><td>1.5 m</td></tr>
<tr><td>Electro Static Discharge (ESD)</td><td>±14 kV (air discharge), ±8 kV (direct discharge)</td></tr>
<tr><td>Humidity</td><td>5% to 95% (non-condensing)</td></tr>
<tr><td>IP Rating</td><td>IP54</td></tr>
<tr><td>Operating Temperature</td><td>-20°C to 60°C (-4°F to 140°F)</td></tr>
<tr><td>Storage Temperature</td><td>-40°C to 70°C (-40°F to 158°F)</td></tr>
<tr><td>Certifications Hardware</td><td>RoHS 2.0, CE EMC Class B, IEC 60825, IEC 62471</td></tr>
<tr><td>Warranty Standard</td><td>5 Years</td></tr>
<tr><td>Accessories Optional</td><td>USB cable, USB-C cable, Multiplug adapter, RS-232 cable</td></tr>
<tr><td>Accessories Standard</td><td>USB cable, RS-232 cable</td></tr>
<tr><td>NLS-FM431-SR-U</td><td>2D Mega Pixel Fixed Mounted Reader with 2 mtr. USB extension cable.  Laser and LED Aimer, white light & IR sensor. (Barracuda PRO).</td></tr>
<tr><td>NLS-FM431-SR-RC</td><td>2D Mega Pixel Fixed Mounted Reader with 2 mtr. RS232 extension cable and multiplug adapter. Laser and LED Aimer, white light & IR sensor. (Barracuda PRO).</td></tr>
<tr><td>Part Number</td><td>Description</td></tr>
</tbody>
</table>",,,,,,,,
https://www.newland-id.com/en/products/fixed-mount-scanners/fm3080-hind,fixed-mount-scanners,Newland,,,Fm3080,FM3080 Hind,https://www.newland-id.com/datasheets/67/fm3080-hind.pdf,https://newlandemea.katanapim.com/content/images/thumbs/000/0000249_fm3080_hind_1.png,"Prepared for integration in your kiosk or counter, the FM3080 Hind combines performance and customization. The large scan window is optimized to read barcodes from a mobile phone, even codes with large amounts of data.","1D: All major 1D symbologies, including EAN-8, EAN-13, UPC-A, UPC-E, ISSN, ISBN, Codabar, Standard 2 of 5, Code 128, Code93, ITF-6, ITF-14, GS1 Databar, MSI-Plessey, Code 39, Interleaved 2 of 5, Industrial 2 of 5, Matrix 2 of 5, Code 11, Plessey.
2D: All major 2D symbologies, including PDF417, Data Matrix, QR Code, Micro QR Code, Aztec.
Depth of Field Code 128 (10mil): 0 mm - 185 mm",,,,"<table class=""Table_Products_Style"">
<thead>
<tr>
<th>Thông số kỹ thuật</th>
<th>Chi tiết</th>
</tr>
</thead>
<tbody>
<tr><td>1D</td><td>All major 1D symbologies, including EAN-8, EAN-13, UPC-A, UPC-E, ISSN, ISBN, Codabar, Standard 2 of 5, Code 128, Code93, ITF-6, ITF-14, GS1 Databar, MSI-Plessey, Code 39, Interleaved 2 of 5, Industrial 2 of 5, Matrix 2 of 5, Code 11, Plessey.</td></tr>
<tr><td>2D</td><td>All major 2D symbologies, including PDF417, Data Matrix, QR Code, Micro QR Code, Aztec.</td></tr>
<tr><td>Depth of Field Code 128 (10mil)</td><td>0 mm - 185 mm</td></tr>
<tr><td>Depth of Field Code 39 (20mil)</td><td>40 mm - 210 mm</td></tr>
<tr><td>Depth of Field EAN 13 (13mil)</td><td>0 mm - 190 mm</td></tr>
<tr><td>Depth of Field QR (20mil)</td><td>0 mm - 130 mm</td></tr>
<tr><td>Field of View Horizontal</td><td>74°</td></tr>
<tr><td>Field of View Vertical</td><td>74°</td></tr>
<tr><td>Illumination</td><td>White LED</td></tr>
<tr><td>Image Sensor</td><td>800 x 800 CMOS</td></tr>
<tr><td>Minimal Print Contrast</td><td>25%</td></tr>
<tr><td>Scan Angle Pitch</td><td>±40°</td></tr>
<tr><td>Scan Angle Roll</td><td>360°</td></tr>
<tr><td>Scan Angle Skew</td><td>±40°</td></tr>
<tr><td>Scan Modes</td><td>Sense Mode, Continuous Mode</td></tr>
<tr><td>Scan Window</td><td>50 mm x 50 mm</td></tr>
<tr><td>Current @ 5VDC Operating</td><td>185 mA (typical), 193 mA (max)</td></tr>
<tr><td>Dimensions</td><td>78.7(W) x 67.7(D) x 47.5(H) mm</td></tr>
<tr><td>Input Voltage</td><td>5 VDC ±5%</td></tr>
<tr><td>Interfaces</td><td>USB, RS-232</td></tr>
<tr><td>Notifications</td><td>Beep, LED</td></tr>
<tr><td>Power Consumption</td><td>869 mW (typical)</td></tr>
<tr><td>Weight</td><td>132 g</td></tr>
<tr><td>Electro Static Discharge (ESD)</td><td>±8 kV (direct discharge), ±15 kV (air discharge)</td></tr>
<tr><td>Humidity</td><td>5% to 95% (non-condensing)</td></tr>
<tr><td>IP Rating</td><td>IP65</td></tr>
<tr><td>Operating Temperature</td><td>-20°C to 60°C (-4°F to 140°F)</td></tr>
<tr><td>Storage Temperature</td><td>-40°C to 70°C (-40°F to 158°F)</td></tr>
<tr><td>Configuration Tools</td><td>EasySet</td></tr>
<tr><td>Certifications Hardware</td><td>CE EMC Class B, FCC Part15 Class B, RoHS</td></tr>
<tr><td>Warranty Standard</td><td>5 Years</td></tr>
<tr><td>Accessories Optional</td><td>USB cable, USB-C cable, Multiplug adapter, RS-232 cable</td></tr>
<tr><td>Accessories Standard</td><td>USB cable, RS-232 cable, Multiplug adapter</td></tr>
<tr><td>NLS-FM3080V2-28</td><td>FM30 Hind 2D CMOS Mega Pixel Fixed Mounted Reader for kiosk integration, 3 Color LED index, optimized to read from cell phone and paper. Including data formatting, RS232 cable and multiplug adapter.</td></tr>
<tr><td>NLS-FM3080V2-20</td><td>FM30 Hind 2D CMOS Mega Pixel Fixed Mounted Reader for kiosk integration, 3 Color LED index, optimized to read from cell phone and paper. Including data formatting and USB cable.</td></tr>
<tr><td>Part Number</td><td>Description</td></tr>
</tbody>
</table>",,,,,,,,
https://www.newland-id.com/en/products/general-purpose-handheld-scanners/hr22-dorada-ii,general-purpose-handheld-scanners,Newland,,,HR22,HR22 Dorada II,https://www.newland-id.com/datasheets/61/hr22-dorada-ii.pdf,https://newlandemea.katanapim.com/content/images/thumbs/000/0000495_hr22_dorada_black_1.png,"The highest profile successes of the Dorada series have come in industries and applications looking for a 2D scanner at the price of a 1D scanner. Offering a cost-effective handheld scanning solution, the HR22 Dorada II offers an upgrade fitting growing demands by the market.","Part Number: Description
NLS-HR2280-S5: HR22 Dorada II 2D CMOS Handheld Reader with 3.5 mtr. coiled USB cable. (Smart stand compatible).
NLS-HR2280-S8: HR22 Dorada II 2D CMOS Handheld Reader with 2 mtr. straight RS232 cable and multiplug adapter. (Smart stand compatible).",,,,"<table class=""Table_Products_Style"">
<thead>
<tr>
<th>Thông số kỹ thuật</th>
<th>Chi tiết</th>
</tr>
</thead>
<tbody>
<tr><td>Part Number</td><td>Description</td></tr>
<tr><td>NLS-HR2280-S5</td><td>HR22 Dorada II 2D CMOS Handheld Reader with 3.5 mtr. coiled USB cable. (Smart stand compatible).</td></tr>
<tr><td>NLS-HR2280-S8</td><td>HR22 Dorada II 2D CMOS Handheld Reader with 2 mtr. straight RS232 cable and multiplug adapter. (Smart stand compatible).</td></tr>
<tr><td>NLS-HR2280-SF</td><td>HR22 Dorada II 2D CMOS Handheld Reader with 3.5 mtr. coiled USB cable and foldable smart stand.</td></tr>
<tr><td>1D</td><td>All major 1D symbologies, including Code 11, Code 128, Code 39, GS1-128 (UCC/EAN 128), AIM 128, ISBT 128, Codabar, Code 93, UPC-A, UPC-E, Coupon, GS1 Composite, EAN-8, EAN-13, ISBN/ISSN, Interleaved 2 of 5, Matrix 2 of 5, Industrial 25, ITF6, ITF-14, Standard 25, China Post 25, MSI Plessey, Plessey, GS1 Databar (RSS).</td></tr>
<tr><td>2D</td><td>All major 2D symbologies, including PDF417, Micro PDF417, Micro QR, QR Code, Data Matrix, Aztec.</td></tr>
<tr><td>Aiming</td><td>Red LED (625nm)</td></tr>
<tr><td>Depth of Field Code 39 (5mil)</td><td>50 mm - 115 mm</td></tr>
<tr><td>Depth of Field DataMatrix (10mil)</td><td>35 mm - 125 mm</td></tr>
<tr><td>Depth of Field EAN 13 (13mil)</td><td>50 mm - 260 mm</td></tr>
<tr><td>Depth of Field PDF417 (6.67mil)</td><td>50 mm - 120 mm</td></tr>
<tr><td>Depth of Field QR (15mil)</td><td>30 mm - 170 mm</td></tr>
<tr><td>Field of View Horizontal</td><td>45°</td></tr>
<tr><td>Field of View Vertical</td><td>34°</td></tr>
<tr><td>Illumination</td><td>White LED</td></tr>
<tr><td>Image Sensor</td><td>640 x 480 CMOS</td></tr>
<tr><td>Minimal Print Contrast</td><td>20%</td></tr>
<tr><td>Scan Angle Pitch</td><td>±55° (QR 15mil)</td></tr>
<tr><td>Scan Angle Roll</td><td>360° (QR 15mil)</td></tr>
<tr><td>Scan Angle Skew</td><td>±55° (QR 15mil)</td></tr>
<tr><td>Current @ 5VDC Operating</td><td>190 mA (typical), 201 mA (max)</td></tr>
<tr><td>Current @ 5VDC Standby</td><td>35 mA</td></tr>
<tr><td>Dimensions</td><td>145(W) × 101(D) × 68(H) mm</td></tr>
<tr><td>Input Voltage</td><td>5 VDC ±5%</td></tr>
<tr><td>Interfaces</td><td>USB, RS-232</td></tr>
<tr><td>Notifications</td><td>Beep, LED</td></tr>
<tr><td>Power Consumption</td><td>950 mW (typical)</td></tr>
<tr><td>Weight</td><td>111 g</td></tr>
<tr><td>Ambient Light</td><td>0 to 100,000 lux</td></tr>
<tr><td>Drop</td><td>1.2 m</td></tr>
<tr><td>Electro Static Discharge (ESD)</td><td>±8 kV (direct discharge), ±15 kV (air discharge)</td></tr>
<tr><td>Humidity</td><td>5% to 95% (non-condensing)</td></tr>
<tr><td>IP Rating</td><td>IP42</td></tr>
<tr><td>Operating Temperature</td><td>-20°C to 60°C (-4°F to 140°F)</td></tr>
<tr><td>Storage Temperature</td><td>-40°C to 70°C (-40°F to 158°F)</td></tr>
<tr><td>Configuration Tools</td><td>EasySet</td></tr>
<tr><td>Certifications Hardware</td><td>CE EMC Class B, FCC Part15 Class B, RoHS</td></tr>
<tr><td>Warranty Standard</td><td>5 Years</td></tr>
</tbody>
</table>",,,,,,,,
https://www.newland-id.com/en/products/general-purpose-handheld-scanners/hr23-dorada-corded,general-purpose-handheld-scanners,Newland,,,HR23 Dorada Corded,HR23 Dorada Corded,https://www.newland-id.com/datasheets/60/hr23-dorada-corded.pdf,https://newlandemea.katanapim.com/content/images/thumbs/000/0000210_hr23_dorada_corded_1.png,"The HR23 Dorada offers the best 2D scanning at the price of a 1D scanner, thanks to Newland’s advanced decoding technology. With its blended ergonomics and creative design, the HR23 Dorada offers comfort and productivity for quickly capturing barcodes. The HR23 Dorada is ideal for intensive handheld scanning, from high-density to damaged, vague, and distorted barcodes.","1D: Code 11, Code 128, Code 39, GS1-128(UCC/ENA-128), AIM 128, ISBT 128, Codabar, Code 93, UPC-A, UPC-E, Coupon, GS1 Composite, EAN-13, EAN-8, ISSN, ISBN, Interleaved 2 of 5, Matrix 2 of 5, Industrial 2 of 5, ITF-6, ITF-14, Standard 2 of 5, China Post 25, MSI-Plessey, Plessey, GS1Databar(RSS)
2D: PDF417, QR Code, Aztec, Data Matrix, Micro PDF417, Micro QR, MaxiCode
Aiming: Red LED",,,,"<table class=""Table_Products_Style"">
<thead>
<tr>
<th>Thông số kỹ thuật</th>
<th>Chi tiết</th>
</tr>
</thead>
<tbody>
<tr><td>1D</td><td>Code 11, Code 128, Code 39, GS1-128(UCC/ENA-128), AIM 128, ISBT 128, Codabar, Code 93, UPC-A, UPC-E, Coupon, GS1 Composite, EAN-13, EAN-8, ISSN, ISBN, Interleaved 2 of 5, Matrix 2 of 5, Industrial 2 of 5, ITF-6, ITF-14, Standard 2 of 5, China Post 25, MSI-Plessey, Plessey, GS1Databar(RSS)</td></tr>
<tr><td>2D</td><td>PDF417, QR Code, Aztec, Data Matrix, Micro PDF417, Micro QR, MaxiCode</td></tr>
<tr><td>Aiming</td><td>Red LED</td></tr>
<tr><td>Depth of Field Code 39 (5mil)</td><td>50 mm - 120 mm</td></tr>
<tr><td>Depth of Field DataMatrix (10mil)</td><td>30 mm - 125 mm</td></tr>
<tr><td>Depth of Field EAN 13 (13mil)</td><td>50 mm - 280 mm</td></tr>
<tr><td>Depth of Field PDF417 (6.7mil)</td><td>40 mm - 120 mm</td></tr>
<tr><td>Field of View Horizontal</td><td>45˚</td></tr>
<tr><td>Field of View Vertical</td><td>34˚</td></tr>
<tr><td>Illumination</td><td>White LED</td></tr>
<tr><td>Image Sensor</td><td>640 x 480 CMOS</td></tr>
<tr><td>Minimal Print Contrast</td><td>20%</td></tr>
<tr><td>Resolution</td><td>≥3mil</td></tr>
<tr><td>Scan Angle Pitch</td><td>±60°</td></tr>
<tr><td>Scan Angle Roll</td><td>360°</td></tr>
<tr><td>Scan Angle Skew</td><td>±60°</td></tr>
<tr><td>Current @ 5VDC Operating</td><td>190 mA (typical), 200 mA (max)</td></tr>
<tr><td>Current @ 5VDC Standby</td><td>35 mA</td></tr>
<tr><td>Dimensions</td><td>95(W) x 68(D) x 161(H) mm</td></tr>
<tr><td>Input Voltage</td><td>5 VDC ±5%</td></tr>
<tr><td>Interfaces</td><td>RS-232, HID-POS, USB-CDC, USB-KBW</td></tr>
<tr><td>Notifications</td><td>Beep, LED, Vibration</td></tr>
<tr><td>Weight</td><td>137 g</td></tr>
<tr><td>Drop</td><td>1.5 m</td></tr>
<tr><td>Electro Static Discharge (ESD)</td><td>±8 kV (contact discharge), ±15 kV (air discharge)</td></tr>
<tr><td>Humidity</td><td>5% to 95% (non-condensing)</td></tr>
<tr><td>IP Rating</td><td>IP52</td></tr>
<tr><td>Operating Temperature</td><td>-20°C to 60°C (-4°F to 140°F)</td></tr>
<tr><td>Storage Temperature</td><td>-40°C to 70°C (-40°F to 158°F)</td></tr>
<tr><td>Configuration Tools</td><td>EasySet</td></tr>
<tr><td>Certifications Hardware</td><td>FCC, RoHS 2.0, IEC 62471, CE</td></tr>
<tr><td>Comprehensive Service Contract</td><td>3 Years, 5 Years</td></tr>
<tr><td>Warranty Standard</td><td>5 Years</td></tr>
<tr><td>Accessories Optional</td><td>USB cable, USB-C cable, RS-232 cable, Wall mount clip, Smart adjustable stand, Smart gooseneck stand</td></tr>
<tr><td>Accessories Standard</td><td>USB cable, RS-232 cable</td></tr>
<tr><td>NLS-HR2300-S5</td><td>HR23 Dorada 2D CMOS  Handheld Reader with 3,5 mtr. coiled USB cable (CBL030UA). Smart stand compatible.</td></tr>
<tr><td>NLS-HR2300-SA</td><td>HR23 Dorada 2D CMOS Handheld Reader with 3.5 mtr. coiled USB cable (CBL030UA) and autosense. Incl. smart adjustable stand (NLS-STD23-33-SA).</td></tr>
<tr><td>NLS-HR2300-S8</td><td>HR23 Dorada 2D CMOS Handheld Reader with 2 mtr. Straight RS232 cable (CBL037R) and multiplug adapter (ADP100). Smart stand compatible.</td></tr>
<tr><td>Part Number</td><td>Description</td></tr>
</tbody>
</table>",,,,,,,,
https://www.newland-id.com/en/products/touch-panel-computers/fg80-libra-ii-5g,touch-panel-computers,Newland,,,FG80,FG80 Libra II 5G,https://www.newland-id.com/datasheets/51/fg80-libra-ii-5g.pdf,https://newlandemea.katanapim.com/content/images/thumbs/000/0000284_fg80_libra_ii_5g_1.png,The Android supported FG80 Libra II 8-inch tablet brings effortless usability straight to your workforce. Its minimalistic exterior and high performance interface strikes the perfect balance between size and support.,"Part Number: Description
SD-FG80-W5-UHF2: 8"" Tablet 2.2Ghz 4GB/64GB, 2D CMOS imager with Laser Aimer, WIFI, 5G, BT, GPS, NFC and camera. Incl. handstrap, USB cable and multiplug adapter (Libra II). OS: Android 11; Impijn E310 RFID module mounted on the backside of FG80
SD-FG80-W5-FP1: 8"" Tablet 2.2Ghz 4GB/64GB, 2D CMOS imager with Laser Aimer, WIFI, 5G, BT, GPS, NFC and camera. Incl. handstrap, USB cable and multiplug adapter (Libra II). OS: Android 11; Crossmatch TCS1G capacitive fingerprint module, Resolution 508DPI, Pixels 256*360",,,,"<table class=""Table_Products_Style"">
<thead>
<tr>
<th>Thông số kỹ thuật</th>
<th>Chi tiết</th>
</tr>
</thead>
<tbody>
<tr><td>Part Number</td><td>Description</td></tr>
<tr><td>SD-FG80-W5-UHF2</td><td>8"" Tablet 2.2Ghz 4GB/64GB, 2D CMOS imager with Laser Aimer, WIFI, 5G, BT, GPS, NFC and camera. Incl. handstrap, USB cable and multiplug adapter (Libra II). OS: Android 11; Impijn E310 RFID module mounted on the backside of FG80</td></tr>
<tr><td>SD-FG80-W5-FP1</td><td>8"" Tablet 2.2Ghz 4GB/64GB, 2D CMOS imager with Laser Aimer, WIFI, 5G, BT, GPS, NFC and camera. Incl. handstrap, USB cable and multiplug adapter (Libra II). OS: Android 11; Crossmatch TCS1G capacitive fingerprint module, Resolution 508DPI, Pixels 256*360</td></tr>
<tr><td>SD-FG80-W5-FP2</td><td>8"" Tablet 2.2Ghz 4GB/64GB, 2D CMOS imager with Laser Aimer, WIFI, 5G, BT, GPS, NFC and camera. Incl. handstrap, USB cable and multiplug adapter (Libra II). OS: Android 11; Morpho CBM-E3 Optical fingerprint module, 500DPI, 256 Grey Level</td></tr>
<tr><td>SD-FG80-W5</td><td>8"" Tablet 2.2Ghz 4GB/64GB, 2D CMOS imager with Laser Aimer, WIFI, 5G, BT, GPS, NFC and camera. Incl. handstrap, USB cable and multiplug adapter (Libra II). OS: Android 11</td></tr>
<tr><td>SD-FG80-W5-UHF1</td><td>8"" Tablet 2.2Ghz 4GB/64GB, 2D CMOS imager with Laser Aimer, WIFI, 5G, BT, GPS, NFC and camera. Incl. handstrap, USB cable and multiplug adapter (Libra II). OS: Android 11; Impijn E710 UHF RFID module mounted on the backside of FG80</td></tr>
<tr><td>1D</td><td>All major 1D symbologies</td></tr>
<tr><td>2D</td><td>All major 2D symbologies</td></tr>
<tr><td>Current Operating System</td><td>Android 11</td></tr>
<tr><td>Memory Flash</td><td>64GB</td></tr>
<tr><td>Memory RAM</td><td>4GB</td></tr>
<tr><td>Memory Storage Expansion (max.)</td><td>Micro SD*1, up to 512G Micro PSAM*1(optional)</td></tr>
<tr><td>Processor</td><td>2.0 GHz octa-core</td></tr>
<tr><td>Audio</td><td>Front speakers, Volume 90db±3db (test distance 10cm)</td></tr>
<tr><td>Battery Type</td><td>7200 mAh</td></tr>
<tr><td>Buttons</td><td>Power key, Volume keys, Scan key (default), 12 Numbers</td></tr>
<tr><td>Dimensions</td><td>253(W) x 136(D) x 14.2(H) mm</td></tr>
<tr><td>Display/Touch Panel</td><td>8.0” (1920 x 1200) IPS highlight screen, 5 points capacitive touchscreen</td></tr>
<tr><td>Expansion Slot</td><td>Micro SD, up to 512G Micro PSAM (optional)</td></tr>
<tr><td>Expected Charge Time</td><td>PE fast charging, full charge time < 4h</td></tr>
<tr><td>Front camera</td><td>8 MP, Full focus</td></tr>
<tr><td>Interfaces</td><td>USB-C, 8 pogo pins, OTG</td></tr>
<tr><td>Keypad</td><td>16 keys</td></tr>
<tr><td>Notifications</td><td>Beep, LED, Vibration</td></tr>
<tr><td>Rear camera</td><td>13 MP, Auto focus, High brightness LED flash</td></tr>
<tr><td>SIM/TF</td><td>Nano SIM*2 or Nano SIM*1</td></tr>
<tr><td>Touch Panel</td><td>5 points capacitive touchscreen</td></tr>
<tr><td>Weight</td><td>650 g</td></tr>
<tr><td>GPS</td><td>GPS, BD, GLONASS</td></tr>
<tr><td>NFC</td><td>Supported protocol: ISO14443A/B, ISO15693; Reading distance: 0~5cm</td></tr>
<tr><td>WLAN RADIO</td><td>IEEE 802.11 a/b/g/n/ac 2.4GHz/5GHz dual band; supports fast roaming</td></tr>
<tr><td>WPAN RADIO</td><td>Bluetooth 5.1 BLE</td></tr>
<tr><td>WWAN RADIO</td><td>5G-NR:N1/N3/N28A/N41/N77/N78/N79; FDD-LTE:B1/B3/B5/B7/B8/B28A; TDD-LTE:B34/B38/B39/B40/B41; WCDMA:B1/B2/B5/B8; GSM:B2/B3/B5/B8; CDMA:BC0</td></tr>
<tr><td>UHF Antenna</td><td>1.5dBi Ceramic antenna (Circular polarization)</td></tr>
<tr><td>UHF Frequency</td><td>Euro frequency (865-867MHz)</td></tr>
<tr><td>UHF Protocol</td><td>EPC Class 1 Gen 2 (ISO 18000-6C)</td></tr>
<tr><td>UHF Read Range</td><td>Indoor: >3 m - 12 m, Outdoor: >1.5 m - 6 m</td></tr>
<tr><td>UHF Read Rate</td><td>≥200 tags per second</td></tr>
<tr><td>UHF Reader</td><td>Impijn E310 or E710 UHF RFID module</td></tr>
<tr><td>Drop</td><td>Six sides can stand the impact of 1.5 m drop to concrete floor</td></tr>
<tr><td>Electro Static Discharge (ESD)</td><td>±8 kV (contact discharge), ±15 kV (air discharge)</td></tr>
<tr><td>Humidity</td><td>5% to 95%</td></tr>
<tr><td>IP Rating</td><td>IP65</td></tr>
<tr><td>Operating Temperature</td><td>-20°C to 55°C (-4°F to 131°F)</td></tr>
<tr><td>Storage Temperature</td><td>-30°C to 70°C (-22°F to 158°F)</td></tr>
<tr><td>Certifications Hardware</td><td>MSDS, FCC, UN38.3, RoHS, CE</td></tr>
<tr><td>Warranty Standard</td><td>2 Years</td></tr>
</tbody>
</table>",,,,,,,,
https://www.newland-id.com/en/products/mobile-computers/sd55-lynx-uhf,mobile-computers,Newland,,,SD55,SD55 Lynx UHF,https://www.newland-id.com/datasheets/50/sd55-lynx-uhf.pdf,https://newlandemea.katanapim.com/content/images/thumbs/000/0000167_sd55_lynx_1.png,"With its capacitive touchscreen and Android 8.1 operating system, the SD55 Lynx UHF is everything you’ve asked for in a mobile computer, and more. Equipped with a UHF Antenna, this device can easily scan hard-to-reach areas of your stockroom.","Part Number: Description
SD55UHF-C: 5,5” Mobile computer 2Ghz 4GB/64GB, 2D CMOS imager with Laser Aimer, BT, WiFi, 3G/4G, GPS, NFC, UHF and Camera (OS Android 8.1). Incl. USB cable, charging cradle and multiplug adapter (Lynx).
SD55UHF-EU-BI-C: ""5,5” Mobile computer 2Ghz 2GB/16GB, 2D CMOS imager with Laser Aimer, BT, WiFi, 3G/4G, GPS, NFC, EU UHF, BID support and Camera (OS Android 8.1). Incl. USB cable, charging cradle and multiplug adapter (Lynx).",,,,"<table class=""Table_Products_Style"">
<thead>
<tr>
<th>Thông số kỹ thuật</th>
<th>Chi tiết</th>
</tr>
</thead>
<tbody>
<tr><td>Part Number</td><td>Description</td></tr>
<tr><td>SD55UHF-C</td><td>5,5” Mobile computer 2Ghz 4GB/64GB, 2D CMOS imager with Laser Aimer, BT, WiFi, 3G/4G, GPS, NFC, UHF and Camera (OS Android 8.1). Incl. USB cable, charging cradle and multiplug adapter (Lynx).</td></tr>
<tr><td>SD55UHF-EU-BI-C</td><td>""5,5” Mobile computer 2Ghz 2GB/16GB, 2D CMOS imager with Laser Aimer, BT, WiFi, 3G/4G, GPS, NFC, EU UHF, BID support and Camera (OS Android 8.1). Incl. USB cable, charging cradle and multiplug adapter (Lynx).</td></tr>
<tr><td>1D</td><td>Auspost, Bpo, Canpost, Codabar, Code11, Code128, Code32, Code39, Code93, Dutchpost, Ean13, Ean8, Ean128, Int25, Isbt, Iata25, Japost, Msi, Ocr, Planet, Postnet, Strt25, Tlc39, Trioptic, Upca, and Upce</td></tr>
<tr><td>2D</td><td>Aztec, Codablock, Code49, Composite, Datamatrix, Maxicode, Micropdf, Pdf417, Qr, and Rss</td></tr>
<tr><td>Current Operating System</td><td>Android 8.1</td></tr>
<tr><td>Memory Flash</td><td>64GB</td></tr>
<tr><td>Memory RAM</td><td>4GB</td></tr>
<tr><td>Processor</td><td>2.0 GHz octa-core</td></tr>
<tr><td>Audio</td><td>Front dual stereo speakers, Volume 90db±3db (test distance 10cm)</td></tr>
<tr><td>Battery Type</td><td>5800 mAh</td></tr>
<tr><td>Buttons</td><td>Volume keys, function keys (1 left, 1 right), power key</td></tr>
<tr><td>Dimensions</td><td>150(W) x 72.5(D) x 15(H) mm</td></tr>
<tr><td>Display/Touch Panel</td><td>5.5"" (1440 x 720), IPS highlight screen, 5 points capacitive touchscreen</td></tr>
<tr><td>Expansion Slot</td><td>Micro SD card slot</td></tr>
<tr><td>Expected Charge Time</td><td>PE fast charging, full charge time < 4h</td></tr>
<tr><td>Front camera</td><td>5 MP, Full focus</td></tr>
<tr><td>Interfaces</td><td>USB-C, OTG</td></tr>
<tr><td>Keypad</td><td>5 keys</td></tr>
<tr><td>Notifications</td><td>LED, Vibration, Sound</td></tr>
<tr><td>Rear camera</td><td>13 MP, Auto focus, High brightness LED flash</td></tr>
<tr><td>Sensors</td><td>G-sensor, Proximity sensor, COMPASS, Ambient light sensor</td></tr>
<tr><td>SIM/TF</td><td>2 Nano SIM card slots</td></tr>
<tr><td>Touch Panel</td><td>5 points capacitive touchscreen</td></tr>
<tr><td>Weight</td><td>290 g (with battery)</td></tr>
<tr><td>GPS</td><td>GPS, BD, GLONASS</td></tr>
<tr><td>NFC</td><td>ISO14443A/B, ISO15693</td></tr>
<tr><td>NFC: Reading Distance</td><td>0 to 5 cm</td></tr>
<tr><td>RFID</td><td>ISO14443A/B, ISO15693, NFC reading distance: 0 to 5cm; UHF: ISO18000-6C, Euro frequency (865MHz - 867MHz), Antenna: 1.5dBi ceramic antenna, Power: working voltage 3.6-5V,RF output 5dBm to 30dBm(1W), 1dbm adjustable, Standby power consumption: about 0.25W, maximum 4W(typical 3.5W), Identification range: indoor >5m, outdoor open environment >3m, Group read rate: >30 tags per second, Inventory speed: >30 tags/sec</td></tr>
<tr><td>WLAN RADIO</td><td>IEEE 802.11 a/b/g/n 2.4G 5G dual frequency</td></tr>
<tr><td>WPAN RADIO</td><td>Bluetooth 4.1, BLE</td></tr>
<tr><td>WWAN RADIO</td><td>FDD-LTE B1/B3/B7, TDD-LTE B38/B39/B40/B41, TDSCDMA B34/B39, WCDMA B1/B2/B5/B8, GSM B2/B3/B5/B8, CDMA1x/CDMA2000 BC0</td></tr>
<tr><td>Drop</td><td>1.5 m</td></tr>
<tr><td>Electro Static Discharge (ESD)</td><td>±8 kV (contact discharge), ±15 kV (air discharge)</td></tr>
<tr><td>Humidity</td><td>5% to 95%</td></tr>
<tr><td>IP Rating</td><td>IP65</td></tr>
<tr><td>Operating Temperature</td><td>-20°C to 55°C (-4°F to 131°F)</td></tr>
<tr><td>Storage Temperature</td><td>-30°C to 70°C (-22°F to 158°F)</td></tr>
<tr><td>Certifications Hardware</td><td>FCC, CCC, CE</td></tr>
<tr><td>Warranty Standard</td><td>2 Years</td></tr>
</tbody>
</table>",,,,,,,,
https://www.newland-id.com/en/products/general-purpose-handheld-scanners/hr52-bonito-corded,general-purpose-handheld-scanners,Newland,,,HR52 Bonito Corded,HR52 Bonito Corded,https://www.newland-id.com/datasheets/48/hr52-bonito-corded.pdf,https://newlandemea.katanapim.com/content/images/thumbs/000/0000241_hr52_bonito_corded_1.png,"Giving it one of the quickest and most accurate scanning performances available, the HR52 Bonito Corded includes a megapixel barcode scanner that reads both 1D and 2D codes with ease. Barcodes that are creased, damaged or covered by cellophane are no problem for this scan engine.","1D: All major 1D symbologies, including EAN-13, EAN-8, UPC-A, UPC-E, ISSN, ISBN, Codabar, Code 128, Code93, ITF-6, ITF-14, Interleaved 2 of 5, Industrial 25, Standard 25, Matrix 25, GS1 Databar, Code 39, Code 11, MSI-Plessey, Plessey.
2D: All major 2D symbologies, including PDF417, QR Code, Data Matrix, Aztec, Maxicode.
Aiming: Laser diode (650nm)",,,,"<table class=""Table_Products_Style"">
<thead>
<tr>
<th>Thông số kỹ thuật</th>
<th>Chi tiết</th>
</tr>
</thead>
<tbody>
<tr><td>1D</td><td>All major 1D symbologies, including EAN-13, EAN-8, UPC-A, UPC-E, ISSN, ISBN, Codabar, Code 128, Code93, ITF-6, ITF-14, Interleaved 2 of 5, Industrial 25, Standard 25, Matrix 25, GS1 Databar, Code 39, Code 11, MSI-Plessey, Plessey.</td></tr>
<tr><td>2D</td><td>All major 2D symbologies, including PDF417, QR Code, Data Matrix, Aztec, Maxicode.</td></tr>
<tr><td>Aiming</td><td>Laser diode (650nm)</td></tr>
<tr><td>Depth of Field Code 39 (5mil)</td><td>70 mm - 210 mm</td></tr>
<tr><td>Depth of Field DataMatrix (10mil)</td><td>40 mm - 170 mm</td></tr>
<tr><td>Depth of Field EAN 13 (13mil)</td><td>35 mm - 280 mm</td></tr>
<tr><td>Depth of Field PDF417 (6.67mil)</td><td>50 mm - 160 mm</td></tr>
<tr><td>Depth of Field QR (15mil)</td><td>20 mm - 230 mm</td></tr>
<tr><td>Field of View Horizontal</td><td>42°</td></tr>
<tr><td>Field of View Vertical</td><td>28°</td></tr>
<tr><td>Illumination</td><td>White LED</td></tr>
<tr><td>Image Sensor</td><td>1280 x 800 CMOS</td></tr>
<tr><td>Minimal Print Contrast</td><td>20%</td></tr>
<tr><td>Motion Tolerance</td><td>50 cm/s</td></tr>
<tr><td>Scan Angle Pitch</td><td>±55°</td></tr>
<tr><td>Scan Angle Roll</td><td>360°</td></tr>
<tr><td>Scan Angle Skew</td><td>±55°</td></tr>
<tr><td>Current @ 5VDC Operating</td><td>272 mA (typical)</td></tr>
<tr><td>Current @ 5VDC Standby</td><td>81 mA</td></tr>
<tr><td>Dimensions</td><td>95.5(W) x 77.5(D) x 172.5(H) mm</td></tr>
<tr><td>Input Voltage</td><td>5 VDC ±5%</td></tr>
<tr><td>Interfaces</td><td>USB, RS-232</td></tr>
<tr><td>Notifications</td><td>Beep, LED, Vibration</td></tr>
<tr><td>Power Consumption</td><td>1308 mW</td></tr>
<tr><td>Weight</td><td>180 g</td></tr>
<tr><td>Drop</td><td>1.8 m</td></tr>
<tr><td>Electro Static Discharge (ESD)</td><td>±8 kV (direct discharge), ±15 kV (air discharge)</td></tr>
<tr><td>Humidity</td><td>5% to 95% (non-condensing)</td></tr>
<tr><td>IP Rating</td><td>IP54</td></tr>
<tr><td>Operating Temperature</td><td>-20°C to 50°C (-4°F to 122°F)</td></tr>
<tr><td>Storage Temperature</td><td>-40°C to 70°C (-40°F to 158°F)</td></tr>
<tr><td>Configuration Tools</td><td>EasySet</td></tr>
<tr><td>Certifications Hardware</td><td>CE EMC Class B, FCC Part15 Class B</td></tr>
<tr><td>Comprehensive Service Contract</td><td>3 Years, 5 Years</td></tr>
<tr><td>Warranty Standard</td><td>5 Years</td></tr>
<tr><td>Accessories Optional</td><td>USB cable, USB-C cable, Multiplug adapter, RS-232 cable, Wall mount clip, Foldable smart stand</td></tr>
<tr><td>Accessories Standard</td><td>USB cable</td></tr>
<tr><td>NLS-HR5280RT-S5</td><td>HR52 Bonito 2D CMOS Handheld Reader, Mega Pixel, dot-code enabled (Black surface) with 3.5 mtr. coiled USB cable and autosense. (Smart stand compatible).</td></tr>
<tr><td>NLS-HR5280RT-SF</td><td>HR52 Bonito 2D CMOS Handheld Reader, Mega Pixel, dot-code enabled (Black surface) with 3.5 mtr. coiled USB cable and autosense. Incl. foldable smart stand.</td></tr>
<tr><td>Part Number</td><td>Description</td></tr>
</tbody>
</table>",,,,,,,,
https://www.newland-id.com/en/products/scan-engines/em2037-v4,scan-engines,Newland,,,EM2037,EM2037 V4,https://www.newland-id.com/datasheets/40/em2037-v4.pdf,https://newlandemea.katanapim.com/content/images/thumbs/000/0000499_em2037hd-1.png,"The EM2037 proudly represents our flagship OEM in the range. The megapixel imager impresses with superior scanning in even the most demanding environments. This engine is particularly suited for scanning from a screen. A top-performer when it comes to dense and damaged barcodes of various sizes and qualities, the EM2037 helps you keep operations running quick and efficiently.","1D: All major 1D symbologies, including EAN-8, EAN-13, UPC-E, UPC-A, Code 128, UCC/EAN128, I2Of5, ITF-14, ITF-6,Matrix 25, CodaBar, Code 39, Code 93, ISSN, ISBN, Industrial 25, Standard 25,Plessey, Code11, MSI-Plessey, UCC/EAN Composite, GS1 Databar, China Post 25,Code 49, Code 16K.
2D: All major 2D symbologies, including PDF 417, QR Code, Micro QR, Data Matrix, Aztec, Maxicode,Chinese Sensible Code, GM Code, Micro PDF417 Code, Code One.
Aiming: Red LED",,,,"<table class=""Table_Products_Style"">
<thead>
<tr>
<th>Thông số kỹ thuật</th>
<th>Chi tiết</th>
</tr>
</thead>
<tbody>
<tr><td>1D</td><td>All major 1D symbologies, including EAN-8, EAN-13, UPC-E, UPC-A, Code 128, UCC/EAN128, I2Of5, ITF-14, ITF-6,Matrix 25, CodaBar, Code 39, Code 93, ISSN, ISBN, Industrial 25, Standard 25,Plessey, Code11, MSI-Plessey, UCC/EAN Composite, GS1 Databar, China Post 25,Code 49, Code 16K.</td></tr>
<tr><td>2D</td><td>All major 2D symbologies, including PDF 417, QR Code, Micro QR, Data Matrix, Aztec, Maxicode,Chinese Sensible Code, GM Code, Micro PDF417 Code, Code One.</td></tr>
<tr><td>Aiming</td><td>Red LED</td></tr>
<tr><td>Depth of Field Code 39 (3.3mil)</td><td>HD: 50 mm - 90 mm</td></tr>
<tr><td>Depth of Field Code 39 (5mil)</td><td>SR: 70 mm - 180 mm, HD: 50 mm - 105 mm</td></tr>
<tr><td>Depth of Field DataMatrix (10mil)</td><td>SR: 55 mm - 220 mm</td></tr>
<tr><td>Depth of Field DataMatrix (6.7mil)</td><td>HD: 45 mm - 75 mm</td></tr>
<tr><td>Depth of Field EAN 13 (13mil)</td><td>SR: 55 mm - 365 mm</td></tr>
<tr><td>Depth of Field PDF417 (5mil)</td><td>HD: 45 mm - 95 mm</td></tr>
<tr><td>Depth of Field PDF417 (6.67mil)</td><td>SR: 55 mm - 175 mm</td></tr>
<tr><td>Field of View Horizontal</td><td>39°</td></tr>
<tr><td>Field of View Vertical</td><td>24°</td></tr>
<tr><td>Illumination</td><td>Red LED</td></tr>
<tr><td>Image Sensor</td><td>1280 x 800 CMOS</td></tr>
<tr><td>Minimal Print Contrast</td><td>25%</td></tr>
<tr><td>Scan Angle Pitch</td><td>±55°</td></tr>
<tr><td>Scan Angle Roll</td><td>360°</td></tr>
<tr><td>Scan Angle Skew</td><td>±55°</td></tr>
<tr><td>Current @ 5VDC Operating</td><td>276.6 mA (typical), 332.3 mA (max)</td></tr>
<tr><td>Current @ 5VDC Standby</td><td>57.4 mA (typical)</td></tr>
<tr><td>Dimensions</td><td>39.5(W) × 25.4(D) × 20(H) mm</td></tr>
<tr><td>Housing</td><td>PC, PMMA</td></tr>
<tr><td>Input Voltage</td><td>3.3 VCD via 12-pin FPC; 5 VCD via 5-pin box connector</td></tr>
<tr><td>Interfaces</td><td>USB, TTL-232</td></tr>
<tr><td>Power Consumption</td><td>1456.5 mW (typical)</td></tr>
<tr><td>Power Supply Input</td><td>5  VDC (1.5 A)</td></tr>
<tr><td>Power Supply Output</td><td>AC100 to 240 V (50 to 60 Hz)</td></tr>
<tr><td>Weight</td><td>11 g</td></tr>
<tr><td>Ambient Light</td><td>0 to 100,000 lux (natural light)</td></tr>
<tr><td>Humidity</td><td>5% to 95% (non-condensing)</td></tr>
<tr><td>Operating Temperature</td><td>-20°C to 60°C (-4°F to 140°F)</td></tr>
<tr><td>Storage Temperature</td><td>-40°C to 70°C (-40°F to 158°F)</td></tr>
<tr><td>Configuration Tools</td><td>EasySet</td></tr>
<tr><td>Certifications Hardware</td><td>CE EMC Class B, FCC Part15 Class B, IEC 62471, RoHS</td></tr>
<tr><td>Warranty Standard</td><td>2 Years</td></tr>
<tr><td>Accessories Optional</td><td>USB cable, RS-232 cable, Adapter, Software development board</td></tr>
<tr><td>Accessories Standard</td><td>75mm flexible flat cable (FFC)</td></tr>
<tr><td>Part Number</td><td>Description</td></tr>
<tr><td>NLS-EM2037V4-HD-13</td><td>2D CMOS Area Imager, Superior, Megapixel CMOS 1280 x 800 , HD (High Density), Split, Processor, TTL-232/USB interface with FFC (flexible flat cable), 5-PIN connector for USB direct connection to host, bracket</td></tr>
<tr><td>NLS-EM2037V4-SR-14</td><td>2D CMOS Area Imager, Superior, Megapixel CMOS 1280 x 800 , SR (Standard Range), Split, Processor, TTL-232/USB interface with FFC (flexible flat cable), 5-PIN connector for USB direct connection to host, bracket</td></tr>
</tbody>
</table>",,,,,,,,
https://www.newland-id.com/en/products/mobile-computers/n5s-minke,mobile-computers,Newland,,,N5S,N5S Minke,https://www.newland-id.com/datasheets/34/n5s-minke.pdf,https://newlandemea.katanapim.com/content/images/thumbs/000/0000699_n5s_minke_1.png,"The N5S Minke is an impressive addition to our line of android mobile computers. Featuring a 4” multi-touch capacitive touch screen, it’s easy to use whether you are working with gloves, wet or dry hands or a stylus. No matter where you are, the N5S Minke enables you to always be prepared.","Part Number: Description
N5S-5W-C: N5S Minke Mobile Computer with 4"" Touch Screen, 1D laser engine, BT, Wi-Fi (dual band), 4G, GPS, 8MP Camera. Incl. USB cable, battery, cradle and multi plug adapter. OS: Android 7.
N5S-2W-C: N5S Minke Mobile Computer with 4"""" Touch Screen, 2D MP CMOS Imager module & BT, Wi-Fi (dual band), 4G, GPS, 8MP Camera. Incl. USB cable, battery, cradle and multi plug adapter. OS: Android 7.",,,,"<table class=""Table_Products_Style"">
<thead>
<tr>
<th>Thông số kỹ thuật</th>
<th>Chi tiết</th>
</tr>
</thead>
<tbody>
<tr><td>Part Number</td><td>Description</td></tr>
<tr><td>N5S-5W-C</td><td>N5S Minke Mobile Computer with 4"" Touch Screen, 1D laser engine, BT, Wi-Fi (dual band), 4G, GPS, 8MP Camera. Incl. USB cable, battery, cradle and multi plug adapter. OS: Android 7.</td></tr>
<tr><td>N5S-2W-C</td><td>N5S Minke Mobile Computer with 4"""" Touch Screen, 2D MP CMOS Imager module & BT, Wi-Fi (dual band), 4G, GPS, 8MP Camera. Incl. USB cable, battery, cradle and multi plug adapter. OS: Android 7.</td></tr>
<tr><td>1D</td><td>All major 1D symbologies, including Code 39, Codabar, Code 128, Interleaved 2 of 5, UPC, EAN, MSI.</td></tr>
<tr><td>2D</td><td>All major 2D symbologies, including QR Code, PDF417, Data Matrix, MaxiCode.</td></tr>
<tr><td>Current Operating System</td><td>Android 7.0</td></tr>
<tr><td>Memory Flash</td><td>16GB</td></tr>
<tr><td>Memory RAM</td><td>2GB</td></tr>
<tr><td>Memory Storage Expansion (max.)</td><td>Micro SD card slot (max. 32GB)</td></tr>
<tr><td>Processor</td><td>1.45 GHz quad-core</td></tr>
<tr><td>Audio</td><td>Speaker, Microphone</td></tr>
<tr><td>Audio Jack</td><td>3.5mm earphone jack</td></tr>
<tr><td>Battery Type</td><td>4000 mAh</td></tr>
<tr><td>Dimensions</td><td>172(W) x 72(D) x 24.8(H) mm</td></tr>
<tr><td>Display/Touch Panel</td><td>4” (800 x 480), WVGA, Capacitive touchscreen</td></tr>
<tr><td>Expansion Slot</td><td>Micro SD card (max. 32GB)</td></tr>
<tr><td>Expected Battery Life</td><td>Standby: 500 hours; Scanning: 11 hours of continuous operation</td></tr>
<tr><td>Expected Charge Time</td><td>4 hours</td></tr>
<tr><td>Input Voltage</td><td>5 VDC (2 A)</td></tr>
<tr><td>Interfaces</td><td>Micro USB 2.0</td></tr>
<tr><td>Keypad</td><td>28 keys</td></tr>
<tr><td>Touch Panel</td><td>Capacitive touchscreen</td></tr>
<tr><td>Weight</td><td>330 g (including battery)</td></tr>
<tr><td>GPS</td><td>Beidou, GLONASS, GPS (AGPS)</td></tr>
<tr><td>RFID</td><td>13.56MHz RFID, ISO14443A/B, ISO15693, ISO18000-3, Mifare, FeliCa, RF, Kovio, NFC Forum, Type 1-4 Tag</td></tr>
<tr><td>WLAN RADIO</td><td>802.11 a/b/g/n, 2.4 GHz and 5GHz</td></tr>
<tr><td>WPAN RADIO</td><td>Bluetooth 4.0, 3.0+HS, 2.1+EDR</td></tr>
<tr><td>WWAN RADIO</td><td>2G: GSM (Band 3/8) 3G: WCDMA (Band 1/8), CDMA1X, EVDO (Band BC0), TD-SCDMA (Band 34/39) 4G: LTE FDD (Band 1/3/7/20), LTE TDD (Band 38/39/40/41)</td></tr>
<tr><td>Drop</td><td>1.5 m</td></tr>
<tr><td>Electro Static Discharge (ESD)</td><td>±8 kV (direct discharge), ±12 kV (air discharge)</td></tr>
<tr><td>Humidity</td><td>5% to 95% (non-condensing)</td></tr>
<tr><td>IP Rating</td><td>IP65</td></tr>
<tr><td>Operating Temperature</td><td>-20°C to 55°C (-4°F to 131°F)</td></tr>
<tr><td>Storage Temperature</td><td>-30°C to 70°C (-22°F to 158°F)</td></tr>
<tr><td>Terminal Emulation (compatible)</td><td>StayLinked</td></tr>
<tr><td>Certifications Hardware</td><td>BSMI, CE RED, RoHS, NCC, CCC, MTBF, SRRC, CTA, FDA II, EN 60825-1</td></tr>
<tr><td>Warranty Standard</td><td>2 Years</td></tr>
<tr><td>Accessories Optional</td><td>Charging cradle</td></tr>
<tr><td>Accessories Standard</td><td>USB cable, Battery, AC adapter</td></tr>
</tbody>
</table>",,,,,,,,
https://www.newland-id.com/en/products/wearables/wd2-wearable-scanner,wearables,Newland,,,WD2 Wearable Scanner,WD2 Wearable Scanner,https://www.newland-id.com/datasheets/26/wd2-wearable-scanner.pdf,https://newlandemea.katanapim.com/content/images/thumbs/000/0000503_wd2_wearable_1.png,Multitask with the WD2 Wearable Scanner. The WD2 ensures no wasted time on putting away a device while picking or moving boxes. The scanning trigger can be easily activated with a light press of the thumb.,"1D: EAN-8, EAN-13, UPC-E, UPC-A, Code128, UCC/EAN128, I2Of5, ITF14, ITF6, Matrix 25, CodaBar, Code39, Code32(Italian Pharma Code), Code93, ISSN, ISBN, Industrial25, Standard25, Plessey, Code11, MSI Plessey, UCC/EAN Composite, GS1 Databar, China Post 25, Code 49, Code 16K
2D: PDF417, QR Code, Micro QR, DataMatrix, Aztec, MaxiCode, Chinese Sensible Code, GM Code, Micro PDF417, CODEONE
Aiming: SR: cross laser (650nm), MR: dot laser (650nm)",,,,"<table class=""Table_Products_Style"">
<thead>
<tr>
<th>Thông số kỹ thuật</th>
<th>Chi tiết</th>
</tr>
</thead>
<tbody>
<tr><td>1D</td><td>EAN-8, EAN-13, UPC-E, UPC-A, Code128, UCC/EAN128, I2Of5, ITF14, ITF6, Matrix 25, CodaBar, Code39, Code32(Italian Pharma Code), Code93, ISSN, ISBN, Industrial25, Standard25, Plessey, Code11, MSI Plessey, UCC/EAN Composite, GS1 Databar, China Post 25, Code 49, Code 16K</td></tr>
<tr><td>2D</td><td>PDF417, QR Code, Micro QR, DataMatrix, Aztec, MaxiCode, Chinese Sensible Code, GM Code, Micro PDF417, CODEONE</td></tr>
<tr><td>Aiming</td><td>SR: cross laser (650nm), MR: dot laser (650nm)</td></tr>
<tr><td>Depth of Field Code 128 (5mil)</td><td>MR: 190mm-300mm</td></tr>
<tr><td>Depth of Field Code 39 (100mil)</td><td>MR: 250mm-3500mm</td></tr>
<tr><td>Depth of Field Code 39 (20mil)</td><td>MR: 80mm-1300mm</td></tr>
<tr><td>Depth of Field Code 39 (5mil)</td><td>SR: 120 mm - 330 mm</td></tr>
<tr><td>Depth of Field DataMatrix (10mil)</td><td>SR: 125 mm - 240 mm, MR: 160 mm - 300 mm</td></tr>
<tr><td>Depth of Field EAN 13 (13mil)</td><td>SR: 65 mm - 540 mm, MR: 60 mm - 850 mm</td></tr>
<tr><td>Depth of Field PDF417 (6.7mil)</td><td>SR: 125 mm - 240 mm</td></tr>
<tr><td>Depth of Field QR (15mil)</td><td>SR: 40 mm - 360 mm</td></tr>
<tr><td>Field of View Horizontal</td><td>SR: 40°, MR: 33°</td></tr>
<tr><td>Field of View Vertical</td><td>SR: 25°, MR: 21°</td></tr>
<tr><td>Illumination</td><td>White LED</td></tr>
<tr><td>Image Sensor</td><td>1280 x 800 CMOS</td></tr>
<tr><td>Minimal Print Contrast</td><td>25%</td></tr>
<tr><td>OCR</td><td>Specific OCR-B, Passport OCR, Chinese ID Card, China Travel Permit OCR</td></tr>
<tr><td>Postal</td><td>US PostNet, US Planet, UK Postal, Australia Postal, Japan Postal</td></tr>
<tr><td>Scan Angle Pitch</td><td>SR: ±65°, MR: ±60°</td></tr>
<tr><td>Scan Angle Roll</td><td>SR: 360°, MR: 360°</td></tr>
<tr><td>Scan Angle Skew</td><td>SR: ±75°, MR: ±70°</td></tr>
<tr><td>Battery Type</td><td>670 mAh lithium-ion battery</td></tr>
<tr><td>Dimensions</td><td>58.8(W) × 48.8(D) × 18(H) mm</td></tr>
<tr><td>Expected Battery Life</td><td>10 hours of continuous operation (scan once per 15 second</td></tr>
<tr><td>Expected Charge Time</td><td><2 hours (with power adapter)</td></tr>
<tr><td>Input Voltage</td><td>5 VDC ±5%</td></tr>
<tr><td>Notifications</td><td>Beep, LED, Vibration</td></tr>
<tr><td>Weight</td><td>43 g</td></tr>
<tr><td>Communication Modes</td><td>Bluetooth HID, Bluetooth BLE</td></tr>
<tr><td>Radio Technology</td><td>Bluetooth 5.0</td></tr>
<tr><td>Wireless Distance ( max.)</td><td>80 m (open space)</td></tr>
<tr><td>Charge Temperature</td><td>0°C to 45°C (32°F to 113°F)</td></tr>
<tr><td>Drop</td><td>1.5 m</td></tr>
<tr><td>Electro Static Discharge (ESD)</td><td>±8 kV (contact discharge), ±15 kV (air discharge)</td></tr>
<tr><td>Humidity</td><td>5% to 95% (non-condensing)</td></tr>
<tr><td>IP Rating</td><td>IP65</td></tr>
<tr><td>Operating Temperature</td><td>-20°C to 50°C (-4°F to 122°F)</td></tr>
<tr><td>Storage Temperature</td><td>-40°C to 70°C (-40°F to 158°F)</td></tr>
<tr><td>Configuration Tools</td><td>EasySet</td></tr>
<tr><td>Certifications Hardware</td><td>FCC ID, CE RED, IEC 62471, RoHS, SRRC</td></tr>
<tr><td>Comprehensive Service Contract</td><td>3 Years, 5 Years</td></tr>
<tr><td>Warranty Standard</td><td>2 Years</td></tr>
<tr><td>Accessories Optional</td><td>Multiplug adapter, Fast charging power adapter, Screen protector, 2-slot charging cradle, Bluetooth BLE USB dongle, Integrated trigger strap</td></tr>
<tr><td>All versions</td><td>WD2 Wearable Scanner</td></tr>
<tr><td>Part Number</td><td>Description</td></tr>
<tr><td>WD2-BS50-MR</td><td>Hand mounted BT 5.0 with Mid Range 2D scanner. Laser Dot aiming.</td></tr>
<tr><td>WD2-BS50-SR</td><td>Hand mounted BT 5.0 with Standard Range 2D scanner. Laser Cross aiming.</td></tr>
</tbody>
</table>",,,,,,,,
https://www.newland-id.com/en/products/mobile-computers/n7-cachalot-pro,mobile-computers,Newland,,,N7,N7 Cachalot Pro,https://www.newland-id.com/datasheets/24/n7-cachalot-pro.pdf,https://newlandemea.katanapim.com/content/images/thumbs/000/0000506_n7_cachalot_pro_1.png,"The N7 Cachalot Pro takes the Newland Pro Series into rugged warehouse and logistics applications. This Mobile Computer adds processing speed, fast-roaming wireless connections, higher drop- and IP ratings and added flexibility through a choice of 3 keyboard layouts.","Part Number: Description
N7-W-S2-V3: N7 Cachalot Pro Mobile Computer 4GB/64GB with 4” Gorilla Glass Touch Screen, 29 keys keyboard 2D CMOS Mega Pixel imager with Laser Aimer, BT, GPS, NFC, WiFi only, Camera. Incl. USB cable, battery, EU adapter, TPU Boot (TPU N7). OS: Android 10 GMS(AER)
N7-W4-M4-V3: N7 Cachalot Pro Mobile Computer 4GB/64GB with 4” Gorilla Glass Touch Screen,47 keys keyboard 2D CMOS Mid-range Mega Pixel imager with Laser Aimer,BT,GPS,NFC,4G & WiFi, Camera. Incl. USB cable, battery, EU adapter, TPU Boot (TPU N7). OS: Android 1(AER)",,,,"<table class=""Table_Products_Style"">
<thead>
<tr>
<th>Thông số kỹ thuật</th>
<th>Chi tiết</th>
</tr>
</thead>
<tbody>
<tr><td>Part Number</td><td>Description</td></tr>
<tr><td>N7-W-S2-V3</td><td>N7 Cachalot Pro Mobile Computer 4GB/64GB with 4” Gorilla Glass Touch Screen, 29 keys keyboard 2D CMOS Mega Pixel imager with Laser Aimer, BT, GPS, NFC, WiFi only, Camera. Incl. USB cable, battery, EU adapter, TPU Boot (TPU N7). OS: Android 10 GMS(AER)</td></tr>
<tr><td>N7-W4-M4-V3</td><td>N7 Cachalot Pro Mobile Computer 4GB/64GB with 4” Gorilla Glass Touch Screen,47 keys keyboard 2D CMOS Mid-range Mega Pixel imager with Laser Aimer,BT,GPS,NFC,4G & WiFi, Camera. Incl. USB cable, battery, EU adapter, TPU Boot (TPU N7). OS: Android 1(AER)</td></tr>
<tr><td>N7-W-M4-V3</td><td>N7 Cachalot Pro Mobile Computer 4GB/64GB with 4” Gorilla Glass Touch Screen, 47 keys keyboard 2D CMOS Mid-range Mega Pixel imager with Laser Aimer,BT,GPS,NFC,WiFi only, Camera. Incl. USB cable, battery,EU adapter, TPU Boot (TPU N7). OS: Android 1(AER)</td></tr>
<tr><td>N7-W-S4-V3</td><td>N7 Cachalot Pro Mobile Computer 4GB/64GB with 4” Gorilla Glass Touch Screen, 47 keys keyboard 2D CMOS Mega Pixel imager with Laser Aimer,BT,GPS,NFC, WiFi only, Camera. Incl. USB cable, battery and EU adapter, TPU Boot (TPU N7). OS: Android 10 GMS(AER)</td></tr>
<tr><td>N7-W4-M2-V3</td><td>N7 Cachalot Pro Mobile Computer 4GB/64GB with 4” Gorilla Glass Touch Screen, 29 keys keyboard 2D CMOS Mid-range Mega Pixel imager with Laser Aimer,BT,GPS,NFC,4G & WiFi, Camera. Incl. USB cable, battery, EU adapter, TPU Boot (TPU N7). OS: Android 1(AER)</td></tr>
<tr><td>N7-W4-S3-V3</td><td>N7 Cachalot Pro Mobile Computer 4GB/64GB with 4” Gorilla Glass Touch Screen, 38 keys keyboard 2D CMOS Mega Pixel imager with Laser Aimer, BT, GPS,NFC, 4G & WiFi, Camera. Incl. USB cable, battery, EU adapter, TPU Boot (TPU N7). OS: Android 10 GMS (AER)</td></tr>
<tr><td>N7-W-M2-V3</td><td>N7 Cachalot Pro Mobile Computer 4GB/64GB with 4” Gorilla Glass Touch Screen, 29 keys keyboard 2D CMOS Mid-range Mega Pixel imager with Laser Aimer,BT,GPS,NFC,WiFi only, Camera.  Incl. USB cable, battery, EU adapter, TPU Boot (TPU N7). OS: Android 1(AER</td></tr>
<tr><td>N7-W4-M3-V3</td><td>N7 Cachalot Pro Mobile Computer 4GB/64GB with 4” Gorilla Glass Touch Screen,38 keys keyboard 2D CMOS Mid-range Mega Pixel imager with Laser Aimer,BT,GPS,NFC,4G & WiFi, Camera. Incl. USB cable, battery, EU adapter, TPU Boot (TPU N7). OS: Android 1(AER)</td></tr>
<tr><td>N7-W4-S4-V3</td><td>N7 Cachalot Pro Mobile Computer 4GB/64GB with 4” Gorilla Glass Touch Screen, 47 keys keyboard 2D CMOS Mega Pixel imager with Laser Aimer, BT, GPS,NFC, 4G & WiFi, Camera. Incl. USB cable, battery, EU adapter, TPU Boot (TPU N7). OS: Android 10 GMS (AER)</td></tr>
<tr><td>N7-W-M3-V3</td><td>N7 Cachalot Pro Mobile Computer 4GB/64GB with 4” Gorilla Glass Touch Screen,38 keys keyboard 2D CMOS Mid-range Mega Pixel imager with Laser Aimer,BT,GPS,NFC,WiFi only, Camera.  Incl. USB cable, battery, EU adapter, TPU Boot (TPU N7). OS: Android 1(AER)</td></tr>
<tr><td>N7-W-S3-V3</td><td>N7 Cachalot Pro Mobile Computer 4GB/64GB with 4” Gorilla Glass Touch Screen, 38 keys keyboard 2D CMOS Mega Pixel imager with Laser Aimer,BT,GPS,NFC, WiFi only, Camera.  Incl. USB cable, battery and EU adapter, TPU Boot (TPU N7). OS: Android 10 GMS(AER)</td></tr>
<tr><td>N7-W4-S2-V3</td><td>N7 Cachalot Pro Mobile Computer 4GB/64GB with 4” Gorilla Glass Touch Screen, 29 keys keyboard 2D CMOS Mega Pixel imager with Laser Aimer, BT,GPS, NFC, 4G & WiFi, Camera. Incl. USB cable, battery, EU adapter, TPU Boot (TPU N7). OS: Android 10 GMS (AER)</td></tr>
<tr><td>1D</td><td>All major 1D symbologies</td></tr>
<tr><td>2D</td><td>All major 2D symbologies</td></tr>
<tr><td>Aiming</td><td>Laser diode</td></tr>
<tr><td>Depth of Field Code 39 (5mil)</td><td>SR: 80 mm - 350 mm; MR: 200 mm - 575 mm</td></tr>
<tr><td>Depth of Field DataMatrix (10mil)</td><td>SR: 55 mm - 355 mm; MR: 185 mm - 520 mm</td></tr>
<tr><td>Depth of Field EAN 13 (13mil)</td><td>SR: 40 mm - 480 mm; MR: 130 mm - 705 mm</td></tr>
<tr><td>Depth of Field PDF417 (6.67mil)</td><td>SR: 60 mm - 320 mm; MR: 175 mm - 550 mm</td></tr>
<tr><td>Depth of Field QR (15mil)</td><td>SR: 50 mm - 400 mm; MR: 195 mm - 550 mm</td></tr>
<tr><td>Illumination</td><td>White LED (625±10nm)</td></tr>
<tr><td>Image Sensor</td><td>1280 x 800 CMOS</td></tr>
<tr><td>Scan Modes</td><td>Trigger Mode, Sense Mode</td></tr>
<tr><td>Scan Rate</td><td>60 frames per second</td></tr>
<tr><td>Current Operating System</td><td>Android 10, GMS, Android Enterprise Recommended (AER)</td></tr>
<tr><td>Memory Flash</td><td>64GB</td></tr>
<tr><td>Memory RAM</td><td>4GB</td></tr>
<tr><td>Memory Storage Expansion (max.)</td><td>Micro SD/TF card (max. 128 GB)</td></tr>
<tr><td>Processor</td><td>1.8 GHz Qualcomm Snapdragon</td></tr>
<tr><td>Battery Type</td><td>3.8 V, 5100 mAh, removable</td></tr>
<tr><td>Buttons</td><td>Two scan buttons (left/right), three touch navigation keys</td></tr>
<tr><td>Dimensions</td><td>200(W) x 70(D) x 29(H) mm</td></tr>
<tr><td>Display/Touch Panel</td><td>4.0"" WVGA (800 x 480), Gorilla glass, Supports input with gloves</td></tr>
<tr><td>Expansion Slot</td><td>MicroSD card (max. 128GB)</td></tr>
<tr><td>Expected Battery Life</td><td>Scanning:> 15 hours of continuous operations; standby: 500 hours</td></tr>
<tr><td>Interfaces</td><td>Quick charging (QC) 3.0</td></tr>
<tr><td>Keypad</td><td>29 keys, 38 keys, 47 keys</td></tr>
<tr><td>Notifications</td><td>Speaker, Vibration, Multi-color LEDs</td></tr>
<tr><td>Power Supply Input</td><td>AC 100 to 240 V (50 to 60 Hz)</td></tr>
<tr><td>Power Supply Output</td><td>Type-C 9 V/2 A, 15 V/1.2 A</td></tr>
<tr><td>Rear camera</td><td>13 MP, LED flash, Auto focus</td></tr>
<tr><td>Sensors</td><td>Gravity Sensor, Hall switch</td></tr>
<tr><td>SIM/TF</td><td>Nano+Nano or Nano+TF (4G configurations only)</td></tr>
<tr><td>Touch Panel</td><td>Gorilla glass, Supports input with gloves</td></tr>
<tr><td>Weight</td><td>360 g (including battery)</td></tr>
<tr><td>GPS</td><td>Beidou, GLONASS, Galileo, GPS (AGPS)</td></tr>
<tr><td>RFID</td><td>NFC: 13.36MHz IS014443A/B, Ml FARE, Felica, NFC Forum Tags</td></tr>
<tr><td>WLAN RADIO</td><td>802.11 a/b/g/n/ac, compatible with 11 d/h/i/k/r/v/w, support 2.4G and 5G dual frequency; Roaming: Super Fast Roaming</td></tr>
<tr><td>WPAN RADIO</td><td>Dual mode, Bluetooth 4.2+LE (backward compatible)</td></tr>
<tr><td>WWAN RADIO</td><td>2G: GSM: 850/900/1800/1900MHz; 3G: WCDMA: Bl/B2/BS/B7/B8/ B20/B28a&b, CDMA lx/EVDO: BCO; 4G: FDD-LTE: Bl/B2/B3/BS/B7/B8/B20/B28a&b, TDD-LTE; B38/B39/B40/B41 (100M)</td></tr>
<tr><td>Drop</td><td>1.8 m</td></tr>
<tr><td>Electro Static Discharge (ESD)</td><td>±8 kV (direct discharge), ±15 kV (air discharge)</td></tr>
<tr><td>Humidity</td><td>5% to 95% (non-condensing)</td></tr>
<tr><td>IP Rating</td><td>IP65</td></tr>
<tr><td>Operating Temperature</td><td>-20°C to 55°C (-4°F to 131°F)</td></tr>
<tr><td>Storage Temperature</td><td>-40°C to 70°C (-40°F to 158°F)</td></tr>
<tr><td>Configuration Tools</td><td>Ndevor</td></tr>
<tr><td>MDM (certified)</td><td>Ndevor, SOTI, Airwatch</td></tr>
<tr><td>Terminal Emulation (compatible)</td><td>StayLinked, Ivanti Velocity</td></tr>
<tr><td>Certifications Hardware</td><td>REACH, SOTI, FCC, RoHS 2.0, UN38.3, CE RED, IEC 60825, IEC 62471, AER, BIS</td></tr>
<tr><td>Warranty Standard</td><td>2 Years</td></tr>
<tr><td>Accessories Optional</td><td>4-slot battery charger, Charging cradle, Pistol grip, Screen protector</td></tr>
<tr><td>Accessories Standard</td><td>USB cable, Hand strap, Battery, Multiplug adapter</td></tr>
</tbody>
</table>",,,,,,,,
https://www.newland-id.com/en/products/general-purpose-handheld-scanners/bs8060-piranha,general-purpose-handheld-scanners,Newland,,,BS8060,BS8060 Piranha,https://www.newland-id.com/datasheets/23/bs8060-piranha.pdf,https://newlandemea.katanapim.com/content/images/thumbs/000/0000273_bs8060_piranha_1.png,"The BS8060 Piranha is a snappy, small and portable barcode scanner, providing the convenience of always having a scanner at your fingertips. Dimensions of 88 x 46 x 24.5mm make it small enough to fit into your pocket and light enough to carry around all day. Despite its small size, the Piranha maintains an excellent performance, scanning virtually all 1D and 2D barcodes seamlessly.","Part Number: Description
NLS-BS8060-2T: BS8060 2D CMOS Bluetooth scanner, reads both 1D and 2D barcodes (QR Code included). Supports Apple iOS, Android & Windows devices. BT class 1 range up to 100 mtr. 1MB memory.
NLS-BS8060-3V: BS8060 1D CCD Bluetooth scanner, reads 1D barcodes. Supports Apple iOS, Android & Windows devices. BT class 1 range up to 100 mtr. 1MB memory.",,,,"<table class=""Table_Products_Style"">
<thead>
<tr>
<th>Thông số kỹ thuật</th>
<th>Chi tiết</th>
</tr>
</thead>
<tbody>
<tr><td>Part Number</td><td>Description</td></tr>
<tr><td>NLS-BS8060-2T</td><td>BS8060 2D CMOS Bluetooth scanner, reads both 1D and 2D barcodes (QR Code included). Supports Apple iOS, Android & Windows devices. BT class 1 range up to 100 mtr. 1MB memory.</td></tr>
<tr><td>NLS-BS8060-3V</td><td>BS8060 1D CCD Bluetooth scanner, reads 1D barcodes. Supports Apple iOS, Android & Windows devices. BT class 1 range up to 100 mtr. 1MB memory.</td></tr>
<tr><td>1D</td><td>All major 1D symbologies, including Code 128, UCC/EAN-128, AIM 128, EAN-8, JAN-8, EAN-13, ISBN/ISSN, UPC-E, UPC-A, Interleaved 25, ITF-6, ITF-14, Deutsche 14, Deutsche 12, COOP 25, Matrix 25, Industrial 25, Standard 25, Code 39, Codabar, Code 93, Code 11, Plessey, MSI/Plessey, GS1 Databar.</td></tr>
<tr><td>2D</td><td>All major 2D symbologies, including PDF417, QR Code, Data Matrix.</td></tr>
<tr><td>Depth of Field Code 39 (5mil)</td><td>60 mm - 190 mm</td></tr>
<tr><td>Depth of Field DataMatrix (10mil)</td><td>85 mm - 140 mm</td></tr>
<tr><td>Depth of Field EAN 13 (13mil)</td><td>60 mm - 380 mm</td></tr>
<tr><td>Depth of Field PDF417 (6.67mil)</td><td>85 mm - 150 mm</td></tr>
<tr><td>Depth of Field QR (15mil)</td><td>40 mm - 190 mm</td></tr>
<tr><td>Illumination</td><td>Red LED (612nm-624nm)</td></tr>
<tr><td>Image Sensor</td><td>752 x 480 CMOS</td></tr>
<tr><td>Minimal Print Contrast</td><td>30%</td></tr>
<tr><td>Scan Angle Pitch</td><td>±55°</td></tr>
<tr><td>Scan Angle Roll</td><td>360°</td></tr>
<tr><td>Scan Angle Skew</td><td>±55°</td></tr>
<tr><td>Memory Flash</td><td>1MB</td></tr>
<tr><td>Battery Type</td><td>3.7 V, 900 mA, Rechargeable Li-ion battery</td></tr>
<tr><td>Buttons</td><td>SCAN, Delete, Function</td></tr>
<tr><td>Current @ 5VDC Operating</td><td>260 mA (Bluetooth is on)</td></tr>
<tr><td>Current @ 5VDC Standby</td><td>10 mA</td></tr>
<tr><td>Dimensions</td><td>88(W) × 46(D) × 24.5(H) mm</td></tr>
<tr><td>Expected Battery Life</td><td>6 hours of continuous operation</td></tr>
<tr><td>Expected Charge Time</td><td>3.5 hours</td></tr>
<tr><td>Housing</td><td>ABS, PMMA</td></tr>
<tr><td>Input Voltage</td><td>5 VDC ±5%</td></tr>
<tr><td>Interfaces</td><td>Micro USB</td></tr>
<tr><td>Notifications</td><td>Beep, LED, Vibration</td></tr>
<tr><td>Weight</td><td>62 g</td></tr>
<tr><td>Radio Technology</td><td>2.4 - 2.5 GHz ISM band, compatible with Bluetooth 4.0/3.0/2.1+EDR</td></tr>
<tr><td>Wireless Distance ( max.)</td><td>50 m (open space)</td></tr>
<tr><td>Drop</td><td>1.2 m</td></tr>
<tr><td>Electro Static Discharge (ESD)</td><td>±8 kV (air discharge), ±15 kV (air discharge)</td></tr>
<tr><td>Humidity</td><td>5% to 95% (non-condensing)</td></tr>
<tr><td>IP Rating</td><td>IP42</td></tr>
<tr><td>Operating Temperature</td><td>-20°C to 50°C (-4°F to 122°F)</td></tr>
<tr><td>Storage Temperature</td><td>-40°C to 70°C (-40°F to 158°F)</td></tr>
<tr><td>Certifications Hardware</td><td>CE EMC Class B, FCC Part15 Class B, RoHS, KC</td></tr>
<tr><td>Warranty Standard</td><td>2 Years</td></tr>
</tbody>
</table>",,,,,,,,
https://www.newland-id.com/en/products/general-purpose-handheld-scanners/hr52-bonito-bluetooth,general-purpose-handheld-scanners,Newland,,,HR52 Bonito Bluetooth,HR52 Bonito Bluetooth,https://www.newland-id.com/datasheets/21/hr52-bonito-bluetooth.pdf,https://newlandemea.katanapim.com/content/images/thumbs/000/0000194_hr52_bonito_bluetooth_1.png,"Giving it one of the quickest and most accurate scanning performances available, the HR52 Bonito Bluetooth includes a megapixel barcode scanner that reads both 1D and 2D codes with ease.","1D: All major 1D symbologies, including EAN-13, EAN-8, UPC-A, UPC-E, ISSN, ISBN, Codabar, Code 128, Code93, ITF-6, ITF-14, Interleaved 2 of 5, Industrial 25, Standard 25, Matrix 25, GS1 Databar, Code 39, Code 11, MSI-Plessey, Plessey.
2D: All major 2D symbologies, including PDF417, QR Code, Data Matrix, Aztec, Maxicode.
Aiming: Laser diode (650nm)",,,,"<table class=""Table_Products_Style"">
<thead>
<tr>
<th>Thông số kỹ thuật</th>
<th>Chi tiết</th>
</tr>
</thead>
<tbody>
<tr><td>1D</td><td>All major 1D symbologies, including EAN-13, EAN-8, UPC-A, UPC-E, ISSN, ISBN, Codabar, Code 128, Code93, ITF-6, ITF-14, Interleaved 2 of 5, Industrial 25, Standard 25, Matrix 25, GS1 Databar, Code 39, Code 11, MSI-Plessey, Plessey.</td></tr>
<tr><td>2D</td><td>All major 2D symbologies, including PDF417, QR Code, Data Matrix, Aztec, Maxicode.</td></tr>
<tr><td>Aiming</td><td>Laser diode (650nm)</td></tr>
<tr><td>Depth of Field Code 39 (5mil)</td><td>110 mm - 240 mm, RT: 70 mm - 210 mm</td></tr>
<tr><td>Depth of Field DataMatrix (10mil)</td><td>90 mm - 190 mm, RT: 40 mm - 170 mm</td></tr>
<tr><td>Depth of Field EAN 13 (13mil)</td><td>50 mm - 555 mm, RT: 35 mm - 280 mm</td></tr>
<tr><td>Depth of Field PDF417 (6.7mil)</td><td>90 mm - 210 mm, RT: 50 mm - 160 mm</td></tr>
<tr><td>Depth of Field QR (15mil)</td><td>40 mm - 360 mm, RT: 20 mm - 230 mm</td></tr>
<tr><td>Field of View Horizontal</td><td>48°</td></tr>
<tr><td>Field of View Vertical</td><td>28°</td></tr>
<tr><td>Illumination</td><td>White LED</td></tr>
<tr><td>Image Sensor</td><td>1280 x 800 CMOS</td></tr>
<tr><td>Minimal Print Contrast</td><td>20%</td></tr>
<tr><td>Motion Tolerance</td><td>50 cm/s</td></tr>
<tr><td>Scan Angle Pitch</td><td>±55°</td></tr>
<tr><td>Scan Angle Roll</td><td>360°</td></tr>
<tr><td>Scan Angle Skew</td><td>±55°</td></tr>
<tr><td>Scan Modes</td><td>Manual Batch, Automatic Batch</td></tr>
<tr><td>Memory Flash</td><td>≥15000 pieces Code 128 (20 byte of each code 128)</td></tr>
<tr><td>Battery Type</td><td>2400 mAh lithium-ion battery</td></tr>
<tr><td>Dimensions</td><td>95.5(W) x 77.5(D) x 172.5(H) mm</td></tr>
<tr><td>Expected Battery Life</td><td>≥12 hours of continuous operation (scan once per 6 seconds)</td></tr>
<tr><td>Expected Charge Time</td><td>≤4 hours (with power adapter)</td></tr>
<tr><td>Input Voltage</td><td>5 VDC ±5%</td></tr>
<tr><td>Interfaces</td><td>USB, RS-232</td></tr>
<tr><td>Notifications</td><td>Beep, LED, Vibration</td></tr>
<tr><td>Weight</td><td>227 g</td></tr>
<tr><td>Radio Technology</td><td>Bluetooth 5.0</td></tr>
<tr><td>Drop</td><td>1.8 m</td></tr>
<tr><td>Drop with Cradle</td><td>1 m</td></tr>
<tr><td>Electro Static Discharge (ESD)</td><td>±8 kV (direct discharge), ±15 kV (air discharge)</td></tr>
<tr><td>Humidity</td><td>5% to 95% (non-condensing)</td></tr>
<tr><td>IP Rating</td><td>IP54</td></tr>
<tr><td>Operating Temperature</td><td>-20°C to 50°C (-4°F to 122°F)</td></tr>
<tr><td>Storage Temperature</td><td>-40°C to 70°C (-40°F to 158°F)</td></tr>
<tr><td>Configuration Tools</td><td>EasySet</td></tr>
<tr><td>Certifications Hardware</td><td>CE EMC Class B, FCC Part15 Class B</td></tr>
<tr><td>Comprehensive Service Contract</td><td>3 Years, 5 Years</td></tr>
<tr><td>Warranty Extension</td><td>+2 Years</td></tr>
<tr><td>Warranty Standard</td><td>3 Years</td></tr>
<tr><td>Accessories Optional</td><td>USB cable, USB-C cable, Multiplug adapter, RS-232 cable, Wall mount clip, Stand/Docking station</td></tr>
<tr><td>Accessories Standard</td><td>USB cable, Multiplug adapter, Stand/Docking station</td></tr>
<tr><td>All versions</td><td>HR52 Bonito BT, Stand/Docking station, USB cable, Multiplug adapter</td></tr>
<tr><td>Part Number</td><td>Description</td></tr>
<tr><td>NLS-HR5280-BT-C(U)</td><td>HR52 Bonito 2D CMOS Mega Pixel Wireless Bluetooth Handheld Reader with Stand/Docking Station, USB cable and multiplug adapter.</td></tr>
<tr><td>NLS-HR5280RT-BT-C(U)</td><td>HR52 Bonito 2D CMOS Mega Pixel Wireless Bluetooth Handheld Reader, DotCode enabled, Stand/Docking Station, USB cable and multiplug adapter.</td></tr>
</tbody>
</table>",,,,,,,,
https://www.newland-id.com/en/products/scan-engines/em20-85,scan-engines,Newland,,,EM20-85,EM20-85,https://www.newland-id.com/datasheets/15/em20-85.pdf,https://newlandemea.katanapim.com/content/images/thumbs/000/0000515_em20_85_1.png,"With an integrated NFC reader module, the EM20-85 allows customers to read either barcodes or NFC tags. This opens up a range of new and exciting possibilities in customer self-service. The EM20-85's strength lies primarily in scanning paper, plastic and metal. But don't worry - scanning screens are also more than convincing.","1D: Code 128, UCC/EAN128, AIM128, EAN-8, EAN-13,  ISSN/ISBN, UPC-E, UPC-A, Interleaved 2 of 5, ITF-6, ITF-4, Standard 25, CodaBar, Industrial 25,  Code 39, Code 93, Code 11, Plessey, MSI-Plessey, GS1-128 (UCC/EAN-128), GS1-Databar™ (RSS) (RSS14, RSS-Limited, RSS-Expand, Matrix 2 of 5
2D: PDF 417, Micro PDF 417, QR Code, Micro QR, Data Matrix, Aztec, Maxicode
Depth of Field Code 39 (5mil): 25 mm - 70 mm",,,,"<table class=""Table_Products_Style"">
<thead>
<tr>
<th>Thông số kỹ thuật</th>
<th>Chi tiết</th>
</tr>
</thead>
<tbody>
<tr><td>1D</td><td>Code 128, UCC/EAN128, AIM128, EAN-8, EAN-13,  ISSN/ISBN, UPC-E, UPC-A, Interleaved 2 of 5, ITF-6, ITF-4, Standard 25, CodaBar, Industrial 25,  Code 39, Code 93, Code 11, Plessey, MSI-Plessey, GS1-128 (UCC/EAN-128), GS1-Databar™ (RSS) (RSS14, RSS-Limited, RSS-Expand, Matrix 2 of 5</td></tr>
<tr><td>2D</td><td>PDF 417, Micro PDF 417, QR Code, Micro QR, Data Matrix, Aztec, Maxicode</td></tr>
<tr><td>Depth of Field Code 39 (5mil)</td><td>25 mm - 70 mm</td></tr>
<tr><td>Depth of Field DataMatrix (10mil)</td><td>25 mm - 60 mm</td></tr>
<tr><td>Depth of Field EAN 13 (13mil)</td><td>30 mm - 85 mm</td></tr>
<tr><td>Depth of Field PDF417 (6.67mil)</td><td>30 mm - 50 mm</td></tr>
<tr><td>Depth of Field QR (15mil)</td><td>15 mm - 75 mm</td></tr>
<tr><td>Field of View Horizontal</td><td>68°</td></tr>
<tr><td>Field of View Vertical</td><td>51°</td></tr>
<tr><td>Illumination</td><td>White LED</td></tr>
<tr><td>Image Sensor</td><td>640 x 480 CMOS</td></tr>
<tr><td>Minimal Print Contrast</td><td>25%</td></tr>
<tr><td>Motion Tolerance</td><td>1.5 m/s</td></tr>
<tr><td>Scan Angle Pitch</td><td>±60°</td></tr>
<tr><td>Scan Angle Roll</td><td>360°</td></tr>
<tr><td>Scan Angle Skew</td><td>±60°</td></tr>
<tr><td>Current @ 5VDC Operating</td><td>Non NFC: 215 mA (typical), 578 mA (max), NFC: 253 mA (typical), 736 mA (max)</td></tr>
<tr><td>Current @ 5VDC Standby</td><td>Non NFC: 120 mA, NFC: 144  mA</td></tr>
<tr><td>Dimensions</td><td>With foam: 61.5(W) x 65.5(D) x 18.8(H) mm, With glass: 61.5(W) x 18.5(D) x 18.3(H) mm</td></tr>
<tr><td>Input Voltage</td><td>5 VDC ±5%</td></tr>
<tr><td>Interfaces</td><td>USB, RS-232, TTL-232</td></tr>
<tr><td>Notifications</td><td>Beep</td></tr>
<tr><td>Power Consumption</td><td>Non NFC: 1.07 W, NFC: 1.26 W</td></tr>
<tr><td>Weight</td><td>With foam: 27.4 g, With glass: 36.4 g</td></tr>
<tr><td>NFC</td><td>NFC Function Available, Reading distance of NFC card 0-40mm (typical)</td></tr>
<tr><td>Ambient Light</td><td>0 to 100,000 lux (natural light)</td></tr>
<tr><td>Humidity</td><td>5% to 95% (non-condensing)</td></tr>
<tr><td>Operating Temperature</td><td>-20°C to 60°C (-4°F to 140°F)</td></tr>
<tr><td>Storage Temperature</td><td>-40°C to 70°C (-40°F to 158°F)</td></tr>
<tr><td>Configuration Tools</td><td>EasySet</td></tr>
<tr><td>Certifications Hardware</td><td>CE EMC Class B, FCC Part15 Class B, RoHS</td></tr>
<tr><td>Warranty Standard</td><td>2 Years</td></tr>
<tr><td>Accessories Standard</td><td>75mm flexible flat cable (FFC), USB cable, RS-232 cable</td></tr>
<tr><td>Part Number</td><td>Description</td></tr>
<tr><td>NLS-EM20-85-02</td><td>2D CMOS Area Imager, Slim Type, customer facing scanner, CMOS 640 x 480 , All-in-one, TTL-232/USB interface with FFC (flexible flat cable), 8-PIN connector for USB/RS232 direct connection to host, Buzzer, with foam (no glass), NFC reading</td></tr>
<tr><td>NLS-EM20-85-03</td><td>2D CMOS Area Imager, Slim Type, customer facing scanner, CMOS 640 x 480 , All-in-one, TTL-232/USB interface with FFC (flexible flat cable), 8-PIN connector for USB/RS232 direct connection to host, Buzzer, with glass, NFC reading</td></tr>
</tbody>
</table>",,,,,,,,
https://www.newland-id.com/en/products/touch-panel-computers/nquire-1000-manta-iii,touch-panel-computers,Newland,,,NQuire 1000 Manta III,NQuire 1000 Manta III,https://www.newland-id.com/datasheets/14/nquire-1000-manta-iii.pdf,https://newlandemea.katanapim.com/content/images/thumbs/000/0000518_nq1000_1.png,"The NQuire 1000 Manta III micro kiosk offers a 10” touchscreen display for increased interactivity and user engagement. Equipped with the reliable Android 13, it provides a feature-rich and familiar environment for third-party and custom-made apps.","1D: All major 1D symbologies
2D: All major 2D symbologies
Depth of Field Code 39 (5mil): 110 mm - 290 mm",,,,"<table class=""Table_Products_Style"">
<thead>
<tr>
<th>Thông số kỹ thuật</th>
<th>Chi tiết</th>
</tr>
</thead>
<tbody>
<tr><td>1D</td><td>All major 1D symbologies</td></tr>
<tr><td>2D</td><td>All major 2D symbologies</td></tr>
<tr><td>Depth of Field Code 39 (5mil)</td><td>110 mm - 290 mm</td></tr>
<tr><td>Depth of Field DataMatrix (10mil)</td><td>110 mm - 260 mm</td></tr>
<tr><td>Depth of Field EAN 13 (13mil)</td><td>70 mm - 610 mm</td></tr>
<tr><td>Depth of Field PDF417 (6.7mil)</td><td>110 mm - 230 mm</td></tr>
<tr><td>Depth of Field QR (15mil)</td><td>55 mm - 410 mm</td></tr>
<tr><td>Current Operating System</td><td>Android 13, GMS</td></tr>
<tr><td>Memory Flash</td><td>64GB</td></tr>
<tr><td>Memory RAM</td><td>4GB</td></tr>
<tr><td>Processor</td><td>2.0 GHz octa-core, 64-bit</td></tr>
<tr><td>AC Adapter</td><td>12 V, 3 A</td></tr>
<tr><td>Buttons</td><td>Up/down keys, Vol+/Vol-keys, Menu Key</td></tr>
<tr><td>Dimensions</td><td>251.7(W) × 173.5(D) × 32(H) mm</td></tr>
<tr><td>Display/Touch Panel</td><td>10.1”(1280 x 800), brightness: 290 nits, Capacitive touchscreen</td></tr>
<tr><td>Front camera</td><td>8 MP</td></tr>
<tr><td>Interfaces</td><td>USB-C, USB-A, Ethernet, GPIO, MicroSD Card</td></tr>
<tr><td>Keypad</td><td>5 keys</td></tr>
<tr><td>Modules</td><td>Built in 4G module</td></tr>
<tr><td>Notifications</td><td>Speaker, Multi-color LEDs</td></tr>
<tr><td>Power over Ethernet</td><td>RJ45 IEEE 802.3 af/at</td></tr>
<tr><td>Sensors</td><td>Gravity Sensor, Infrared sensor</td></tr>
<tr><td>SIM/TF</td><td>Nano+Nano, Nano+TF</td></tr>
<tr><td>GPS</td><td>Beidou, GLONASS, Galileo, GPS (AGPS)</td></tr>
<tr><td>NFC</td><td>13.56MHz RFID: ISO14443A/B, MIFARE, FeliCa, NFC Forum Tags, ISO15693. Supports ID card reading, supports reader/writer modes. (optional NFC module is required)</td></tr>
<tr><td>WLAN RADIO</td><td>IEEE 802.11 a/b/g/n/ac, support 2.4G and 5G dual frequency</td></tr>
<tr><td>WPAN RADIO</td><td>Bluetooth 5.2</td></tr>
<tr><td>WWAN RADIO</td><td>2G: 850/900/1800/1900MHz; 3G: WCDMA (B1, B2, B5, B8); CDMA:1X EVDO (BC0); TD-SCDMA: B34/39; 4G: TDD-LTE(B34,B38, B39, B40, B41), FDD-LTE(B1, B2, B3, B5, B7, B8, B20, B28 a&b)</td></tr>
<tr><td>Electro Static Discharge (ESD)</td><td>±12 kV (air discharge), ±6 kV (direct discharge)</td></tr>
<tr><td>Humidity</td><td>5% to 95% (non-condensing)</td></tr>
<tr><td>IP Rating</td><td>IP54 (front only)</td></tr>
<tr><td>Operating Temperature</td><td>-10°C to 50°C (14°F to 122°F)</td></tr>
<tr><td>Storage Temperature</td><td>-20°C to 60°C (-4°F to 140°F)</td></tr>
<tr><td>MDM (certified)</td><td>Ndevor</td></tr>
<tr><td>Comprehensive Service Contract</td><td>3 Years, 5 Years</td></tr>
<tr><td>Warranty Extension</td><td>+1 Year, +3 Years</td></tr>
<tr><td>Warranty Standard</td><td>2 Years</td></tr>
<tr><td>Accessories Optional</td><td>Multiplug adapter, Desktop stand Vesa75, Wall mount bracket Vesa75, MSR reader module, NFC reader module, NQuire IO Kit</td></tr>
<tr><td>Accessories Standard</td><td>Multiplug adapter, Wall mount bracket Vesa75</td></tr>
<tr><td>All versions</td><td>NQuire 1000 Manta III, Wall mount bracket, Multiplug adapter</td></tr>
<tr><td>Part Number</td><td>Description</td></tr>
<tr><td>NLS-NQUIRE1000-W4-SP</td><td>NQuire 1000 Manta III Micro Kiosk with 10"" Touch Screen, 2D CMOS Mega Pixel imager with Laser Aimer (CM6x, Portrait), 8MP front camera, BT, 4G, GPS, WiFi and POE. Incl. wall mount bracket and multiplug adapter. OS: Android 13 GMS</td></tr>
<tr><td>NLS-NQUIRE1000-W4-SL</td><td>NQuire 1000 Manta III Micro Kiosk with 10"" Touch Screen, 2D CMOS Mega Pixel imager with Laser Aimer (CM6x, Landscape), 8MP front camera, BT, 4G, GPS, WiFi and POE. Incl. wall mount bracket and multiplug adapter. OS: Android 13 GMS</td></tr>
</tbody>
</table>",,,,,,,,
https://www.newland-id.com/en/products/presentation-scanners/fr27-urchin,presentation-scanners,Newland,,,Fr27,FR27 Urchin,https://www.newland-id.com/datasheets/12/fr27-urchin.pdf,https://newlandemea.katanapim.com/content/images/thumbs/000/0000270_fr27_1.png,"The FR27 Urchin, Newlands smallest presentation scanner, strikes the perfect balance between performance and play. Its large scan window and outstanding motion tolerance makes self-service scanning a breeze. All whilst maintaining a small & sleek footprint, fit to enhance your countertop design.","1D: All major 1D symbologies.
2D: All major 2D symbologies, including QR Code, Data Matrix, Aztec, Micro PDF, Micro QR, PDF417.
Depth of Field DataMatrix (10mil): 30 mm - 45 mm",,,,"<table class=""Table_Products_Style"">
<thead>
<tr>
<th>Thông số kỹ thuật</th>
<th>Chi tiết</th>
</tr>
</thead>
<tbody>
<tr><td>1D</td><td>All major 1D symbologies.</td></tr>
<tr><td>2D</td><td>All major 2D symbologies, including QR Code, Data Matrix, Aztec, Micro PDF, Micro QR, PDF417.</td></tr>
<tr><td>Depth of Field DataMatrix (10mil)</td><td>30 mm - 45 mm</td></tr>
<tr><td>Depth of Field EAN 13 (13mil)</td><td>20 mm - 105 mm</td></tr>
<tr><td>Depth of Field PDF417 (6.67mil)</td><td>30 mm - 40 mm</td></tr>
<tr><td>Depth of Field QR (15mil)</td><td>0 mm - 85 mm</td></tr>
<tr><td>Field of View Diagonal</td><td>84.8˚</td></tr>
<tr><td>Field of View Horizontal</td><td>68°</td></tr>
<tr><td>Field of View Vertical</td><td>51˚</td></tr>
<tr><td>Illumination</td><td>White LED</td></tr>
<tr><td>Image Sensor</td><td>640 x 480 CMOS</td></tr>
<tr><td>Minimal Print Contrast</td><td>20%</td></tr>
<tr><td>Motion Tolerance</td><td>2.7 m/s</td></tr>
<tr><td>Scan Angle Pitch</td><td>±75°</td></tr>
<tr><td>Scan Angle Roll</td><td>360°</td></tr>
<tr><td>Scan Angle Skew</td><td>±75°</td></tr>
<tr><td>Scan Modes</td><td>Sense Mode, Continuous Mode</td></tr>
<tr><td>Current @ 5VDC Operating</td><td>140 mA (typical)</td></tr>
<tr><td>Current @ 5VDC Standby</td><td>100 mA (typical)</td></tr>
<tr><td>Dimensions</td><td>66.3(W) x 76.3(D) x 38(H) mm</td></tr>
<tr><td>Input Voltage</td><td>5 VDC ±5%</td></tr>
<tr><td>Interfaces</td><td>USB</td></tr>
<tr><td>Power Consumption</td><td>698 mW</td></tr>
<tr><td>Weight</td><td>120 g</td></tr>
<tr><td>Ambient Light</td><td>0 to 100,000 lux (natural light)</td></tr>
<tr><td>Drop</td><td>1.5 m</td></tr>
<tr><td>Electro Static Discharge (ESD)</td><td>±8 kV (direct discharge), ±12 kV (air discharge)</td></tr>
<tr><td>Humidity</td><td>5% to 95% (non-condensing)</td></tr>
<tr><td>IP Rating</td><td>IP42</td></tr>
<tr><td>Operating Temperature</td><td>-20°C to 60°C (-4°F to 140°F)</td></tr>
<tr><td>Storage Temperature</td><td>-40°C to 70°C (-40°F to 158°F)</td></tr>
<tr><td>Configuration Tools</td><td>EasySet</td></tr>
<tr><td>Certifications Hardware</td><td>FCC, RoHS, VCCI, CE</td></tr>
<tr><td>Warranty Standard</td><td>5 Years</td></tr>
<tr><td>Accessories Standard</td><td>USB cable</td></tr>
<tr><td>All versions</td><td>FR27 Urchin, 1.5 meter direct USB cable</td></tr>
<tr><td>Part Number</td><td>Description</td></tr>
<tr><td>NLS-FR2780-B-20</td><td>FR27 Urchin 2D CMOS Desktop Area Imager Reader, Black color with 1,5 mtr. direct USB cable.</td></tr>
<tr><td>NLS-FR2780-20</td><td>FR27 Urchin 2D CMOS Desktop Area Imager Reader, White color with 1,5 mtr. direct USB cable.</td></tr>
</tbody>
</table>",,,,,,,,